137,part,17067,1149975492,1144749468,3137856612,1049927990,999533220,3221793076
137,part,17653,1156065570,1143277273,3227231328,1093316090,0,0
137,part,17654,1152058811,1145918505,3210170788,3185416720,1048863429,0
137,part,17655,1157934411,1131585151,1108492846,3230773392,1060432521,0
137,part,17878,1154420122,1141586388,0,0,0,0
137,part,17892,1147414429,1145024117,3187881664,1061300429,1083262192,1085616791
137,part,17912,1151986355,1145928848,3183539264,3176767232,0,0
137,part,17937,1150906069,1144806695,1069267588,1071676540,1081608914,1086178793
137,part,17943,1136188020,1143216957,1058218342,1085010396,0,0
137,part,17944,1151607798,1144974465,1091685725,1091822201,1081325423,1086362963
137,part,17948,1149766733,1144780979,3158553620,1050226860,0,0
137,part,17951,1152392092,1143700269,0,0,0,0
137,part,17952,1147090992,1144967727,3238846211,1091058578,1078464621,1084232492
137,part,17956,1153780842,1143211801,3235401760,1095402095,0,0
137,part,17957,1154413480,1142993095,1029618304,1094202568,0,0
137,part,17958,1152767485,1143421907,0,0,0,0
137,part,17959,1146324116,1145083788,3238507764,1090304703,1078231212,1084439264
137,part,17962,1154412722,1142887283,1027972096,1093633226,0,0
137,part,17963,1154197264,1143001446,3223429346,1094326183,0,0
137,part,17965,1147881802,1144507148,3237536681,1085042516,1077780329,1085414400
137,part,17978,1153896708,1142649743,3234326440,1094098775,0,0
137,part,17981,1153797740,1142647995,3237069335,1094087594,0,0
137,part,17982,1154306960,1142001405,3215679704,1089799180,0,0
137,part,17983,1154288870,1142031941,3217533285,1090399760,0,0
137,part,17985,1154412625,1141587215,0,0,0,0
137,part,17993,1155383709,1141058150,1097616440,3214506568,0,0
137,part,17994,1147075494,1145005210,3239842135,1089248654,1080238872,1087861682
137,part,17999,1151421280,1144277244,1088404161,1078094126,1079182018,1087857566
137,part,18003,1150075342,1144848349,0,3134807040,0,0
137,part,18005,1154007630,1142679144,3232822765,1092863566,0,0
137,part,18006,1153816350,1142701066,3238359120,1093025451,0,0
137,part,18007,1154119824,1142575703,3229992969,1092099689,0,0
137,part,18008,1154139040,1142561574,3229667487,1091995350,0,0
137,part,18012,1150546264,1144749126,0,0,0,0
137,part,18015,1150301025,1144743617,0,1065353149,0,0
137,part,18016,1150220446,1144797277,0,1068149374,0,0
137,part,18017,1150303261,1144728060,0,1065353149,0,0
137,part,18018,1150210458,1144809863,0,1065353149,0,0
137,part,18019,1150255312,1144741504,0,1065297683,0,0
137,part,18022,1150305632,1144749401,0,1068135462,0,0
137,part,18023,1150302650,1144726504,0,1065353149,0,0
137,part,18025,1150302537,1144727096,0,1065353149,0,0
137,part,18026,1150301248,1144728096,0,1065353149,0,0
137,part,18027,1150239792,1144790227,0,1065311745,0,0
137,part,18029,1150260861,1144748703,0,1068135445,0,0
137,part,18030,1150301209,1144727812,0,1065353149,0,0
137,part,18031,1150300439,1144726916,0,1065353149,0,0
137,part,18032,1150294686,1144726531,0,1065353149,0,0
137,part,18034,1150206436,1144809564,0,1065353149,0,0
137,part,18036,1150209302,1144792346,0,1065353149,0,0
137,part,18041,1150224054,1144793183,0,1065353149,0,0
137,part,18049,1150283640,1144744386,0,1065353149,0,0
137,part,18051,1150278778,1144744527,0,1065353149,0,0
137,part,18052,1151659979,1144389460,3239492457,1091482409,0,0
137,part,18053,1151788396,1144399002,3237289324,1091555695,0,0
137,part,18054,1151846463,1144383849,3235756476,1091439309,0,0
137,part,18055,1151743830,1144408527,3238581887,1091628860,0,0
137,part,18056,1152164555,1144010279,3222859259,1086873203,0,0
137,part,18057,1152384376,1143716450,0,0,0,0
137,part,18058,1152224772,1143848168,0,3139556608,0,0
137,part,18876,1149124607,1144586489,3236656273,1067816137,0,0
137,part,18067,1150535404,1144354834,1091127681,1079491316,1074422802,1085313658
137,part,18071,1150394375,1144765672,0,0,0,0
137,part,18072,1150204808,1144792982,0,1065353149,0,0
137,part,18073,1150184318,1144809233,0,1065353149,0,0
137,part,18075,1151161488,1144276004,1090941658,1078014544,1074581074,1085948224
137,part,18875,1149124607,1144586489,3234470034,1049463370,0,0
137,part,18874,1149124607,1144586489,3241747815,3232282372,0,0
137,part,18083,1150152449,1144831334,0,0,0,0
137,part,18087,1149891394,1144778992,3186328088,3186917184,0,0
137,part,18088,1150301452,1144604069,1099859106,1086304462,0,0
137,part,18089,1149929389,1144289460,1094316465,1079495651,0,0
137,part,18090,1150091280,1144830596,0,3126454272,0,0
137,part,18091,1152072519,1144024500,3238174593,1090675962,0,0
137,part,18092,1152385672,1143682527,0,3160698368,0,0
137,part,18093,1152281468,1143799628,0,3148076544,0,0
137,part,18873,1149124607,1144586489,3245259357,3229952108,0,0
137,part,18095,1150134276,1144848377,0,0,0,0
137,part,18097,1150132939,1144847439,0,0,0,0
137,part,18106,1152751786,1143404648,0,3143194624,0,0
137,part,18111,1152758716,1143405386,0,0,0,0
137,part,18114,1152769139,1143405181,0,0,0,0
137,part,18117,1150153548,1144831417,0,0,0,0
137,part,18120,1150125437,1144847799,0,0,0,0
137,part,18121,1153366342,1143205758,3176250010,3168864640,0,0
137,part,18122,1147859036,1144392550,3238837646,1077165801,1072719800,1084544839
137,part,18124,1150091264,1144831317,0,3126454272,0,0
137,part,18125,1150124050,1144846677,0,0,0,0
137,part,18126,1149715692,1144814155,1011489240,1070935780,0,0
137,part,18129,1150131617,1144848182,0,0,0,0
137,part,18130,1149622283,1144794016,0,1051205318,0,0
137,part,18131,1150058486,1144864764,0,0,0,0
137,part,18137,1147028261,1144531363,3238950037,1072870300,1074412310,1088284577
137,part,18140,1149660558,1144733913,3200953920,1069037236,0,0
137,part,18872,1149124607,1144586489,3252850433,3222684596,0,0
137,part,18142,1149618012,1144632838,1090559164,1078525202,0,0
137,part,18143,1147755878,1144124818,3244563475,3221341704,0,0
137,part,18144,1149073753,1144715761,0,0,0,0
137,part,18145,1149121223,1144766770,1062713376,1083634227,0,0
137,part,18147,1148126804,1144162093,3240606866,3218277148,1075886344,2147483648
137,part,18148,1149121206,1144627008,1061400160,1046667888,1077715405,2147483648
137,part,18151,1150044360,1144165758,1099193102,1054317942,0,0
137,part,18152,1149986597,1144328527,1098246056,1074064342,0,0
137,part,18153,1150234752,1144786711,1083953312,1060802381,0,0
137,part,18154,1150115840,1144863613,0,0,0,0
137,part,18155,1147291400,1144937744,3240696268,1087274122,0,0
137,part,18156,1147996781,1144742304,3225299579,1083229525,0,0
137,part,18158,1148576140,1144228018,3237268328,3167150944,1071364584,1087551158
137,part,18161,1150058496,1144847031,806827396,3134736128,0,0
137,part,18162,1150091264,1144831143,0,3126454272,0,0
137,part,18163,1137175248,1143274258,1087046066,1086425534,0,0
137,part,18164,1150001152,1144754260,0,1059746854,0,0
137,part,18168,1149976213,1144704637,3205534204,1080530276,1088211063,3226137650
137,part,18169,1149894613,1144761130,3222453793,1083258605,1090662124,1071869721
137,part,18170,1149725760,1144831177,1027293332,1053435216,1088571483,3223254252
137,part,18171,1149992735,1144700008,3167933696,1077127649,1088677323,3222407451
137,part,18173,1149722176,1144813299,1040373505,1049026562,1092276350,1090381988
137,part,18174,1149884267,1144711742,1051598476,1073789688,1092918009,1094435996
137,part,18183,1149945756,1144748622,1014681088,1075112504,0,0
137,part,18184,1149812373,1144780164,1023776403,1051208552,0,0
137,part,18185,1150042112,1144863630,0,1051372158,0,0
137,part,18186,1150074880,1144846753,0,3134807040,0,0
137,part,18187,1150418722,1144781529,0,0,0,0
137,part,18196,1150221574,1144704918,1085083200,1074131240,0,0
137,part,18197,1149992992,1144755356,0,1059719083,0,0
137,part,18871,1149124607,1144586489,3249057207,1074650822,0,0
137,part,18199,1146884610,1145093617,1027748784,1049059946,0,0
137,part,18201,1152852892,1142480641,1121152750,3251667659,0,0
137,part,18202,1147973355,1144599157,3239195876,1075462678,1068687534,1084329114
137,part,18204,1149350184,1144404228,3247737747,1078224365,0,0
137,part,18205,1149713058,1144729486,1021556484,1049848018,0,0
137,part,18206,1149729056,1144506978,3237782804,1083212534,0,0
137,part,18207,1150124032,1144847318,0,0,0,0
137,part,18208,1150001159,1144754299,0,1059746854,0,0
137,part,18209,1150058496,1144847403,0,3134807040,0,0
137,part,18212,1150051498,1144864175,0,1051372158,0,0
137,part,18213,1150047224,1144864590,0,0,0,0
137,part,18214,1150054030,1144863553,0,0,0,0
137,part,18216,1150039870,1144863268,0,0,0,0
137,part,18217,1150045448,1144864582,0,0,0,0
137,part,18219,1150036098,1144863171,0,0,0,0
137,part,18220,1150025728,1144847880,0,3126454272,0,0
137,part,18222,1150025736,1144840595,0,1068100440,0,0
137,part,18224,1151130468,1144174303,1089278702,3224150140,1069221555,1087934825
137,part,18225,1150091264,1144830440,0,3126454272,0,0
137,part,18226,1150124032,1144846752,0,0,0,0
137,part,18227,1150074880,1144846712,0,3134807040,0,0
137,part,18228,1150419454,1144798984,0,0,0,0
137,part,18229,1150402827,1144781589,0,0,0,0
137,part,18230,1150116152,1144847179,0,1051093118,0,0
137,part,18231,1150419256,1144798145,0,1051288670,0,0
137,part,18232,1154235518,1141671159,3237652574,1085115298,0,0
137,part,18233,1149995177,1144753885,0,1065250241,0,0
137,part,18234,1149971370,1144766714,1017001940,1051366587,0,0
137,part,18235,1150519170,1144664107,1088988740,1073849925,0,0
137,part,18236,1150337600,1144548506,1058996026,1045827888,0,0
137,part,18237,1150328523,1144665165,3153192960,1076537983,0,0
137,part,18238,1150457808,1144672253,1084905255,1074475577,0,0
137,part,18239,1150275908,1144567609,3215674009,1057951879,0,0
137,part,18240,1150556026,1144659034,1091798465,1073178946,0,0
137,part,18241,1150264036,1144578180,3216803025,1061199370,0,0
137,part,18242,1150360426,1144595203,1073981662,1068407736,0,0
137,part,18243,1150332046,1144539309,1065502200,1064357678,0,0
137,part,18244,1150247016,1144581583,3221628306,1073803551,0,0
137,part,18245,1150244106,1144592131,3222076583,1075871979,0,0
137,part,18246,1150243576,1144611429,3222156708,1078612321,0,0
137,part,18248,1150279700,1144747351,0,1068149374,0,0
137,part,18249,1150120546,1144749730,1083930018,1070885780,0,0
137,part,18250,1149971259,1144673362,3205284897,1054923566,0,0
137,part,18251,1150000894,1144686905,1065178450,1060566562,0,0
137,part,18252,1149992893,1144670171,1059713342,1060447298,0,0
137,part,18253,1150013834,1144755076,1072477793,1074168147,0,0
137,part,18254,1150016084,1144766175,1073245930,1076513428,0,0
137,part,18255,1150083216,1144828906,0,3134770176,0,0
137,part,18256,1150081952,1144824866,3176223726,1075853185,0,0
137,part,18258,1154935832,1141256617,1016340480,1065188561,0,0
137,part,18259,1155022953,1141191056,0,1051204390,0,0
137,part,18260,1155084288,1141176278,1077149761,1072641506,0,0
137,part,18261,1154982328,1141103318,3220007092,1058204559,0,0
137,part,18262,1154864888,1141303189,3237176290,1082179922,0,0
137,part,18263,1155037768,1141099745,1050525777,3196324014,0,0
137,part,18264,1155005272,1141088854,3214344582,1048096512,0,0
137,part,18265,1155029352,1141065997,3181277084,1036119136,0,0
137,part,18266,1154990747,1141218124,1014199296,1068086574,0,0
137,part,18267,1155000424,1141115077,3219349824,1055892062,0,0
137,part,18268,1155024580,1141164453,1004365312,1070945566,0,0
137,part,18269,1155095824,1141176755,1076219685,1076383199,0,0
137,part,18270,1154994360,1141154870,3223024650,1071676948,0,0
137,part,18271,1155062992,1141074495,1060534635,1049891824,0,0
137,part,18272,1149971832,1144728356,1057513587,1065725982,0,0
137,part,18273,1149976040,1144754542,1066195279,1070753694,0,0
137,part,18274,1149981608,1144761621,1068333865,1074500255,0,0
137,part,18275,1149955808,1144764309,1057790291,1072629062,0,0
137,part,18276,1149943815,1144746329,932688288,1051036614,0,0
137,part,18278,1150025728,1144699630,952362678,1076413484,0,0
137,part,18280,1150157553,1144416565,1091041220,1043159264,1063849910,1087599739
137,part,18281,1150025728,1144701612,3092984702,1075015301,0,0
137,part,18283,1150798001,1144207034,1091088590,3223973628,1059504968,1086702286
137,part,18284,1150467473,1144356599,3189367449,3204927185,0,1114636288
137,part,18285,1150465121,1144355968,3197180115,3197675231,0,1114636288
137,part,18286,1152969404,1143309730,3240448324,1077421609,0,0
137,part,18287,1153176794,1143183958,1075107738,1025513408,0,0
137,part,18288,1153026396,1143286611,3237695885,1076559565,0,0
137,part,18289,1153002650,1143298830,3239893477,1078123686,0,0
137,part,18290,1153206292,1143239706,3154192384,0,0,0
137,part,18291,1153027462,1143305538,3238829614,1078982361,0,0
137,part,18292,1153191838,1143153077,1067401543,3211215061,0,0
137,part,18293,1153181122,1143134540,1058471727,3212317745,0,0
137,part,18294,1153138588,1143136768,3221251556,1036691680,0,0
137,part,18295,1153188996,1143134583,1058146540,3212295877,0,0
137,part,18296,1153134258,1143188418,3224457249,1066822948,0,0
137,part,18297,1153222180,1143224607,0,3126328832,0,0
137,part,18298,1153206686,1143128719,1066615224,3206909070,0,0
137,part,18299,1153231940,1143179851,1076642648,1068823926,0,0
137,part,18300,1153196498,1143098471,1057441030,3205619038,0,0
137,part,18301,1153176058,1143154035,3214676010,3210724381,0,0
137,part,18302,1153157320,1143171691,3222747595,1042852384,0,0
137,part,18303,1153240558,1143186043,1076751373,1066214859,0,0
137,part,18304,1153157758,1143145148,3222634791,1062915188,0,0
137,part,18305,1153202266,1143086271,1052959650,3202505580,0,0
137,part,18306,1153225782,1143156014,1068002122,3209711301,0,0
137,part,18307,1153244178,1143167287,1075581834,1057473531,0,0
137,part,18308,1153174716,1143132362,3219555961,3172041456,0,0
137,part,18309,1153209228,1143098451,1050432236,3205629238,0,0
137,part,18310,1153163940,1143165144,3223149741,1073447530,0,0
137,part,18311,1153197888,1143074632,3200647560,3197646526,0,0
137,part,18312,1153262804,1143220288,1078252505,1070787348,0,0
137,part,18313,1153256504,1143174538,1076640450,1061185800,0,0
137,part,18314,1153167254,1143177015,3224399136,1068098116,0,0
137,part,18315,1153218536,1143082656,1052720802,3205327890,0,0
137,part,18316,1153229492,1143065546,1065707267,3180903992,0,0
137,part,18317,1153190878,1143154072,3219670971,3200185676,0,0
137,part,18318,1153227370,1143110355,1054036829,3207922669,0,0
137,part,18319,1153272510,1143196711,1076542763,1064149662,0,0
137,part,18320,1153229766,1143087810,1030817332,3200929572,0,0
137,part,18321,1153206186,1143090608,3216027225,1044566528,0,0
137,part,18322,1153222814,1143146013,3210577385,3206443290,0,0
137,part,18323,1153261682,1143120908,1069606080,1038835584,0,0
137,part,18324,1153259324,1143082539,1068399206,1055085430,0,0
137,part,18325,1153211456,1143078547,3217524148,1062370346,0,0
137,part,18326,1153201996,1143230947,3223893007,1073515878,0,0
137,part,18327,1153206772,1143184622,3222671004,1065851152,0,0
137,part,18328,1153220344,1143137400,3217165268,1039279104,0,0
137,part,18329,1153274698,1143135471,1072075800,1057960415,0,0
137,part,18330,1153229776,1143101241,3211839806,1014094848,0,0
137,part,18331,1153277824,1143129536,1073676190,1068526428,0,0
137,part,18332,1153247356,1143068885,1040696797,1021314944,0,0
137,part,18333,1153249354,1143043777,1048723613,1048947928,0,0
137,part,18334,1153263712,1143045117,1066452488,1062030802,0,0
137,part,18335,1153220620,1143056787,3217024938,1070873946,0,0
137,part,18336,1153245906,1143151012,3202974589,3203319332,0,0
137,part,18337,1153258128,1143137257,1049914588,3200627044,0,0
137,part,18338,1153274124,1143136178,1067586509,1034274080,0,0
137,part,18339,1153220874,1143147216,3221090643,1073052268,0,0
137,part,18340,1153231572,1143089958,3215611329,1059823870,0,0
137,part,18341,1153229172,1143075102,3216842241,1067173922,0,0
137,part,18342,1153250790,1143033268,3189880824,1054963606,0,0
137,part,18343,1153262042,1143154066,1022235653,3200191508,0,0
137,part,18344,1153226690,1143189222,3221766428,1067028448,0,0
137,part,18345,1153227950,1143175386,3221443795,1067680868,0,0
137,part,18346,1153243892,1143051010,3213497111,1065048626,0,0
137,part,18347,1153299370,1143181778,1072125942,1056043430,0,0
137,part,18348,1153255228,1143134195,3210939302,1017596288,0,0
137,part,18349,1153277800,1143103707,1056648078,1035491776,0,0
137,part,18350,1153300342,1143144676,1072622394,1072402196,0,0
137,part,18351,1153299210,1143167256,1067848595,1022403200,0,0
137,part,18352,1153242504,1143193916,3221911371,1068230312,0,0
137,part,18353,1153321064,1143199212,1074293127,1065391764,0,0
137,part,18354,1153252340,1143178528,3221491107,1068485412,0,0
137,part,18355,1153253282,1143167545,3221250189,1069867972,0,0
137,part,18356,1153284166,1143157954,3206474297,3196210238,0,0
137,part,18357,1153305862,1143145724,1060376261,3187853404,0,0
137,part,18358,1153260856,1143179335,3221408089,1072886102,0,0
137,part,18359,1153264246,1143144934,3219853055,1068273746,0,0
137,part,18360,1153271398,1143110220,3216192124,1061809286,0,0
137,part,18361,1149861888,1144777936,895713008,1066891743,0,0
137,part,18364,1149404022,1144445763,1088382284,3213312034,0,0
137,part,18365,1149411708,1144538234,1089366369,1071773354,0,0
137,part,18366,1149576798,1144233951,1099708049,3236997462,0,0
137,part,18367,1149071633,1144652507,1061408576,1059182557,0,0
137,part,18368,1148597552,1144328331,3249429192,3232447256,0,0
137,part,18369,1148985603,1144526663,3240049470,1060348010,0,0
137,part,18370,1148020154,1144386028,3256723780,3227895188,0,0
137,part,18371,1148604056,1144315647,3249325186,3233259029,1077086925,2147483648
137,part,18372,1149031929,1144651661,1055938803,1043694524,1079483329,2147483648
137,part,18375,1150116497,1144848051,991694240,3154157312,0,0
137,part,18376,1147400839,1145005453,1056079387,1065510068,0,0
137,part,18377,1149093665,1144818768,1032368444,1068558550,0,0
137,part,18378,1153309603,1143171401,1057271275,3189099244,0,0
137,part,18379,1153325048,1143170698,1070800942,1070620986,0,0
137,part,18380,1153321273,1143134495,1068480449,1063711938,0,0
137,part,18381,1153303800,1143158366,3204565168,3166806624,0,0
137,part,18382,1153295680,1143139650,3213690247,1056661278,0,0
137,part,18383,1153303155,1143116294,3205353359,1047611248,0,0
137,part,18384,1153305000,1143100857,3201723668,1049258096,0,0
137,part,18385,1153341287,1143175427,1070712236,1067040507,0,0
137,part,18386,1153300342,1143134756,3215857324,1063872501,0,0
137,part,18387,1153318269,1143159580,3206916184,1017817216,0,0
137,part,18388,1153304144,1143182424,3218556334,1069190072,0,0
137,part,18389,1153343909,1143142942,1067288359,1058835233,0,0
137,part,18390,1153311714,1143126419,3213903100,1058749985,0,0
137,part,18391,1153344299,1143118094,1067530429,1063701264,0,0
137,part,18392,1153313269,1143096224,3212949023,1060330836,0,0
137,part,18393,1153353226,1143159663,1067980165,1059042447,0,0
137,part,18394,1153328786,1143129934,3203664504,1040870016,0,0
137,part,18395,1153352481,1143131562,1067521880,1061909980,0,0
137,part,18396,1153358273,1143167323,1066049593,1050400480,0,0
137,part,18397,1153351643,1143145618,1058598496,1038107520,0,0
137,part,18398,1153337848,1143129678,3201531071,1040238528,0,0
137,part,18399,1153323713,1143136901,3216597146,1070304728,0,0
137,part,18400,1153362625,1143134365,1062023776,1050166800,0,0
137,part,18401,1153357885,1143115922,1055439914,1046696608,0,0
137,part,18402,1153360640,1143006019,1059588616,1065306954,0,0
137,part,18403,1153342775,1142992387,3207004600,1066175324,0,0
137,part,18404,1153355382,1143158652,3198705716,3159876800,0,0
137,part,18405,1153363922,1143129681,1050138719,1040245216,0,0
137,part,18406,1153339512,1143151582,3216958349,1069781722,0,0
137,part,18407,1153349537,1143022898,3208757828,1065482261,0,0
137,part,18408,1153367114,1143011017,3138459648,1051372158,0,0
137,part,18409,1153368622,1142979179,1059330525,1067151191,0,0
137,part,18411,1148847876,1144477889,1080677164,1087962659,0,0
137,part,18412,1149251871,1144706084,1100432672,1098003588,0,0
137,part,18413,1148889076,1144421243,1084567930,1083612249,0,0
137,part,18415,1150149516,1144752292,1086897546,1032857888,1052696102,1086648336
137,part,18416,1149860502,1144763238,3210071168,1066792004,0,1114636288
137,part,18417,1149865063,1144741004,3203789897,1058412900,0,1114636288
137,part,18418,1150083712,1144831766,1030742038,1067360242,0,0
137,part,18419,1149092884,1144823806,1027827611,1063254392,0,0
137,part,18420,1149093740,1144840366,1035079886,1063389822,0,0
137,part,18421,1149811036,1144729732,1092977436,1076126434,0,0
137,part,18422,1149786388,1144721304,1091397592,1074508329,0,0
137,part,18423,1149785800,1144722306,1092127626,1074700767,0,0
137,part,18424,1149766992,1144719534,1091108257,1074168534,0,0
137,part,18425,1150387575,1144113176,1121605994,3242319172,0,0
137,part,18426,1148627855,1144371338,3238896691,3222191748,1057706936,1086767261
137,part,18427,1149181072,1144372368,1041127563,3199028849,0,1114636288
137,part,18428,1149962736,1144896014,1031288218,3151065856,0,0
137,part,18429,1150551654,1144622588,1090040687,3229642450,1058224776,1086121034
137,part,18430,1150288101,1144790147,3182858488,1040936842,0,1114636288
137,part,18431,1150284864,1144793855,3197754452,1059158011,0,1114636288
137,part,18432,1150083525,1144824367,1029838801,1063129602,0,0
137,part,18433,1150854385,1144733313,0,3130558976,0,0
137,part,18434,1150852891,1144726445,3213071658,1063519995,0,0
137,part,18435,1149076380,1144859609,1030168774,1065508342,0,0
137,part,18436,1149077517,1144839428,1040246202,1061774812,0,0
137,part,18437,1149079206,1144825509,1047158172,1064298979,0,0
137,part,18438,1149078942,1144808855,1046073481,1064022179,0,0
137,part,18439,1149075459,1144772682,959652352,1059760766,0,0
137,part,18440,1149075459,1144756311,952691200,1059760766,0,0
137,part,18441,1149722180,1144790314,3177073064,1061814139,0,0
137,part,18442,1150312331,1144771925,3161010688,1059760766,0,0
137,part,18443,1150337879,1144749362,1078374365,1049901380,0,0
137,part,18444,1150291148,1144718430,3223742114,3206099518,0,0
137,part,18445,1150326344,1144648523,1071194932,3210575589,0,0
137,part,18446,1150324301,1144631560,1069101103,3211168249,0,0
137,part,18447,1150312276,1144771925,3166796800,1059760766,0,0
137,part,18448,1150312044,1144711292,1064527418,3221368493,0,0
137,part,18449,1150283448,1144717041,3223490359,3207522261,0,0
137,part,18450,1150291695,1144646376,3217310609,3212774277,0,0
137,part,18451,1150323462,1144655557,1075186771,1058039686,0,0
137,part,18452,1150312273,1144767229,3168350208,1059760766,0,0
137,part,18453,1150314766,1144724864,1074928300,3214562728,0,0
137,part,18454,1150272226,1144727985,3225041552,1065097341,0,0
137,part,18455,1150297288,1144666408,1041815796,3219326192,0,0
137,part,18456,1150345949,1144754107,1088609220,3201793908,0,0
137,part,18457,1150265423,1144738360,3224330073,3200488028,0,0
137,part,18458,1150302014,1144691843,1071446455,3214692610,0,0
137,part,18459,1150319740,1144773949,3163973888,0,0,0
137,part,18460,1150263171,1144741872,3221289882,3214242974,0,0
137,part,18461,1150302723,1144755016,1077150975,1059222112,0,0
137,part,18462,1150268964,1144691614,3215421448,3214809500,0,0
137,part,18463,1150294276,1144767504,1077020741,1053503596,0,0
137,part,18464,1150268083,1144716833,3201623251,3218674642,0,0
137,part,18465,1150263187,1144690959,3212948725,3215144826,0,0
137,part,18466,1150283954,1144760325,1075930218,3173606512,0,0
137,part,18467,1150264451,1144718227,1041270548,3217960780,0,0
137,part,18468,1150276419,1144775364,1076266567,1063281516,0,0
137,part,18469,1150232725,1144734442,3218975575,3206480374,0,0
137,part,18470,1150262842,1144725462,1073276815,3190639948,0,0
137,part,18471,1150202554,1144772271,3222966029,1060115459,0,0
137,part,18472,1150203295,1144757605,3222586026,1061873800,0,0
137,part,18473,1150198199,1144770357,3220776346,3202067276,0,0
137,part,18474,1150197278,1144736842,3221472419,1057390164,0,0
137,part,18475,1150221750,1144770147,1073141834,3202497084,0,0
137,part,18476,1150213912,1144771322,1073504652,3200091428,0,0
137,part,18477,1150213105,1144755492,1072678235,3198955548,0,0
137,part,18478,1150192508,1144754988,1052225785,3215916764,0,0
137,part,18479,1150164489,1144774045,3221483410,3192967620,0,0
137,part,18480,1150345222,1144728231,977759738,1065350149,0,0
137,part,18481,1150116022,1144836010,1023947620,1057531626,0,0
137,part,18482,1150867428,1144749779,0,3124151296,0,0
137,part,18483,1150865998,1144731491,3206827434,3171953456,0,0
137,part,18484,1150874538,1144765739,0,3120812800,0,0
137,part,18485,1150880522,1144748194,1057257432,3150183680,0,0
137,part,18486,1150877078,1144730360,3186074180,3188592068,0,0
137,part,18487,1149730816,1144801737,952518656,1051372158,0,0
137,part,18488,1149714432,1144801255,952921088,1051372158,0,0
137,part,18492,1149256132,1144191432,1089834220,3224238855,3191242353,3218138565
137,part,18493,1148885456,1144290821,3247187742,1060664278,3166826752,1077954052
137,part,18494,1148979088,1144350247,3244655947,1064591637,3194647077,3226065900
137,part,18495,1149000304,1144346493,3242619229,1058825091,3181832238,1067614573
137,part,18496,1149098224,1144337934,3236433377,1037960288,3168949152,1077456612
137,part,18498,1150095692,1144755999,3207620504,1060464046,0,0
137,part,18499,1150104474,1144779702,3205810664,3218048914,0,0
137,part,18500,1150097812,1144773358,3219557642,3207840257,0,0
137,part,18501,1150089712,1144788164,3219416600,3210263357,0,0
137,part,18502,1150094510,1144765906,3211253290,3216062048,0,0
137,part,18503,1150111134,1144770104,1074321407,1056961166,0,0
137,part,18504,1150054102,1144801938,3222503403,1054091815,0,0
137,part,18505,1150054766,1144783780,3221992259,1048644231,0,0
137,part,18506,1150007766,1144805341,3219456391,3209045445,0,0
137,part,18507,1150029558,1144804515,1074586071,1059486426,0,0
137,part,18508,1150015138,1144658692,3202409983,3207806177,0,0
137,part,18509,1150018244,1144642670,1040494330,3207250145,0,0
137,part,18510,1150018308,1144627351,1041293521,3205614342,0,0
137,part,18511,1150003748,1144815094,3213043721,3216034344,0,0
137,part,18512,1149998276,1144811879,3221336464,3191056012,0,0
137,part,18513,1150000676,1144789688,3217761139,3207923917,0,0
137,part,18514,1150014928,1144754328,1065543184,3211904161,0,0
137,part,18515,1150018156,1144732731,1070499521,1033921384,0,0
137,part,18516,1150002388,1144669229,3215133716,1049064826,0,0
137,part,18517,1150009730,1144819370,1070140909,3212663437,0,0
137,part,18518,1149991158,1144807986,3219799457,3204983344,0,0
137,part,18519,1150000250,1144781910,3190369512,3216353884,0,0
137,part,18520,1150003858,1144767174,1056807506,3215087456,0,0
137,part,18521,1149991402,1144764758,3219425790,1009458048,0,0
137,part,18522,1150008916,1144743358,1068891668,3202728340,0,0
137,part,18523,1150005190,1144833045,1074745320,1048990348,0,0
137,part,18524,1149986582,1144800962,3214244838,3214304068,0,0
137,part,18525,1150004266,1144801910,1074036351,1054008125,0,0
137,part,18526,1149985458,1144772565,3215970177,3209057569,0,0
137,part,18527,1149982776,1144768168,3220090939,1051014223,0,0
137,part,18528,1149998626,1144739455,1065666602,3209583293,0,0
137,part,18529,1149982952,1144813034,3198832744,3217615692,0,0
137,part,18530,1149996492,1144817869,1074357290,1052700308,0,0
137,part,18531,1149991264,1144771042,1066942165,3211397097,0,0
137,part,18532,1149979616,1144754111,3211885666,3212238217,0,0
137,part,18533,1149975222,1144751324,3219109629,1049600360,0,0
137,part,18534,1149964728,1144831091,3221935618,1034609512,0,0
137,part,18535,1149974940,1144797793,3197727468,3216738556,0,0
137,part,18536,1149984084,1144787947,1068495706,3210596777,0,0
137,part,18537,1149979570,1144767693,1057776499,3214689374,0,0
137,part,18538,1149967376,1144763010,3218579814,3189322012,0,0
137,part,18539,1149983566,1144742056,1067701827,3205587852,0,0
137,part,18540,1150345222,1144739155,983434652,1059757132,0,0
137,part,18541,1150320642,1144755540,970320882,1059759094,0,0
137,part,18542,1149307571,1144564389,1112666958,3209339914,0,0
137,part,18543,1147823478,1144554093,3237364862,3230350113,1042113722,1084417128
137,part,18544,1148271930,1144600928,1053333160,3197776077,0,1114636288
137,part,18545,1149141071,1144255609,3220064628,3242001369,0,0
137,part,18546,1149134554,1144280706,3223016003,3239718872,0,0
137,part,18547,1149148719,1144186172,3214787242,3247620347,0,0
137,part,18548,1149076276,1144172991,3237362362,3248236803,0,0
137,part,18549,1149209721,1144243675,1082569135,3243470696,0,0
137,part,18550,1149256459,1144132544,1092521280,3250128534,0,0
137,part,18551,1149131316,1144331035,3224764795,3232836358,0,0
137,part,18552,1149137915,1144355994,3222291005,3226591903,0,0
137,part,18553,1149310832,1144545211,1098959372,3227812376,0,0
137,part,18554,1149318002,1144588315,1099647667,1052799780,0,0
137,part,18555,1149294950,1144588442,1095961734,1053189964,0,0
137,part,18556,1150075009,1144832863,1027704852,1042400755,0,0
137,part,18557,1150885890,1144783404,975484928,0,0,0
137,part,18558,1150885830,1144764211,3165423224,3201514458,0,0
137,part,18559,1150894287,1144765117,1033570485,3195833896,0,0
137,part,18560,1149971025,1144861630,1064805070,3205699184,0,0
137,part,18561,1149964912,1144850148,3215112933,1051026117,0,0
137,part,18562,1149971588,1144832072,1066806236,1012470208,0,0
137,part,18563,1149968893,1144811179,1044298578,3209690189,0,0
137,part,18564,1149967447,1144795313,3199189629,3208098323,0,0
137,part,18565,1149965565,1144783615,3213108551,1041220084,0,0
137,part,18566,1149966838,1144763817,3205561082,3203936734,0,0
137,part,18567,1149961330,1144861327,1054168094,3206630128,0,0
137,part,18568,1149960195,1144848384,981862656,0,0,0
137,part,18569,1149960195,1144832000,982768896,0,0,0
137,part,18570,1149960194,1144799232,974887680,0,0,0
137,part,18571,1149961847,1144781563,1058742858,3195067924,0,0
137,part,18572,1149960197,1144767644,989795328,0,0,0
137,part,18573,1148307145,1144588793,3233141275,1055872071,0,0
137,part,18574,1150345219,1144768282,982457628,1051360041,0,0
137,part,18575,1150337026,1144768283,979608338,1051361616,0,0
137,part,18576,1149698564,1144655369,1121420107,1102282244,0,0
137,part,18577,1149242844,1144447560,3236974158,3233251383,3186434861,1085071672
137,part,18578,1149441134,1144545260,1034862996,3188438062,0,1114636288
137,part,18579,1149440591,1144552458,1041852749,3181611457,0,1114636288
137,part,18580,1149441132,1144547559,1042602480,3181856801,0,1114636288
137,part,18581,1149722624,1144799232,3169138103,3190624024,0,0
137,part,18582,1149722624,1144815616,3156861717,3188359878,0,0
137,part,18583,1148960768,1144586240,3239977388,1032161932,0,0
137,part,18584,1148977152,1144586240,3238629123,1029426954,0,0
137,part,18585,1148977152,1144553472,1077701969,3181903571,0,0
137,part,18586,1148977152,1144537088,1072189373,3221874549,0,0
137,part,18587,1148993536,1144586240,3235121970,1031364714,0,0
137,part,18588,1148993536,1144569856,1072658616,3222481179,0,0
137,part,18589,1148993536,1144553472,3223036016,3216769234,0,0
137,part,18590,1148993536,1144537088,1070682222,3221939276,0,0
137,part,18591,1149009920,1144553472,3224118676,3203789250,0,0
137,part,18592,1149009920,1144537088,3201302948,3223665647,0,0
137,part,18595,1149091752,1144622972,3228477653,3228848098,0,0
137,part,18596,1149091752,1144622972,3239864256,3182972005,3153688108,3250822470
137,part,18597,1149091752,1144622972,3237369233,3233175234,3153688108,1113314529
137,part,18598,1149091752,1144622972,3224101717,3238541043,3153688108,3253769286
137,part,18599,1149091752,1144622972,1076969074,3238306884,3153688108,3250327000
137,part,18600,1149091752,1144622972,1083395255,3226631492,3153688108,1106623606
137,part,18601,1149091752,1144622972,1091058656,1032110536,3153688108,1111904648
137,part,18602,1149091752,1144622972,1083553821,1079830759,3153688108,1107275126
137,part,18603,1149091752,1144622972,1072970226,1086355623,3153688108,1101565393
137,part,18604,1149091752,1144622972,3225215396,1091443311,3153688108,1112262343
137,part,18605,1149091752,1144622972,3237911632,1085704168,3153688108,1109854081
137,part,18616,1149091752,1144622972,1098939773,1106315003,3213516554,1117695157
137,part,18617,1149091752,1144622972,1091656795,3254821247,1067831686,1104667101
137,part,18618,1149091752,1144622972,3251064893,1101581989,1081477420,1105994405
137,part,18626,1149091752,1144622972,3244391650,3256204686,1073161754,1124169884
137,part,18627,1149091752,1144622972,3241064040,1108857066,1083036927,1130750671
137,part,18628,1149091752,1144622972,1107459118,3249183664,1058290075,1131108021
137,part,18629,1149091752,1144622972,3256057986,3240992999,1077329591,1127531596
137,part,18631,1149091752,1144622972,1086414026,3256045558,1068777195,1130365259
137,part,18634,1149091752,1144622972,3250494147,3251794747,1075028432,1124360276
137,part,18635,1149091752,1144622972,1074002760,1108022735,3217128122,1128022146
137,part,18638,1149091752,1144622972,1104582688,1100277311,3206236649,1118817543
137,part,18639,1149091752,1144622972,3237659585,3254178288,1072227947,1131309899
137,part,18641,1149091752,1144622972,1105802589,3236086571,1047801862,1127756608
137,part,18642,1149091752,1144622972,3252311457,3239722260,1077105888,1125912185
137,part,18643,1149091752,1144622972,1091381581,1104310910,3214910538,1131512797
137,part,18644,1149091752,1144622972,1093086710,3250670579,1066717526,1109661810
137,part,18646,1149091752,1144622972,1110431492,1116903416,0,0
137,part,18647,1149091752,1144622972,3259817535,1115846454,0,0
137,part,18648,1149091752,1144622972,3242538750,1118466566,0,0
137,part,18649,1149091752,1144622972,1111543149,1116094857,0,0
137,part,18650,1149091752,1144622972,3264883359,3252527065,0,0
137,part,18651,1149091752,1144622972,3263464261,3259152611,0,0
137,part,18652,1149091752,1144622972,1116591311,1110410687,0,0
137,part,18653,1149091752,1144622972,3265702228,3254123303,0,0
137,part,18654,1149091752,1144622972,3259109713,3264160920,0,0
137,part,18655,1149091752,1144622972,1110778587,3264631385,0,0
137,part,18656,1149091752,1144622972,1117336306,1109815561,0,0
137,part,18657,1149091752,1144622972,1116832600,1110542866,0,0
137,part,18658,1149091752,1144622972,1109287170,3264056071,0,0
137,part,18659,1149091752,1144622972,1101195473,1118457073,0,0
137,part,18660,1149091752,1144622972,3260498518,1115438660,0,0
137,part,18661,1149091752,1144622972,3256908384,1117105363,0,0
137,part,18662,1149091752,1144622972,3264727909,3258708115,0,0
137,part,18663,1149091752,1144622972,3256091902,3264666960,0,0
137,part,18664,1149091752,1144622972,1093463227,3265454537,0,0
137,part,18665,1149091752,1144622972,3264443535,1110714574,0,0
137,part,18666,1149091752,1144622972,1116721225,3255958896,0,0
137,part,18667,1149091752,1144622972,3262679563,1114694733,0,0
137,part,18668,1149091752,1144622972,3263523456,3260815981,0,0
137,part,18669,1149091752,1144622972,3264697707,3256693570,0,0
137,part,18670,1149091752,1144622972,1082250729,1118121884,0,0
137,part,18671,1149091752,1144622972,3263228636,1115208574,0,0
137,part,18672,1149091752,1144622972,1118599053,1085757777,0,0
137,part,18673,1149091752,1144622972,3253158548,1117271913,0,0
137,part,18674,1149091752,1144622972,3261859262,1115960473,0,0
137,part,18675,1149091752,1144622972,1117704307,1093303567,0,0
137,part,18676,1149091752,1144622972,3256917479,3264655732,0,0
137,part,18677,1149091752,1144622972,3258589588,3264148072,0,0
137,part,18678,1149091752,1144622972,3259118997,3263428494,0,0
137,part,18679,1149091752,1144622972,3257411624,3264833747,0,0
137,part,18680,1149091752,1144622972,1110045845,1117304581,0,0
137,part,18681,1149091752,1144622972,3264089101,1111998159,0,0
137,part,18682,1149091752,1144622972,1038612412,3265332243,0,0
137,part,18683,1149091752,1144622972,1100971172,1118351295,0,0
137,part,18684,1149091752,1144622972,3214303238,1118069798,0,0
137,part,18685,1149091752,1144622972,3232240238,1118911621,0,0
137,part,18686,1149091752,1144622972,1110260823,1116338107,0,0
137,part,18687,1149091752,1144622972,3252673837,1118246549,0,0
137,part,18688,1149091752,1144622972,3264895283,3205916752,0,0
137,part,18689,1149091752,1144622972,3264667347,3242760262,0,0
137,part,18690,1149091752,1144622972,3263971108,3250258503,0,0
137,part,18691,1149091752,1144622972,3263184418,3255117740,0,0
137,part,18692,1149091752,1144622972,3262236091,3258088540,0,0
137,part,18693,1149091752,1144622972,3259869855,3260076657,0,0
137,part,18694,1149091752,1144622972,3257832617,3262393711,0,0
137,part,18695,1149091752,1144622972,3254648386,3263037901,0,0
137,part,18696,1149091752,1144622972,3249848344,3264135963,0,0
137,part,18697,1149091752,1144622972,3240785474,3264052934,0,0
137,part,18698,1149091752,1144622972,1057723471,3264167003,0,0
137,part,18699,1149091752,1144622972,1095443754,3264793054,0,0
137,part,18700,1149091752,1144622972,1103597611,3264588125,0,0
137,part,18701,1149091752,1144622972,1107790564,3263335114,0,0
137,part,18702,1149091752,1144622972,1111115240,3262927390,0,0
137,part,18703,1149091752,1144622972,1113547271,3260809700,0,0
137,part,18704,1149091752,1144622972,1114901014,3257826148,0,0
137,part,18705,1149091752,1144622972,1115712216,3254806800,0,0
137,part,18706,1149091752,1144622972,1116556647,3249727224,0,0
137,part,18707,1149091752,1144622972,1117522971,3241934392,0,0
137,part,18708,1149091752,1144622972,1116616743,1057658612,0,0
137,part,18709,1149091752,1144622972,1117174782,1095264763,0,0
137,part,18710,1149091752,1144622972,1116229282,1102430607,0,0
137,part,18711,1149091752,1144622972,1116333827,1108291400,0,0
137,part,18712,1149091752,1144622972,1115270854,1110987605,0,0
137,part,18713,1149091752,1144622972,1112286509,1112491783,0,0
137,part,18714,1149091752,1144622972,1111034086,1115776585,0,0
137,part,18715,1149091752,1144622972,1107419616,1115808690,0,0
137,part,18716,1149091752,1144622972,1102967324,1117128300,0,0
137,part,18717,1149091752,1144622972,1093356524,1116614688,0,0
137,part,18718,1149091752,1144622972,3206008667,1117505943,0,0
137,part,18719,1149091752,1144622972,3242714296,1117149128,0,0
137,part,18720,1149091752,1144622972,3250775393,1116875092,0,0
137,part,18721,1149091752,1144622972,3255764889,1116324039,0,0
137,part,18722,1149091752,1144622972,3257337637,1113735279,0,0
137,part,18723,1149091752,1144622972,3259657726,1111973600,0,0
137,part,18724,1149091752,1144622972,3263302227,1111094142,0,0
137,part,18725,1149091752,1144622972,3263900444,1108027695,0,0
137,part,18726,1149091752,1144622972,3264004545,1102198309,0,0
137,part,18727,1149091752,1144622972,3265042215,1094493622,0,0
137,part,18730,1149175705,1144613779,3226089347,3214778352,0,0
137,part,18731,1149175705,1144613779,3233627694,3177119237,3153688108,3255343759
137,part,18732,1149175705,1144613779,3236949703,3232864694,3153688108,3254784088
137,part,18733,1149175705,1144613779,3219977224,3233531584,3153688108,1107601194
137,part,18734,1149175705,1144613779,1077342507,3238586344,3153688108,3254505718
137,part,18735,1149175705,1144613779,1086408919,3230276029,3153688108,3254797154
137,part,18736,1149175705,1144613779,1090523355,1031379009,3153688108,1102460352
137,part,18737,1149175705,1144613779,1087325450,1083763103,3153688108,3256653465
137,part,18738,1149175705,1144613779,1072771592,1086199083,3153688108,3249474986
137,part,18739,1149175705,1144613779,3223812024,1090255954,3153688108,3247873504
137,part,18740,1149175705,1144613779,3234097344,1082969696,3153688108,1107340374
137,part,18745,1149175705,1144613779,1108543508,1091763593,3195718249,1119649328
137,part,18747,1149175705,1144613779,3239328027,1108225779,1083089755,1124206169
137,part,18749,1149175705,1144613779,3255689828,3214651639,1078386240,1117327446
137,part,18750,1149175705,1144613779,1103274731,1103588109,3209440021,1119506510
137,part,18752,1149175705,1144613779,3251054539,1102206357,1081593100,1119727670
137,part,18758,1149175705,1144613779,1103925201,1093424050,3201047719,1109407588
137,part,18761,1149175705,1144613779,3240224006,1109052376,1083088097,1107614188
137,part,18764,1149175705,1144613779,1102060425,1107040116,3212182893,1124534627
137,part,18766,1149175705,1144613779,3253001982,1103083942,1081454740,1127489499
137,part,18767,1149175705,1144613779,1108501849,3225996036,1034887727,1116281296
137,part,18770,1149175705,1144613779,1100098508,3253550744,1065509312,1115587970
137,part,18771,1149175705,1144613779,3255201174,1086369033,1079273585,1117215632
137,part,18772,1149175705,1144613779,1105511627,1099583615,3205183061,1129138189
137,part,18775,1149175705,1144613779,1106140993,3238408760,1049394221,1124197180
137,part,18776,1149175705,1144613779,3252858869,3239945392,1077126454,1124456607
137,part,18778,1149175705,1144613779,1091251979,3251816123,1067466273,1122007070
137,part,18780,1149175705,1144613779,1102873405,1087592479,3196840359,1125993922
137,part,18781,1149175705,1144613779,1098801082,1118206812,0,0
137,part,18782,1149175705,1144613779,3265683450,1080584982,0,0
137,part,18783,1149175705,1144613779,3254491415,3264601975,0,0
137,part,18784,1149175705,1144613779,1111796676,1115750359,0,0
137,part,18785,1149175705,1144613779,1100318562,1118179407,0,0
137,part,18786,1149175705,1144613779,3262577589,3263232216,0,0
137,part,18787,1149175705,1144613779,3261935487,3263407250,0,0
137,part,18788,1149175705,1144613779,1117897357,1085183235,0,0
137,part,18789,1149175705,1144613779,3257407964,1117316430,0,0
137,part,18790,1149175705,1144613779,1118684664,1099677637,0,0
137,part,18791,1149175705,1144613779,1114307573,1115511707,0,0
137,part,18792,1149175705,1144613779,3266361186,3239310660,0,0
137,part,18793,1149175705,1144613779,1110431360,3264564596,0,0
137,part,18794,1149175705,1144613779,3265853586,3250862453,0,0
137,part,18795,1149175705,1144613779,3264796701,1107777580,0,0
137,part,18796,1149175705,1144613779,1110118457,1116333866,0,0
137,part,18797,1149175705,1144613779,1116629506,1111205934,0,0
137,part,18798,1149175705,1144613779,1116547351,3257458515,0,0
137,part,18799,1149175705,1144613779,1117016002,3257908828,0,0
137,part,18800,1149175705,1144613779,1100350836,1117593893,0,0
137,part,18801,1149175705,1144613779,1103394792,1117485466,0,0
137,part,18802,1149175705,1144613779,3261964822,1114716770,0,0
137,part,18803,1149175705,1144613779,1091819438,1117912487,0,0
137,part,18804,1149175705,1144613779,1116639744,3259900828,0,0
137,part,18805,1149175705,1144613779,3243576864,3265729386,0,0
137,part,18806,1149175705,1144613779,1117326824,3254865461,0,0
137,part,18807,1149175705,1144613779,3263193062,3259872982,0,0
137,part,18808,1149175705,1144613779,3253629233,1118033805,0,0
137,part,18809,1149175705,1144613779,3263284151,1113239707,0,0
137,part,18810,1149175705,1144613779,1118085586,3253283097,0,0
137,part,18811,1149175705,1144613779,1109807500,1117442832,0,0
137,part,18812,1149175705,1144613779,3262481742,1113045472,0,0
137,part,18813,1149175705,1144613779,1114811067,3260657628,0,0
137,part,18814,1149175705,1144613779,3257179385,3265179992,0,0
137,part,18815,1149175705,1144613779,1111328642,3263768050,0,0
137,part,18816,1149175705,1144613779,1071830842,1118115680,0,0
137,part,18817,1149175705,1144613779,1109773778,3264502154,0,0
137,part,18818,1149175705,1144613779,1117477726,3256388212,0,0
137,part,18819,1149175705,1144613779,1117519585,3256293530,0,0
137,part,18820,1149175705,1144613779,1118517844,3244770706,0,0
137,part,18821,1149175705,1144613779,3263740597,1110438171,0,0
137,part,18822,1149175705,1144613779,3265677422,3254831251,0,0
137,part,18823,1149175705,1144613779,3264531405,3205562164,0,0
137,part,18824,1149175705,1144613779,3264964263,3243155034,0,0
137,part,18825,1149175705,1144613779,3264451418,3250898963,0,0
137,part,18826,1149175705,1144613779,3263673595,3255625656,0,0
137,part,18827,1149175705,1144613779,3262243089,3258093706,0,0
137,part,18828,1149175705,1144613779,3260044820,3260254306,0,0
137,part,18829,1149175705,1144613779,3258450831,3263213445,0,0
137,part,18830,1149175705,1144613779,3254844332,3263233400,0,0
137,part,18831,1149175705,1144613779,3250177796,3264396174,0,0
137,part,18832,1149175705,1144613779,3241365692,3264534555,0,0
137,part,18833,1149175705,1144613779,1057941133,3264390368,0,0
137,part,18834,1149175705,1144613779,1095707176,3264991178,0,0
137,part,18835,1149175705,1144613779,1102976538,3264122354,0,0
137,part,18836,1149175705,1144613779,1108140084,3263671740,0,0
137,part,18837,1149175705,1144613779,1109970969,3261377390,0,0
137,part,18838,1149175705,1144613779,1113767424,3261026527,0,0
137,part,18839,1149175705,1144613779,1115778611,3258520634,0,0
137,part,18840,1149175705,1144613779,1115858954,3254953529,0,0
137,part,18841,1149175705,1144613779,1116359455,3249477560,0,0
137,part,18842,1149175705,1144613779,1116615657,3240841334,0,0
137,part,18843,1149175705,1144613779,1116978504,1058011139,0,0
137,part,18844,1149175705,1144613779,1116957970,1094976493,0,0
137,part,18845,1149175705,1144613779,1116886693,1103307220,0,0
137,part,18846,1149175705,1144613779,1116135191,1108085155,0,0
137,part,18847,1149175705,1144613779,1114728023,1110586866,0,0
137,part,18848,1149175705,1144613779,1112059090,1112260875,0,0
137,part,18849,1149175705,1144613779,1110036903,1114473594,0,0
137,part,18850,1149175705,1144613779,1107570850,1115959932,0,0
137,part,18851,1149175705,1144613779,1102014181,1116375477,0,0
137,part,18852,1149175705,1144613779,1093879421,1117048727,0,0
137,part,18853,1149175705,1144613779,3206184846,1117686738,0,0
137,part,18854,1149175705,1144613779,3242062134,1116658627,0,0
137,part,18855,1149175705,1144613779,3250432011,1116617573,0,0
137,part,18856,1149175705,1144613779,3255094911,1115672692,0,0
137,part,18857,1149175705,1144613779,3257968165,1114589377,0,0
137,part,18858,1149175705,1144613779,3260458629,1112762400,0,0
137,part,18859,1149175705,1144613779,3262022091,1110083275,0,0
137,part,18860,1149175705,1144613779,3263701492,1107828755,0,0
137,part,18861,1149175705,1144613779,3264321839,1102600034,0,0
137,part,18862,1149175705,1144613779,3264444997,1093774142,0,0
137,part,18863,1150328832,1144766464,967041504,3097318929,0,0
137,part,18864,1150328832,1144586240,1010692857,3146775686,0,0
137,part,18865,1149222911,1144570105,3248483653,3224644944,0,0
137,part,18866,1149222911,1144570105,3252186638,3213677302,0,0
137,part,18867,1149222911,1144570105,3239992629,3223043082,0,0
137,part,18868,1149222911,1144570105,3240550614,1074364571,0,0
137,part,18869,1149222911,1144570105,3233735883,1084041452,0,0
137,part,18870,1149222911,1144570105,3232324635,3232870474,0,0
138,part,17067,1149975492,1144749468,3132420663,1055438872,999533220,3226799300
138,part,17653,1156056199,1143337352,3227231328,1093665614,0,0
138,part,17654,1152056514,1145919734,3210170788,1046906868,1048863429,0
138,part,17655,1157984334,1131492976,1108492846,3230074344,1060432521,0
138,part,17878,1154420122,1141586388,0,0,0,0
138,part,17892,1147413561,1145023782,3170627136,3178990336,1083460107,1085616791
138,part,17912,1151986085,1145928842,3147455744,3129588224,0,0
138,part,17937,1150906934,1144809157,1050815428,1055311936,1082023478,1086178793
138,part,17943,1136194298,1143248123,1058218342,1085709444,0,0
138,part,17944,1151632681,1145026763,1091685725,1092171725,1081746126,1086362963
138,part,17948,1149766693,1144780849,3139211280,3166851136,0,0
138,part,17951,1152392092,1143700269,0,0,0,0
138,part,17952,1147042908,1145016048,3238846211,1091408102,1078814309,1084232492
138,part,17956,1153762383,1143282744,3235401760,1095751619,0,0
138,part,17957,1154413628,1143057791,1029618304,1094552092,0,0
138,part,17958,1152767485,1143421907,0,0,0,0
138,part,17959,1146277795,1145128741,3238507764,1090761395,1078587792,1084439264
138,part,17962,1154412854,1142949014,1027972096,1093982750,0,0
138,part,17963,1154190368,1143066786,3223429346,1094675707,0,0
138,part,17965,1147839325,1144538397,3237536681,1085741564,1078169413,1085414400
138,part,17978,1153879650,1142713898,3234326440,1094448299,0,0
138,part,17981,1153777110,1142712092,3237069335,1094437118,0,0
138,part,17982,1154303304,1142045041,3215679704,1090498228,0,0
138,part,17983,1154284611,1142077141,3217533285,1090808924,0,0
138,part,19467,1149328961,1144561078,3252669109,3235826034,0,0
138,part,17993,1155424037,1141053422,1097616440,3210583889,0,0
138,part,17994,1147022223,1145047413,3239842135,1089947702,1080709532,1087861682
138,part,17999,1151440372,1144295654,1088404161,1079492222,1079652541,1087857566
138,part,19466,1149214342,1144630946,1086190672,3215169350,0,0
138,part,18005,1153992529,1142736866,3232822765,1093213090,0,0
138,part,18006,1153793577,1142759631,3238359120,1093374975,0,0
138,part,18007,1154108408,1142629446,3229992969,1092449213,0,0
138,part,18008,1154128048,1142614774,3229667487,1092344874,0,0
138,part,18012,1150546264,1144749126,0,0,0,0
138,part,18015,1150301025,1144750899,0,1068149374,0,0
138,part,18016,1150220446,1144806379,0,1070945566,0,0
138,part,18017,1150303261,1144735342,0,1068149374,0,0
138,part,18018,1150210458,1144809845,0,3143267328,0,0
138,part,18019,1150255312,1144748768,0,1068121641,0,0
138,part,18022,1150305632,1144758494,0,1070931654,0,0
138,part,18023,1150302650,1144733786,0,1068149374,0,0
138,part,18025,1150302537,1144734378,0,1068149374,0,0
138,part,18026,1150301248,1144735378,0,1068149374,0,0
138,part,18027,1150239792,1144797495,0,1068128672,0,0
138,part,18029,1150260861,1144757796,0,1070931636,0,0
138,part,18030,1150301209,1144735094,0,1068149374,0,0
138,part,18031,1150300439,1144734198,0,1068149374,0,0
138,part,18032,1150294686,1144733813,0,1068149374,0,0
138,part,18034,1150206436,1144809546,0,3143267328,0,0
138,part,18036,1150209302,1144799628,0,1068149374,0,0
138,part,18041,1150224054,1144793165,0,3143267328,0,0
138,part,18049,1150283640,1144751668,0,1068149374,0,0
138,part,18051,1150278778,1144751809,0,1068149374,0,0
138,part,18052,1151634254,1144439988,3239492457,1091831933,0,0
138,part,18053,1151767480,1144449912,3237289324,1091905219,0,0
138,part,18054,1151827542,1144434153,3235756476,1091788833,0,0
138,part,18055,1151720476,1144459818,3238581887,1091978384,0,0
138,part,18056,1152158030,1144046296,3222859259,1087572251,0,0
138,part,18057,1152384376,1143716450,0,0,0,0
138,part,18058,1152224772,1143848163,0,3126384128,0,0
138,part,18067,1150558834,1144375063,1091127681,1080889412,1074808528,1085313658
138,part,18071,1150394375,1144765672,0,0,0,0
138,part,18072,1150204808,1144800264,0,1068149374,0,0
138,part,18073,1150184318,1144809215,0,3143267328,0,0
138,part,18075,1151184434,1144294310,1090941658,1079412640,1074987952,1085948224
138,part,18083,1150152449,1144831334,0,0,0,0
138,part,18087,1149891080,1144780160,3186328088,1046156636,0,0
138,part,18088,1150350098,1144638605,1099859106,1087003510,0,0
138,part,18089,1149961123,1144309695,1094316465,1080893747,0,0
138,part,19465,1149214342,1144630946,1075420548,1083957632,0,0
138,part,18091,1152050226,1144070828,3238174593,1091025486,0,0
138,part,18092,1152385672,1143684271,0,1050904334,0,0
138,part,18093,1152281468,1143799624,0,3126275072,0,0
138,part,18095,1150134276,1144848377,0,0,0,0
138,part,18097,1150132939,1144847439,0,0,0,0
138,part,18106,1152751786,1143406450,0,1051260878,0,0
138,part,18111,1152758716,1143405386,0,0,0,0
138,part,18114,1152769139,1143405181,0,0,0,0
138,part,18117,1150153548,1144831417,0,0,0,0
138,part,18120,1150125437,1144847799,0,0,0,0
138,part,18121,1153366202,1143207428,3176250010,1050450406,0,0
138,part,18122,1147810997,1144409751,3238837646,1078563897,1073439998,1084544839
138,part,19464,1149214342,1144630946,1094278678,1067478060,0,0
138,part,18125,1150124050,1144846677,0,0,0,0
138,part,18126,1149715733,1144814150,992063044,3129147392,0,0
138,part,18129,1150131617,1144848182,0,0,0,0
138,part,18130,1149622283,1144797630,0,1059677346,0,0
138,part,18131,1150058486,1144864764,0,0,0,0
138,part,18137,1146979636,1144543539,3238950037,1074704158,1074897066,1088284577
138,part,18140,1149659477,1144743593,3200953920,1071833428,0,0
138,part,18142,1149639962,1144651809,1090559164,1079923298,0,0
138,part,18143,1147678017,1144115564,3244563475,3218661744,0,0
138,part,18144,1149073753,1144715761,0,0,0,0
138,part,18145,1149121050,1144765736,3170987648,3191992160,0,0
138,part,18147,1148069550,1144154910,3240606866,3215480956,1075886344,2147483648
138,part,18148,1149125381,1144630038,1061400160,1057885659,1077715405,2147483648
138,part,18151,1150089537,1144169878,1099193102,1061233658,0,0
138,part,18152,1150028565,1144341690,1098246056,1075462438,0,0
138,part,18153,1150234752,1144786711,0,0,0,0
138,part,18154,1150115840,1144863613,0,0,0,0
138,part,18155,1147233680,1144974805,3240696268,1087973170,0,0
138,part,18156,1147980554,1144768832,3225299579,1083928573,0,0
138,part,18158,1148534362,1144229706,3237268328,1050557512,1072285203,1087551158
138,part,19463,1149214342,1144630946,1097993586,1097771739,0,0
138,part,19462,1149214342,1144630946,1100161620,1095955392,0,0
138,part,18163,1137244541,1143309109,1087046066,1087124582,0,0
138,part,18164,1150001152,1144759717,0,1065339237,0,0
138,part,18168,1149974671,1144726219,3205534204,1081928372,1088100224,3226137650
138,part,18169,1149888352,1144793898,3219690536,1081544718,1090693176,1071869721
138,part,18170,1149725960,1144831028,1021359077,3168776160,1088484672,3223254252
138,part,18171,1149992595,1144717160,3167933696,1078525745,1088597568,3222407451
138,part,18173,1149722734,1144813177,1033699841,3166130976,1092415017,1090381988
138,part,18174,1149876075,1144728126,1009016352,1077561912,1092918009,1094553849
138,part,18183,1149945838,1144748477,1013900343,3168398080,0,0
138,part,18184,1149812547,1144780146,1023267146,3143162624,0,0
138,part,18185,1150042112,1144863630,0,0,0,0
138,part,19461,1149214342,1144630946,1100465031,1089339107,0,0
138,part,18187,1150418722,1144781529,0,0,0,0
138,part,18196,1150236194,1144718036,1084969741,1075427534,0,0
138,part,18197,1149992992,1144760804,0,1065311466,0,0
138,part,18199,1146884931,1145093433,1010462480,3171531008,0,0
138,part,18201,1153141568,1142340119,1121152750,3251492897,0,0
138,part,18202,1147923450,1144614141,3239195876,1076860774,1069393350,1084329114
138,part,18204,1149299481,1144422808,3247737747,1079622461,0,0
138,part,18205,1149713134,1144732879,1021556484,1058998696,0,0
138,part,18206,1149707497,1144533462,3237782804,1083911582,0,0
138,part,18207,1150124032,1144847318,0,0,0,0
138,part,18208,1150001159,1144759756,0,1065339237,0,0
138,part,19460,1149214342,1144630946,1095088644,1093139224,0,0
138,part,18212,1150051498,1144864175,0,0,0,0
138,part,18213,1150047224,1144864590,0,0,0,0
138,part,18214,1150054030,1144863553,0,0,0,0
138,part,18216,1150039870,1144863268,0,0,0,0
138,part,18217,1150045448,1144864582,0,0,0,0
138,part,18219,1150036098,1144863171,0,0,0,0
138,part,19459,1149214342,1144630946,1095164623,1085930542,0,0
138,part,18222,1150025736,1144840572,0,3146255872,0,0
138,part,18224,1151150698,1144161393,1089278702,3222752044,1070167751,1087934825
138,part,19458,1149247148,1144468883,1081283111,3216096237,0,0
138,part,18226,1150124032,1144846752,0,0,0,0
138,part,19457,1149247148,1144468883,3212859216,3229355229,0,0
138,part,18228,1150419454,1144798984,0,0,0,0
138,part,18229,1150402827,1144781589,0,0,0,0
138,part,18230,1150116152,1144847161,0,3143088640,0,0
138,part,18231,1150419256,1144798145,0,0,0,0
138,part,18232,1154214129,1141702598,3237652574,1085814346,0,0
138,part,18233,1149995177,1144761133,0,1068097920,0,0
138,part,18234,1149971423,1144770354,1017001940,1059757980,0,0
138,part,18235,1150539023,1144676991,1088988740,1075248021,0,0
138,part,18236,1150339296,1144551468,1058996026,1057675659,0,0
138,part,18237,1150328503,1144681549,3153192960,1077936079,0,0
138,part,18238,1150472344,1144685951,1084905255,1075873673,0,0
138,part,18239,1150272254,1144572481,3215674009,1063544262,0,0
138,part,18240,1150572388,1144671411,3166491648,0,0,0
138,part,18241,1150260014,1144584110,3216803025,1066072484,0,0
138,part,18242,1150366043,1144604473,1073981662,1071203928,0,0
138,part,18243,1150334825,1144546267,1065502200,1067651638,0,0
138,part,18244,1150241292,1144594406,3221628306,1075201647,0,0
138,part,18245,1150238091,1144607648,3222076583,1077270075,0,0
138,part,18246,1150237508,1144630514,3222156708,1080010417,0,0
138,part,18248,1150279700,1144756453,0,1070945566,0,0
138,part,18249,1150133812,1144760614,1083930018,1073681972,0,0
138,part,18250,1149969758,1144677581,3205284897,1061536470,0,0
138,part,18251,1150003596,1144692629,1065178450,1065756080,0,0
138,part,18252,1149994706,1144675856,1059713342,1065696448,0,0
138,part,18253,1150018884,1144768374,1072477793,1075566243,0,0
138,part,18254,1150021384,1144782527,1073245930,1077911524,0,0
138,part,18255,1150083216,1144830717,0,1051316658,0,0
138,part,18256,1150081812,1144840358,3176223726,1077251281,0,0
138,part,18258,1154935881,1141263845,1016340480,1068067080,0,0
138,part,18259,1155022953,1141194670,0,1059676882,0,0
138,part,18260,1155091968,1141188305,1077149761,1074589761,0,0
138,part,18261,1154977263,1141108273,3220007092,1063796942,0,0
138,part,18262,1154844119,1141326984,3237176290,1082878970,0,0
138,part,18263,1155038609,1141100157,1050525777,1033537344,0,0
138,part,18264,1155002051,1141092001,3214344582,1058242815,0,0
138,part,18265,1155029141,1141068335,3181277084,1054549398,0,0
138,part,18266,1154990788,1141227185,1014199296,1070882766,0,0
138,part,18267,1154995573,1141119454,3219349824,1062020718,0,0
138,part,18268,1155024598,1141175376,1004365312,1073741758,0,0
138,part,18269,1155102898,1141192937,1076219685,1077781295,0,0
138,part,18270,1154987727,1141166269,3223024650,1074107482,0,0
138,part,18271,1155064938,1141077895,1060534635,1059020599,0,0
138,part,18272,1149973287,1144735880,1057513587,1068522174,0,0
138,part,18273,1149979045,1144765340,1066195279,1073549886,0,0
138,part,18274,1149985309,1144775352,1068333865,1075898351,0,0
138,part,18275,1149957308,1144764279,0,3149154304,0,0
138,part,18276,1149943815,1144749915,932688288,1059592994,0,0
138,part,18278,1150025728,1144715852,952362678,1077811580,0,0
138,part,18280,1150180758,1144419310,1091041220,1057008503,1065525420,1087599739
138,part,18281,1150025728,1144716013,3092984702,1076413397,0,0
138,part,18283,1150821329,1144194353,1091088590,3222575532,1061233023,1086702286
138,part,18284,1150467063,1144353348,3189367449,3206045662,0,1114636288
138,part,19485,1149262717,1144201129,1096839350,3256007867,1045584072,3244479061
138,part,18286,1152941190,1143327264,3240448324,1078819705,0,0
138,part,18287,1153183145,1143185992,1075107738,1052683638,0,0
138,part,18288,1153004950,1143303023,3237695885,1077957661,0,0
138,part,18289,1152975881,1143317279,3239893477,1079521782,0,0
138,part,18290,1153206270,1143241526,3154192384,1051372158,0,0
138,part,18291,1153003463,1143325105,3238829614,1080380457,0,0
138,part,18292,1153195235,1143149964,1067401543,3205622678,0,0
138,part,18293,1153182733,1143131068,1058471727,3206725362,0,0
138,part,18294,1153133110,1143139129,3221251556,1054692534,0,0
138,part,18295,1153190554,1143131118,1058146540,3206703494,0,0
138,part,18296,1153126693,1143196657,3224457249,1069619140,0,0
138,part,19456,1149247148,1144468883,1100943335,3248844957,0,0
138,part,18298,1153209827,1143127008,1066615224,3198185118,0,0
138,part,18299,1153239290,1143189392,1076642648,1071620118,0,0
138,part,18300,1153197941,1143097180,1057441030,3195150460,0,0
138,part,18301,1153172729,1143151082,3214676010,3205131998,0,0
138,part,18302,1153150868,1143174411,3222747595,1056898958,0,0
138,part,18303,1153247979,1143193886,1076751373,1069011050,0,0
138,part,18304,1153151379,1143151636,3222634791,1066930394,0,0
138,part,18305,1153203305,1143085677,1052959650,3185492920,0,0
138,part,18306,1153229375,1143153391,1068002122,3203789580,0,0
138,part,18307,1153250837,1143172004,1075581834,1063065914,0,0
138,part,18308,1153169798,1143133988,3219555961,1050180128,0,0
138,part,18309,1153210062,1143097156,1050432236,3195191260,0,0
138,part,18310,1153157226,1143177695,3223149741,1074992773,0,0
138,part,18311,1153196832,1143074829,3200647560,1024695808,0,0
138,part,18312,1153262804,1143220261,0,3147975424,0,0
138,part,18313,1153263852,1143180463,1076640450,1066065700,0,0
138,part,18314,1153159727,1143186084,3224399136,1070894308,0,0
138,part,18315,1153219556,1143081459,1052720802,3193985868,0,0
138,part,18316,1153232338,1143066959,1065707267,1048869616,0,0
138,part,18317,1153185923,1143153856,3219670971,3173144176,0,0
138,part,18318,1153228497,1143108314,1054036829,3200212316,0,0
138,part,18319,1153279795,1143203601,1076542763,1067547630,0,0
138,part,18320,1153229927,1143087472,1030817332,3179095344,0,0
138,part,18321,1153202417,1143093467,3216027225,1057360319,0,0
138,part,18322,1153220451,1143144453,3210577385,3197253558,0,0
138,part,18323,1153265797,1143123356,1069606080,1055228510,0,0
138,part,18324,1153263046,1143086784,1068399206,1061617402,0,0
138,part,18325,1153207200,1143084858,3217524148,1066657972,0,0
138,part,18326,1153201996,1143230916,0,3149721600,0,0
138,part,18327,1153200370,1143192228,3222671004,1068647344,0,0
138,part,18328,1153216204,1143139866,3217165268,1055339390,0,0
138,part,18329,1153279617,1143140346,1072075800,1063552798,0,0
138,part,18330,1153227208,1143103142,3211839806,1051867486,0,0
138,part,18331,1153283264,1143138884,1073676190,1071322620,0,0
138,part,18332,1153247718,1143070855,1040696797,1052289782,0,0
138,part,18333,1153250049,1143047023,1048723613,1058548651,0,0
138,part,18334,1153266800,1143051317,1066452488,1066488200,0,0
138,part,18335,1153216526,1143067663,3217024938,1073670138,0,0
138,part,18336,1153244661,1143150286,3202974589,3188209484,0,0
138,part,18337,1153258920,1143136969,1049914588,3176675120,0,0
138,part,18338,1153277582,1143138440,1067586509,1054088134,0,0
138,part,18339,1153215457,1143159510,3221090643,1074795142,0,0
138,part,18340,1153227938,1143095440,3215611329,1065384734,0,0
138,part,18341,1153225138,1143083569,3216842241,1069970114,0,0
138,part,18342,1153250359,1143037493,3189880824,1061556490,0,0
138,part,18343,1153262121,1143153849,1022235653,3173190832,0,0
138,part,18344,1153220877,1143197594,3221766428,1069824640,0,0
138,part,18345,1153222347,1143184183,3221443795,1070477060,0,0
138,part,18346,1153240946,1143058193,3213497111,1067997112,0,0
138,part,18347,1153304305,1143186179,1072125942,1062096402,0,0
138,part,18348,1153252806,1143136127,3210939302,1052057366,0,0
138,part,18349,1153279140,1143106019,1056648078,1054392558,0,0
138,part,18350,1153305439,1143156547,1072622394,1074470106,0,0
138,part,18351,1153302753,1143169237,1067848595,1052357798,0,0
138,part,18352,1153236596,1143203071,3221911371,1071026504,0,0
138,part,18353,1153326884,1143206519,1074293127,1068187956,0,0
138,part,18354,1153246706,1143187849,3221491107,1071281604,0,0
138,part,18355,1153247805,1143177766,3221250189,1072664164,0,0
138,part,18356,1153282471,1143158385,3206474297,1033992448,0,0
138,part,18357,1153307783,1143146847,1060376261,1045597344,0,0
138,part,18358,1153255276,1143191521,3221408089,1074712059,0,0
138,part,18359,1153259231,1143154117,3219853055,1071069938,0,0
138,part,18360,1153267575,1143116348,3216192124,1066377442,0,0
138,part,18361,1149861888,1144777915,0,3145236480,0,0
138,part,18364,1149423085,1144441813,1088382284,3208194821,0,0
138,part,18365,1149432052,1144549696,1089366369,1074155685,0,0
138,part,18366,1149624657,1144194699,1099708049,3236298414,0,0
138,part,18367,1149075810,1144657780,1061408576,1064774940,0,0
138,part,18368,1148478526,1144300928,3249429192,3231748208,0,0
138,part,18369,1148931252,1144532315,3240049470,1065646804,0,0
138,part,18370,1147804895,1144368241,3256723780,3226497092,0,0
138,part,18371,1148486114,1144286130,3249325186,3232559981,1077086925,2147483648
138,part,18372,1149036031,1144651556,1049638238,3164396192,1079483329,2147483648
138,part,18375,1150116504,1144848042,955887456,3134541568,0,0
138,part,18376,1147403426,1145012837,1056079387,1068306260,0,0
138,part,18377,1149094030,1144828137,1032368444,1071354742,0,0
138,part,18378,1153311018,1143172423,1057271275,1044351504,0,0
138,part,18379,1153329552,1143181409,1070800942,1073417178,0,0
138,part,18380,1153325022,1143141242,1068480449,1067328768,0,0
138,part,18381,1153302416,1143160057,3204565168,1050579032,0,0
138,part,18382,1153292672,1143144152,3213690247,1062405326,0,0
138,part,18383,1153301642,1143119401,3205353359,1058121499,0,0
138,part,18384,1153303856,1143104154,3201723668,1058703735,0,0
138,part,18385,1153345762,1143183807,1070712236,1069836698,0,0
138,part,18386,1153296628,1143141556,3215857324,1067409050,0,0
138,part,18387,1153316502,1143161514,3206916184,1052071174,0,0
138,part,18388,1153299552,1143192204,3218556334,1071986264,0,0
138,part,18389,1153347270,1143148102,1067288359,1064427616,0,0
138,part,18390,1153308636,1143131551,3213903100,1064342368,0,0
138,part,18391,1153347738,1143124838,1067530429,1067323432,0,0
138,part,18392,1153310502,1143101871,3212949023,1065638218,0,0
138,part,18393,1153356812,1143164890,1067980165,1064634830,0,0
138,part,18394,1153327484,1143132493,3203664504,1055907774,0,0
138,part,18395,1153355918,1143137723,1067521880,1066427790,0,0
138,part,18396,1153361230,1143170806,1066049593,1059274927,0,0
138,part,18397,1153353274,1143148036,1058598496,1055046494,0,0
138,part,18398,1153336720,1143132185,3201531071,1055592030,0,0
138,part,18399,1153319758,1143147406,3216597146,1073100920,0,0
138,part,18400,1153364814,1143137810,1062023776,1059158087,0,0
138,part,18401,1153359126,1143118955,1055439914,1057892839,0,0
138,part,18402,1153362432,1143013286,1059588616,1068126276,0,0
138,part,18403,1153340994,1143000204,3207004600,1068971516,0,0
138,part,18404,1153354484,1143160400,3198705716,1050930008,0,0
138,part,18405,1153364732,1143132189,1050138719,1055595374,0,0
138,part,18406,1153335440,1143161747,3216958349,1072577914,0,0
138,part,18407,1153347470,1143030264,3208757828,1068278452,0,0
138,part,18408,1153367108,1143014658,3138459648,1059760766,0,0
138,part,19484,1149255198,1144128951,1099815703,3256706499,1045584072,3242908300
138,part,18411,1148867829,1144516743,1080677164,1088661707,0,0
138,part,18412,1149249935,1144722983,3207956000,1078331360,0,0
138,part,18413,1148917269,1144448768,1084567930,1084311297,0,0
138,part,18415,1150166646,1144754497,1086897546,1053734086,1056137825,1086648336
138,part,18416,1149858221,1144769272,3210071168,1066232766,0,1114636288
138,part,18417,1149863817,1144743873,3202983635,1057389595,0,1114636288
138,part,18418,1150083872,1144840354,1030742038,1070156434,0,0
138,part,18419,1149093145,1144830405,1027827611,1067099996,0,0
138,part,18420,1149094215,1144847009,1035079886,1067167710,0,0
138,part,18421,1149839283,1144745580,1092977436,1077524530,0,0
138,part,18422,1149810521,1144735045,1091397592,1075906425,0,0
138,part,18423,1149811834,1144736298,1092127626,1076098863,0,0
138,part,18424,1149790372,1144732833,1091108257,1075566630,0,0
138,part,18425,1150685693,1144048824,1121605994,3241969648,0,0
138,part,18426,1148579508,1144360978,3238896691,3220361832,1059443654,1086767261
138,part,18427,1149181831,1144370155,1041127563,3201265802,0,1114636288
138,part,18428,1149963033,1144895978,1028034888,3151381376,0,0
138,part,18429,1150572876,1144602489,1090040687,3228272724,1059875331,1086121034
138,part,18430,1150288101,1144790147,0,0,0,1114636288
138,part,18431,1150284084,1144796954,3197250082,1058097436,0,1114636288
138,part,18432,1150083676,1144830925,1029838801,1067037600,0,0
138,part,18433,1150854385,1144733308,0,3126439936,0,0
138,part,18434,1150850084,1144733130,3213071658,1067232797,0,0
138,part,18435,1149076380,1144859609,0,0,0,0
138,part,18436,1149078204,1144845545,1040246202,1066360206,0,0
138,part,18437,1149080456,1144832448,1047158172,1067622289,0,0
138,part,18438,1149080104,1144815703,1046073481,1067483889,0,0
138,part,18439,1149075460,1144778143,959652352,1065353149,0,0
138,part,18440,1149075460,1144761772,952691200,1065353149,0,0
138,part,18441,1149722032,1144796444,3177073064,1066379869,0,0
138,part,18442,1150312292,1144777386,3161010688,1065353149,0,0
138,part,18443,1150346356,1144752763,1078374365,1059025377,0,0
138,part,18444,1150284048,1144716982,3223742114,3196566014,0,0
138,part,18445,1150330976,1144645618,1071194932,3204983206,0,0
138,part,18446,1150328252,1144628462,1069101103,3205575866,0,0
138,part,18447,1150312212,1144777386,3166796800,1065353149,0,0
138,part,18448,1150314640,1144702004,1064527418,3218715322,0,0
138,part,18449,1150276512,1144715130,3223490359,3199411500,0,0
138,part,18450,1150287508,1144642755,3217310609,3207181894,0,0
138,part,18451,1150329864,1144660458,1075186771,1063632069,0,0
138,part,18452,1150312201,1144772690,3168350208,1065353149,0,0
138,part,18453,1150321000,1144720100,1074928300,3210696209,0,0
138,part,18454,1150264280,1144735183,3225041552,1068021470,0,0
138,part,18455,1150297696,1144658542,1041815796,3216530000,0,0
138,part,18456,1150345901,1144753629,3163631616,0,0,0
138,part,18457,1150257940,1144738094,3224330073,3175562992,0,0
138,part,18458,1150306728,1144686994,1071446455,3210955973,0,0
138,part,18459,1150319690,1144775769,3163973888,1051372158,0,0
138,part,18460,1150257668,1144737316,3221289882,3210056701,0,0
138,part,18461,1150310404,1144760302,1077150975,1064814495,0,0
138,part,18462,1150265392,1144686689,3215421448,3211189753,0,0
138,part,18463,1150301872,1144771492,1077020741,1060826485,0,0
138,part,18464,1150266948,1144709391,3201623251,3215878450,0,0
138,part,18465,1150260420,1144685816,3212948725,3211860405,0,0
138,part,18466,1150290840,1144761920,1075930218,1049984496,0,0
138,part,18467,1150264836,1144711250,1041270548,3215164588,0,0
138,part,18468,1150283524,1144781971,1076266567,1067113558,0,0
138,part,18469,1150227996,1144732870,3218975575,3197327726,0,0
138,part,18470,1150268152,1144726358,1073276815,1042810800,0,0
138,part,18471,1150195960,1144777848,3222966029,1065530529,0,0
138,part,18472,1150196948,1144763754,3222586026,1066409700,0,0
138,part,18473,1150192884,1144769834,3220776346,3183739704,0,0
138,part,18474,1150191656,1144741532,3221472419,1062982547,0,0
138,part,18475,1150227016,1144769554,1073141834,3185458936,0,0
138,part,18476,1150219296,1144771121,1073504652,3172390192,0,0
138,part,18477,1150218220,1144755476,1072678235,3141717760,0,0
138,part,18478,1150193488,1144749342,1052225785,3213120572,0,0
138,part,18479,1150158860,1144774752,3221483410,1040483128,0,0
138,part,18480,1150345224,1144735512,977759738,1068147874,0,0
138,part,18481,1150116113,1144840746,1023947620,1063124009,0,0
138,part,18482,1150867428,1144749774,0,3126459904,0,0
138,part,18483,1150864245,1144733119,3206827434,1050191128,0,0
138,part,18484,1150874538,1144765734,0,3126468608,0,0
138,part,18485,1150881935,1144749982,1057257432,1051171466,0,0
138,part,18486,1150876769,1144731423,3186074180,1044858680,0,0
138,part,18487,1149730816,1144805378,952518656,1059760766,0,0
138,part,18488,1149714432,1144804896,952921088,1059760766,0,0
138,part,19483,1149280093,1144126945,1101301189,3258411945,1045584072,3242777307
138,part,18493,1148810285,1144297404,1091142300,1065804938,1020804492,1077954052
138,part,18494,1148900745,1144357281,3244655947,1067768618,3197117227,3226065900
138,part,18495,1148932569,1144351650,3242619229,1064417474,3178702085,1067614573
138,part,18496,1149058620,1144340346,3236433377,1055009686,1017620892,1077456612
138,part,18498,1150093810,1144761689,3207620504,1065704822,0,0
138,part,18499,1150102887,1144772668,3205810664,3215252722,0,0
138,part,18500,1150092894,1144771344,3219557642,3200047492,0,0
138,part,18501,1150084840,1144785361,3219416600,3204670974,0,0
138,part,18502,1150092037,1144760165,3211253290,3213265856,0,0
138,part,18503,1150116973,1144774655,1074321407,1062555270,0,0
138,part,18504,1150047809,1144806022,3222503403,1061120594,0,0
138,part,18505,1150048805,1144786977,3221992259,1058396802,0,0
138,part,18506,1150002881,1144802934,3219456391,3202457868,0,0
138,part,18507,1150035569,1144809887,1074586071,1065078809,0,0
138,part,18508,1150013939,1144656689,3202409983,3199979332,0,0
138,part,18509,1150018598,1144640848,1040494330,3198867268,0,0
138,part,18510,1150018694,1144626061,1041293521,3195131676,0,0
138,part,18511,1150000950,1144809371,3213043721,3213238152,0,0
138,part,18512,1149992742,1144812741,3221336464,1042394736,0,0
138,part,18513,1149996342,1144787646,3217761139,3200214812,0,0
138,part,18514,1150017720,1144750991,1065543184,3206311778,0,0
138,part,18515,1150022562,1144734979,1070499521,1053999960,0,0
138,part,18516,1149998910,1144672494,3215133716,1058607100,0,0
138,part,18517,1150014019,1144815786,1070140909,3207071054,0,0
138,part,18518,1149986161,1144806902,3219799457,3192607684,0,0
138,part,18519,1149999799,1144775979,3190369512,3213557692,0,0
138,part,18520,1150005211,1144762068,1056807506,3211745665,0,0
138,part,18521,1149986527,1144766635,3219425790,1051722586,0,0
138,part,18522,1150012798,1144742728,1068891668,3186383960,0,0
138,part,18523,1150011305,1144836298,1074745320,1058569861,0,0
138,part,18524,1149983393,1144796366,3214244838,3210178889,0,0
138,part,18525,1150009919,1144805980,1074036351,1061078750,0,0
138,part,18526,1149981707,1144770154,3215970177,3202482116,0,0
138,part,18527,1149977684,1144771751,3220090939,1059581798,0,0
138,part,18528,1150001459,1144736873,1065666602,3203533564,0,0
138,part,18529,1149982044,1144806282,3198832744,3214819500,0,0
138,part,18530,1150002354,1144821726,1074357290,1060424841,0,0
138,part,18531,1149994512,1144767870,1066942165,3205804714,0,0
138,part,18532,1149977040,1144750665,3211885666,3206645834,0,0
138,part,18533,1149970449,1144754676,3219109629,1058874867,0,0
138,part,18534,1149964743,1144831091,1001502208,0,0,0
138,part,18535,1149974122,1144791612,3197727468,3213942364,0,0
138,part,18536,1149987838,1144785035,1068495706,3205004394,0,0
138,part,18537,1149981067,1144762846,1057776499,3210949501,0,0
138,part,18538,1149962776,1144764013,3218579814,1044128736,0,0
138,part,18539,1149987061,1144740775,1067701827,3195025716,0,0
138,part,18540,1150345225,1144744615,983434652,1065349515,0,0
138,part,18541,1150320643,1144761001,970320882,1065351477,0,0
138,part,18542,1149401496,1144521259,1103058004,3203046806,0,0
138,part,18543,1147781449,1144532151,3237364862,3229651065,1047807195,1084417128
138,part,18544,1148274070,1144599101,1053333160,3198894554,0,1114636288
138,part,18545,1149131921,1144199185,3218502372,3240447592,0,0
138,part,18546,1149122626,1144234980,3221997686,3238393435,0,0
138,part,18547,1149142325,1144092729,3214270088,3246973253,0,0
138,part,18548,1149036355,1144073448,3236555198,3247558874,0,0
138,part,18549,1149231559,1144176845,1082124757,3242445550,0,0
138,part,18550,1149282165,1144014281,1092001532,3249355981,0,0
138,part,18551,1149115940,1144302903,3224645468,3232028148,0,0
138,part,18552,1149125605,1144339904,3222291005,3225193807,0,0
138,part,18553,1149354792,1144527532,1098959372,3226414280,0,0
138,part,18554,1149365547,1144592188,1099647667,1060474577,0,0
138,part,18555,1149330969,1144592379,1095961734,1060669669,0,0
138,part,18556,1150075138,1144835546,1027704852,1056673144,0,0
138,part,18557,1150885892,1144785224,975484928,1051372158,0,0
138,part,18558,1150885772,1144763778,3165423224,3181528432,0,0
138,part,18559,1150894494,1144765590,1033570485,1035046312,0,0
138,part,18560,1149973666,1144860313,1064805070,3195471044,0,0
138,part,18561,1149961440,1144853733,3215112933,1059587746,0,0
138,part,18562,1149974792,1144833965,1066806236,1051816716,0,0
138,part,18563,1149969402,1144808562,1044298578,3203747356,0,0
138,part,18564,1149966510,1144793215,3199189629,3200563624,0,0
138,part,18565,1149962746,1144786202,3213108551,1056082808,0,0
138,part,18566,1149965292,1144762990,3205561082,3189444288,0,0
138,part,18567,1149962468,1144859707,1054168094,3197627234,0,0
138,part,18568,1149960198,1144850204,981862656,1051372158,0,0
138,part,18569,1149960198,1144833820,982768896,1051372158,0,0
138,part,18570,1149960196,1144801052,974887680,1051372158,0,0
138,part,18571,1149963502,1144782099,1058742858,1036578256,0,0
138,part,18572,1149960202,1144769464,989795328,1051372158,0,0
138,part,18573,1148276114,1144593166,3233141275,1062010722,0,0
138,part,18574,1150345222,1144771921,982457628,1059754708,0,0
138,part,18575,1150337028,1144771922,979608338,1059755495,0,0
138,part,18576,1149953026,1144766154,1106710370,1087427298,0,0
138,part,18577,1149205380,1144418063,3236974158,3232552335,3167940264,1085071672
138,part,18578,1149441367,1144544151,1034862996,3192911968,0,1114636288
138,part,18579,1149441000,1144551840,1041852749,3186085364,0,1114636288
138,part,18580,1149441572,1144546931,1042602480,3186330708,0,1114636288
138,part,18581,1149722548,1144800129,3169138103,1042826724,0,0
138,part,18582,1149722624,1144816698,936997888,0,0,0
138,part,18583,1148906793,1144588417,3239977388,1053560097,0,0
138,part,18584,1148930199,1144588354,3238629123,1053172831,0,0
138,part,18585,1148993231,1144554844,1077701969,1048619721,0,0
138,part,18586,1148987064,1144527141,1072189373,3219727434,0,0
138,part,18587,1148957347,1144588393,3235121970,1053415051,0,0
138,part,18588,1149003753,1144559119,1072658616,3220940694,0,0
138,part,18589,1148980256,1144547271,3223036016,3213973042,0,0
138,part,18590,1149002467,1144527056,1070682222,3219856888,0,0
138,part,18591,1148995230,1144552669,3224118676,3189149320,0,0
138,part,18592,1149007701,1144524809,3201302948,3222267551,0,0
138,part,18595,1149075461,1144607752,3225348255,3224526216,0,0
138,part,18596,1149038900,1144622395,3239761713,3185065750,3153688108,3250822470
138,part,18597,1149050132,1144592074,3237207731,3233090291,3153688108,1113314529
138,part,18598,1149077231,1144576853,3223989024,3238469039,3153688108,3253769286
138,part,18599,1149106725,1144578060,1076852869,3238237222,3153688108,3250327000
138,part,18600,1149116891,1144604919,1083395255,3226701397,3153688108,1106623606
138,part,18601,1149137788,1144623232,1090969338,1027819062,3153688108,1111904648
138,part,18602,1149117304,1144641732,1083553821,1079760854,3153688108,1107275126
138,part,18603,1149102068,1144655402,1072810106,1086194832,3153688108,1101565393
138,part,18604,1149075795,1144670901,3225091561,1091332844,3153688108,1112262343
138,part,18605,1149048733,1144653722,3237744704,1085549895,3153688108,1109854081
138,part,18616,1149166305,1144762048,1096444677,1103870401,3213516554,1117695157
138,part,18617,1149133923,1144472929,1089935508,3252406870,1067831686,1104667101
138,part,18618,1149064054,1144688213,1062786688,3188834944,1081477420,1105994405
138,part,18626,1149030185,1144458559,3241434965,3253786434,1073161754,1124169884
138,part,18627,1149046620,1144687713,3238773140,3195496064,1083036927,1130750671
138,part,18628,1149234262,1144528933,1104200036,3247030460,1058290075,1131108021
138,part,18629,1148930657,1144574691,3253467860,3238884068,1077329591,1127531596
138,part,18631,1149118150,1144461210,1083878581,3253531855,1068777195,1130365259
138,part,18634,1149061969,1144593525,1061365984,1062805024,1075028432,1124360276
138,part,18635,1149100761,1144774001,1070802507,1105017856,3217128122,1128022146
138,part,18638,1149208937,1144703409,1101768844,1097574364,3206236649,1118817543
138,part,18639,1149057518,1144487316,3234371460,3251025763,1072227947,1131309899
138,part,18641,1149219102,1144591141,1102744668,3233448683,1047801862,1127756608
138,part,18642,1148972525,1144579985,3249448569,3237732467,1077105888,1125912185
138,part,18643,1149130294,1144737019,1088542196,1101467566,3214910538,1131512797
138,part,18644,1149137398,1144516543,1090894586,3248219874,1066717526,1109661810
138,part,18646,1149262390,1144917884,1091279586,1097454676,0,0
138,part,18647,1148953417,1144796110,3231458537,1086841816,0,0
138,part,18648,1149060740,1144874721,3213890288,1090126444,0,0
138,part,18649,1149280208,1144925942,3194000000,1087098742,0,0
138,part,19482,1149304487,1144200459,1099282185,3258211960,1045584072,3236242858
138,part,19481,1149244672,1144108234,1101246168,3259124108,1045584072,3243780778
138,part,19480,1149299474,1144152341,1099516782,3256897236,1045584072,3238949781
138,part,19479,1149239994,1144143655,1099216144,3256701350,1045584072,3243662502
138,part,18654,1148836935,1144253379,3258473540,3263650179,0,0
138,part,19478,1149308174,1144226481,3226784391,1093718222,0,0
138,part,19477,1149308174,1144226481,3240646594,1088177136,0,0
138,part,19476,1149308174,1144226481,3239786958,1100418171,0,0
138,part,19475,1149132214,1144505215,3228882472,1068346645,0,0
138,part,18659,1149157288,1144901500,0,0,0,0
138,part,18660,1148865740,1144885116,3235136317,1090128888,0,0
138,part,18661,1148951317,1144885116,3240000052,1100249002,0,0
138,part,19474,1149132214,1144505215,3234250750,1085145290,0,0
138,part,18663,1148903632,1144243606,3255364068,3263884725,0,0
138,part,18664,1149155101,1144213253,1092612930,3264613210,0,0
138,part,19473,1149132214,1144505215,3236013643,1100237410,0,0
138,part,19472,1149328961,1144561078,1083488541,3216942527,0,0
138,part,18667,1148781255,1144896614,3249528578,1101752112,0,0
138,part,18668,1148754773,1144332240,3262566347,3259652876,0,0
138,part,18669,1148595037,1144376448,3259795608,3247013564,0,0
138,part,18670,1149124520,1144945131,1043155160,1079859908,0,0
138,part,18671,1148817978,1144896396,3245799278,1097827938,0,0
138,part,18672,1149303765,1144847787,1095906659,1072508179,0,0
138,part,18673,1149000825,1144917884,3237572897,1101326117,0,0
138,part,18674,1148816505,1144917884,3238689744,1092348974,0,0
138,part,18675,1149366337,1144663706,1115048429,1091065089,0,0
138,part,18676,1148877942,1144223547,3256654220,3264366141,0,0
138,part,18677,1148843978,1144244170,3258284510,3263871177,0,0
138,part,18678,1148833224,1144273403,3258800678,3263169596,0,0
138,part,18679,1148867905,1144216315,3257136006,3264539704,0,0
138,part,18680,1149263828,1144950652,0,0,0,0
138,part,18681,1148735177,1144885116,3256327568,1104584598,0,0
138,part,18682,1149092355,1144196064,1038232205,3265025732,0,0
138,part,18683,1149171599,1144967036,1076134198,1093578357,0,0
138,part,18684,1149079059,1144929457,3189923115,1093810083,0,0
138,part,18685,1149059671,1144955388,3203911390,1090725584,0,0
138,part,18686,1149288404,1144962798,1095885738,1101526920,0,0
138,part,18687,1148968604,1144999804,3237736246,1102891568,0,0
138,part,18688,1148841196,1144618614,1085711840,3205818142,0,0
138,part,18689,1148850234,1144555049,1108162868,3242628748,0,0
138,part,18690,1148799856,1144589290,3247258950,1105526590,0,0
138,part,18691,1148814977,1144517920,3241133900,1100762582,0,0
138,part,18692,1148764956,1144370058,3262077580,3257971521,0,0
138,part,18693,1148811283,1144340714,3259735016,3259939749,0,0
138,part,18694,1148858230,1144292925,3257718158,3262233623,0,0
138,part,18695,1148920090,1144279639,3254481863,3262871369,0,0
138,part,18696,1148972302,1144237038,3249729840,3264042365,0,0
138,part,18697,1149044906,1144240463,3240673716,3263960167,0,0
138,part,18698,1149093328,1144235757,1057631960,3264073095,0,0
138,part,18699,1149163213,1144209933,1095310568,3264692883,0,0
138,part,18700,1149177676,1144544543,3237623508,1074601392,0,0
138,part,18701,1149064646,1144477249,3256159743,1086727824,0,0
138,part,18702,1149105093,1144526187,3254961239,1099088526,0,0
138,part,18703,1149127642,1144545940,3231277320,1103863298,0,0
138,part,18704,1149117620,1144515615,3229444496,1101074340,0,0
138,part,18705,1149121065,1144491437,3230009760,1097596190,0,0
138,part,18706,1149249966,1144697166,1100331656,3235377720,0,0
138,part,18707,1148994082,1144552931,3255666074,3241811140,0,0
138,part,18708,1149106710,1144630256,3254847782,1057567750,0,0
138,part,18709,1149185067,1144701679,3240301104,1095133367,0,0
138,part,18710,1149162002,1144640738,3248588584,1055583744,0,0
138,part,18711,1149249041,1144653007,1083329928,1096715628,0,0
138,part,18712,1149194964,1144635096,3226186768,3248152226,0,0
138,part,18713,1149253667,1144799198,3221313680,3221443744,0,0
138,part,18714,1149253914,1144847531,3219814816,3223583104,0,0
138,part,18715,1149257401,1144766213,1107334462,3223623776,0,0
138,part,18716,1149153863,1144926726,3211834048,3233684592,0,0
138,part,18717,1149157731,1144777990,1093244218,3224645120,0,0
138,part,18718,1149087460,1144890091,3205909137,3234163136,0,0
138,part,18719,1149060161,1144845266,1056787904,3225322368,0,0
138,part,18720,1148993339,1144962951,3189641152,3233363728,0,0
138,part,18721,1148960588,1144876296,3177709280,3232665440,0,0
138,part,18722,1148981257,1144781133,1070835744,3222231616,0,0
138,part,18723,1148847919,1144866834,1082147400,3229393968,0,0
138,part,18724,1148867263,1144783318,1076152672,3219890912,0,0
138,part,18725,1148868767,1144819270,1094740696,1107936458,0,0
138,part,18726,1148856925,1144742359,1098949140,1102081470,0,0
138,part,18727,1148862088,1144696395,1098509648,1094369941,0,0
138,part,18730,1149161902,1144609855,3223437800,3208112701,0,0
138,part,18731,1149180783,1144613011,1064176664,3180342310,3153688108,3255343759
138,part,18732,1149180456,1144609531,1063170912,3200719472,3153688108,3254784088
138,part,18733,1149182404,1144598670,1067254484,3224440326,3153688108,1107601194
138,part,18734,1149180645,1144605647,1063752868,1046435728,3153688108,3254505718
138,part,18735,1149181933,1144616785,1066530408,1057810448,3153688108,3254797154
138,part,18736,1149194456,1144614406,1060277312,1026786219,3153688108,1102460352
138,part,18737,1149210725,1144639525,1087189560,1083628248,3153688108,3256653465
138,part,18738,1149196081,1144645805,1072613459,1086039858,3153688108,3249474986
138,part,18739,1149161557,1144656264,3223702229,1090056145,3153688108,3247873504
138,part,18740,1149142520,1144637479,3233968574,1082842778,3153688108,1107340374
138,part,18745,1149292812,1144655649,1106898856,1089819977,3195718249,1119649328
138,part,18747,1149132704,1144778002,3237738027,1106284487,1083089755,1124206169
138,part,18749,1149011056,1144607359,3253809087,3214308823,1078386240,1117327446
138,part,18750,1149263967,1144728713,1101360619,1101552703,3209440021,1119506510
138,part,18752,1149060150,1144716479,3249095985,1100378296,1081593100,1119727670
138,part,18758,1149266846,1144662999,1101913480,1091580798,3201047719,1109407588
138,part,18761,1149131502,1144781967,3238101180,1106665119,1083088097,1107614188
138,part,18764,1149255585,1144750567,1099751233,1103650714,3212182893,1124534627
138,part,18766,1149050724,1144717602,3250000934,1100486088,1081454740,1127489499
138,part,18767,1149287444,1144599199,1105868241,3224034178,1034887727,1116281296
138,part,18770,1149247411,1144483352,1097456062,3250523778,1065509312,1115587970
138,part,18771,1149028889,1144639209,3252097096,1083507080,1079273585,1117215632
138,part,18772,1149269963,1144688436,1102511921,1096464560,3205183061,1129138189
138,part,18775,1149272585,1144576265,1103015364,3235631075,1049394221,1124197180
138,part,18776,1149051916,1144569863,3249886455,3238046065,1077126454,1124456607
138,part,18778,1149213708,1144497805,1088334853,3249136218,1067466273,1122007070
138,part,18780,1149258972,1144641758,1100401553,1084485740,3196840359,1125993922
138,part,18781,1149245291,1144990611,1079928850,1100096656,0,0
138,part,19471,1149328961,1144561078,1086837207,1064453820,0,0
138,part,18783,1149016072,1144226728,3253666652,3264069172,0,0
138,part,19470,1149328961,1144561078,1095962675,1077407268,0,0
138,part,18785,1149207887,1144867142,1050613552,3206896101,0,0
138,part,18786,1148849827,1144280946,3261767954,3262367345,0,0
138,part,18787,1148870510,1144274018,3261157970,3262699902,0,0
138,part,18788,1149417309,1144642641,1117367092,1085275020,0,0
138,part,18789,1148980024,1144953314,3247746200,1107808470,0,0
138,part,18790,1149432890,1144709095,1118115018,1099385546,0,0
138,part,18791,1149344426,1144892036,3197818944,3207058624,0,0
138,part,19469,1149328961,1144561078,3236000518,3227469754,0,0
138,part,19468,1149328961,1144561078,3242469421,3234952112,0,0
138,part,18794,1148737383,1144493174,3265299683,3250053190,0,0
138,part,18795,1148443668,1144780332,3254092124,1107089536,0,0
138,part,18796,1149294958,1144925075,1095948666,1101712480,0,0
138,part,18797,1149386947,1144859539,1115759345,1110138566,0,0
138,part,18798,1149385770,1144398596,1115853244,3256547320,0,0
138,part,18799,1149394801,1144389651,1116286732,3256963846,0,0
138,part,18800,1149254866,1145006995,1094391554,1111804202,0,0
138,part,18801,1149262197,1144990611,1093014299,1107557514,0,0
138,part,18802,1148886850,1144908691,3250098294,1102865498,0,0
138,part,18803,1149222585,1144946425,1048125360,1074334532,0,0
138,part,18804,1149387550,1144353052,1115938705,3258806387,0,0
138,part,18805,1149115653,1144193467,3242529240,3264867437,0,0
138,part,18806,1149400790,1144457809,1116574233,3253517740,0,0
138,part,18807,1148851460,1144351677,3261955138,3258780630,0,0
138,part,18808,1149044633,1145023379,3245026994,1109541496,0,0
138,part,18809,1148863069,1144894534,3240491844,1091352368,0,0
138,part,18810,1149426656,1144460364,1117815746,3252730544,0,0
138,part,18811,1149285897,1144941459,1083593495,1091340755,0,0
138,part,18812,1148864409,1144908691,3255270880,1106219524,0,0
138,part,18813,1149369017,1144325773,1114413324,3260215632,0,0
138,part,18814,1148956575,1144193056,3256909576,3264877289,0,0
138,part,18815,1149333649,1144250416,1111017994,3263500660,0,0
138,part,18816,1149190007,1144908691,0,0,0,0
138,part,18817,1149317858,1144220593,1109502017,3264216404,0,0
138,part,18818,1149414309,1144412494,1117223088,3256052994,0,0
138,part,18819,1149415159,1144414418,1117263900,3255960680,0,0
138,part,18820,1149435436,1144538588,1118237193,3244050857,0,0
138,part,18821,1148798873,1144845421,3263428504,1110120911,0,0
138,part,18822,1148733000,1144444120,3265404876,3254290041,0,0
138,part,18823,1148810912,1144607462,1108054016,3205467101,0,0
138,part,18824,1148806587,1144605696,3241337320,1112790415,0,0
138,part,18825,1148776758,1144502641,3264354664,3250769949,0,0
138,part,18826,1148894016,1144522496,3221406016,1106382812,0,0
138,part,18827,1148991345,1144512687,1085539888,1101684302,0,0
138,part,18828,1149065520,1144330119,1097152488,3260115621,0,0
138,part,18829,1148929433,1144470219,3258330188,1084428336,0,0
138,part,18830,1148984974,1144458662,3254739632,1077989232,0,0
138,part,18831,1149036473,1144445184,3250055996,3216890880,0,0
138,part,18832,1149109483,1144211403,3241248129,3264436970,0,0
138,part,18833,1149186280,1144217351,1057847444,3264294225,0,0
138,part,18834,1149212719,1144231187,3255881118,3252739066,0,0
138,part,18835,1149263537,1144274755,1102851913,1091157960,0,0
138,part,18836,1149307763,1144291456,1108047723,1091777224,0,0
138,part,18837,1149319831,1144304693,1109860292,3261227469,0,0
138,part,18838,1149360364,1144311930,1113618767,3260880116,0,0
138,part,18839,1149382447,1144361318,1115693754,3258399292,0,0
138,part,18840,1149384105,1144428991,1115773293,3254867873,0,0
138,part,18841,1149394427,1144504165,1116268787,3249362766,0,0
138,part,18842,1149399711,1144565064,1116522426,3240729017,0,0
138,part,18843,1149407195,1144619736,1116881643,1057916750,0,0
138,part,18844,1149406771,1144685508,1116861314,1094847981,0,0
138,part,18845,1149405302,1144745655,1116790750,1103179287,0,0
138,part,18846,1149389802,1144810314,1116046766,1107993343,0,0
138,part,18847,1149328769,1144791625,3222860608,3219248096,0,0
138,part,18848,1149343371,1144889187,1111927523,1112127290,0,0
138,part,18849,1149279309,1144890606,3218551200,3222699408,0,0
138,part,18850,1149273112,1144860687,1037461984,3232204032,0,0
138,part,18851,1149247852,1144888468,3210626240,3224342016,0,0
138,part,18852,1149229577,1144864712,1093761884,3233583760,0,0
138,part,18853,1149175822,1144880301,1019463552,3234392240,0,0
138,part,18854,1149127487,1144848304,1055961504,3233089424,0,0
138,part,18855,1149042072,1144785832,3250307668,3224648800,0,0
138,part,18856,1149029671,1144852800,1067993792,3223459152,0,0
138,part,18857,1148998133,1144924590,1071634752,3222772768,0,0
138,part,18858,1148885569,1144899531,3260317900,1112623797,0,0
138,part,18859,1148853322,1144844274,3261865721,1109971474,0,0
138,part,18860,1148807692,1144801557,3263612241,1107739508,0,0
138,part,18861,1148782103,1144744147,3264226382,1102479176,0,0
138,part,18862,1148777023,1144679574,3264348308,1093657659,0,0
138,part,18863,1150328833,1144768284,967041504,1051369641,0,0
138,part,18864,1150328864,1144588036,1010692857,1051224716,0,0
138,part,18865,1149124657,1144557906,3247435141,3222205437,0,0
138,part,18866,1149089943,1144566336,3250767681,3207638277,0,0
138,part,18867,1149171560,1144559210,3239473496,3221183339,0,0
138,part,18868,1149168799,1144582981,3240003571,1075241988,0,0
138,part,18869,1149191962,1144597315,3233110115,1084190348,0,0
138,part,18870,1149195453,1144543026,3231769457,3231623912,0,0
138,part,18871,1149020976,1144599022,3247951317,1074978924,0,0
138,part,18872,1148985416,1144576588,3251365071,3219656932,0,0
138,part,18873,1149047197,1144566630,3244476783,3228088963,0,0
138,part,18874,1149064572,1144560865,3241140888,3231065226,0,0
138,part,18875,1149091841,1144589653,3233807544,1058294651,0,0
138,part,18876,1149086433,1144594930,3235884427,1069929672,0,0
138,part,17037,1148796950,1144880366,993845315,3178060064,0,3109163008
138,part,17041,1148692335,1144292715,995128309,3178066669,1036085042,3139969976
138,part,17052,1149247479,1144778512,1031060352,3188857821,0,3217886984
138,part,17057,1149159473,1144880316,3201677668,3199138891,0,3217886984
138,part,17061,1149301555,1144527619,1080982771,3224648967,3194049177,3210364684
138,part,18877,1150083072,1144832000,1026308688,3196589776,0,0
138,part,18878,1150902272,1144782848,1054403044,3195107055,0,0
138,part,18879,1149886464,1144782848,1046533455,3199815459,0,0
138,part,18882,1149902848,1144733696,3234507633,3221738157,0,0
138,part,18883,1149911040,1144733696,3238377985,3215248827,0,0
138,part,18884,1149911040,1144700928,1075744473,3217920998,0,0
138,part,18885,1149919232,1144750080,3237870345,3218938416,0,0
138,part,18886,1149919232,1144733696,3214847491,3224166712,0,0
138,part,18887,1149919232,1144700928,1076469967,3206641343,0,0
138,part,18888,1149927424,1144750080,3233323864,3215730920,0,0
138,part,18889,1149927424,1144733696,1077179064,3203611195,0,0
138,part,18890,1149927424,1144700928,1074759044,3215828913,0,0
138,part,18891,1149935616,1144733696,1074010448,3219586614,0,0
138,part,18892,1149935616,1144684544,1071688230,3218166871,0,0
138,part,18893,1149173760,1144782848,3226697856,3230557442,0,0
138,part,18894,1149173760,1144766464,3224271715,3196874616,0,0
138,part,18895,1149190144,1144799232,3229718580,3228355160,0,0
138,part,18896,1149190144,1144782848,3224298049,3131345186,0,0
138,part,18897,1149190144,1144815616,3229401950,3229208228,0,0
138,part,18898,1149206528,1144832000,3221924297,3234284973,0,0
138,part,18899,1149206528,1144815616,3222821025,3215445376,0,0
138,part,18900,1149206528,1144799232,3220605297,3219152575,0,0
138,part,18901,1149222912,1144815616,1075748776,3209074898,0,0
138,part,18902,1149222912,1144799232,3215500538,3221669938,0,0
138,part,18903,1149026304,1144684544,1082882570,3229957165,0,0
138,part,18904,1149026304,1144668160,3224092045,3197351408,0,0
138,part,18905,1149026304,1144651776,1075928898,3205727839,0,0
138,part,18906,1149026304,1144569856,3212871914,3219191542,0,0
138,part,18907,1149026304,1144537088,3215094416,3215147303,0,0
138,part,18908,1149009920,1144700928,1081486153,3229982740,0,0
138,part,18909,1149009920,1144668160,1069095429,3220899689,0,0
138,part,18910,1149009920,1144635392,3221026232,3213019976,0,0
138,part,18911,1148993536,1144717312,1074279724,3231330828,0,0
138,part,18912,1148993536,1144700928,1075315830,3179024815,0,0
138,part,18913,1148993536,1144651776,1048374564,3221495319,0,0
138,part,18914,1148993536,1144635392,3207402145,3220060003,0,0
138,part,18915,1148993536,1144602624,3181587959,3219382242,0,0
138,part,18916,1148993536,1144733696,1075708324,3226139432,0,0
138,part,18917,1148977152,1144733696,3221013030,3198696235,0,0
138,part,18918,1148977152,1144717312,1060928526,3219308715,0,0
138,part,18919,1148977152,1144700928,3217481874,3212439375,0,0
138,part,18920,1148977152,1144684544,3218947139,3197204321,0,0
138,part,18921,1148977152,1144668160,1064564400,3215933831,0,0
138,part,18922,1148977152,1144651776,3197296299,3217522747,0,0
138,part,18923,1148977152,1144635392,1069481563,3190438519,0,0
138,part,18924,1148977152,1144602624,3213154144,3210136001,0,0
138,part,18925,1148960768,1144750080,1067756572,3214834613,0,0
138,part,18926,1148960768,1144733696,1060262477,3217559081,0,0
138,part,18927,1148960768,1144717312,1070157524,3202880171,0,0
138,part,18928,1148960768,1144684544,3216721584,3196756527,0,0
138,part,18929,1148960768,1144668160,1063930831,3213484910,0,0
138,part,18930,1148960768,1144602624,1030018790,3213797818,0,0
138,part,18931,1148944384,1144766464,3214562406,3212109670,0,0
138,part,18932,1148944384,1144750080,3215299544,3207949877,0,0
138,part,18933,1148944384,1144733696,3216042029,3197184045,0,0
138,part,18934,1148944384,1144717312,3208475984,3213886790,0,0
138,part,18935,1148944384,1144700928,1059118866,3213827685,0,0
138,part,18936,1148944384,1144619008,3210828572,3200685298,0,0
138,part,18937,1148944384,1144602624,1058044925,3207774270,0,0
138,part,18938,1149059072,1144700928,1062932848,3232225119,0,0
138,part,18939,1149059072,1144717312,1065556274,3233644557,0,0
138,part,18940,1149059072,1144733696,1061680778,3238080040,0,0
138,part,18941,1149059072,1144750080,1059739192,3235210624,0,0
138,part,18942,1149239296,1144832000,3225002780,3232524248,0,0
138,part,18943,1149239296,1144799232,1076147622,3193241075,0,0
138,part,18944,1149239296,1144782848,3218912618,3219280559,0,0
138,part,18945,1149247488,1144848384,3226869528,3234483826,0,0
138,part,18946,1149247488,1144815616,1038555463,3223625494,0,0
138,part,18947,1149247488,1144799232,3217302496,3220621120,0,0
138,part,18948,1149247488,1144782848,1072975934,3215959681,0,0
138,part,18949,1149255680,1144864768,3222693740,3224742969,0,0
138,part,18950,1149255680,1144881152,3222793610,3227190187,0,0
138,part,18954,1149042688,1144832000,1069622049,3225440032,0,0
138,part,18955,1149042688,1144782848,3203423443,3219725330,0,0
138,part,18956,1149042688,1144750080,1070886205,3201463589,0,0
138,part,18957,1149042688,1144848384,1065882710,3224350115,0,0
138,part,18961,1148791983,1144439705,3233688424,3205240371,3157070020,1075260744
138,part,18962,1148890281,1144440743,3237661046,1056430932,3157070020,3230524876
138,part,18963,1148808539,1144423495,3245245800,3198451577,3157070020,1087899278
138,part,18964,1148824749,1144440051,3247282317,3195821311,3157070020,3230954834
138,part,18965,1148923221,1144424706,3241030441,3210085075,3157070020,1081748648
138,part,18966,1148939431,1144441262,3248517043,3217963018,3157070020,3231860748
138,part,18967,1148841305,1144423841,3246978750,1041450790,3157070020,3237921861
138,part,18968,1148767581,1144423062,3248198869,3190809650,3157070020,3225716216
138,part,18974,1149296103,1144513382,3237730174,1099840503,0,0
138,part,18975,1149296103,1144513382,3230882483,1091098512,0,0
138,part,18976,1149296103,1144513382,3229793867,3247109096,0,0
138,part,18977,1149296103,1144513382,1074464419,3238524455,0,0
138,part,18978,1149296103,1144513382,3224539366,3245777996,0,0
138,part,18979,1149296103,1144513382,3204554232,1091215520,0,0
138,part,18980,1149296103,1144513382,1092770914,1097295283,0,0
138,part,18981,1149296103,1144513382,1076561092,1100485868,0,0
138,part,18982,1149296103,1144513382,3239176295,1099056186,0,0
138,part,18983,1149296103,1144513382,3211748560,1100255571,0,0
138,part,18984,1149296103,1144513382,3235514454,3234122666,0,0
138,part,18985,1149296103,1144513382,3223775598,1058650965,0,0
138,part,18986,1149296103,1144513382,3231511012,1090518533,0,0
138,part,18987,1149296103,1144513382,1069472222,1078135522,0,0
138,part,18988,1149296103,1144513382,3224689666,1084863254,0,0
138,part,18989,1149296103,1144513382,3210513486,3231042234,3195002842,3230437934
138,part,18990,1149296103,1144513382,3215658319,3233824879,3195002842,3228393621
138,part,18991,1149296103,1144513382,1078457516,1085270417,3195002842,1061728384
138,part,18992,1149296103,1144513382,1086352555,1090540530,3195002842,3234792640
138,part,18993,1149296103,1144513382,3227830006,1086230122,3195002842,3235365560
138,part,18994,1149296103,1144513382,3236505674,3199981613,3195002842,1084061628
138,part,18995,1149296103,1144513382,1066041970,3231191243,3195002842,1060525776
138,part,18996,1149296103,1144513382,3231255101,3205362114,3195002842,3236889320
138,part,18997,1149296103,1144513382,3241970518,3231316794,3195002842,3233108838
138,part,18998,1149296103,1144513382,3243431315,1067151996,3195002842,1075904159
138,part,18999,1149296103,1144513382,3240383883,3238526776,3195002842,1076232493
138,part,19000,1149296103,1144513382,1067462980,1097392098,3195002842,1085891168
138,part,19001,1149296103,1144513382,3238624674,1094025310,3195002842,1072586294
138,part,19002,1149296103,1144513382,3225836172,3240700320,3195002842,1073115230
138,part,19003,1149296103,1144513382,1085301991,3238169037,3195002842,1076663213
138,part,19004,1149296103,1144513382,3213656650,1090624982,3195002842,3234977398
138,part,19005,1149296103,1144513382,1082080606,1088637982,3195002842,3227568628
138,part,19006,1149296103,1144513382,3223183634,1084260474,3195002842,1086509180
138,part,19007,1149296103,1144513382,1050180418,1091252132,3195002842,1075933507
138,part,19008,1149296103,1144513382,3233692433,3228225104,3195002842,3223514559
138,part,19009,1149296103,1144513382,3231131247,3222274350,3195002842,3232018160
138,part,19010,1149296103,1144513382,3241298049,3231892700,3195002842,1082722282
138,part,19011,1149296103,1144513382,3241157821,3235599056,3195002842,1072138142
138,part,19012,1149296103,1144513382,3239588361,3214900815,3195002842,1067497628
138,part,19013,1149296103,1144513382,3234979504,1083026740,3195002842,3227358045
138,part,19014,1149296103,1144513382,3224907724,1091861109,3195002842,3225369558
138,part,19015,1149108224,1144782848,3217618978,3229931331,0,0
138,part,19016,1149124608,1144799232,3212652386,3235037670,0,0
138,part,19017,1149124608,1144766464,1075580603,3213175426,0,0
138,part,19018,1149124608,1144815616,3216464542,3231686750,0,0
138,part,19019,1149124608,1144832000,3217312856,3237127524,0,0
138,part,19020,1148944384,1144782848,1078785010,3229629876,0,0
138,part,19021,1148928000,1144799232,1082686636,3229514413,0,0
138,part,19022,1148928000,1144733696,3215129140,3220124923,0,0
138,part,19023,1148928000,1144717312,3211957891,3220671580,0,0
138,part,19024,1148928000,1144700928,1072052435,3212420545,0,0
138,part,19025,1148928000,1144684544,1072131146,3207781042,0,0
138,part,19026,1148928000,1144668160,3217475898,3212319234,0,0
138,part,19027,1148928000,1144635392,1069106530,3208087147,0,0
138,part,19028,1148911616,1144815616,1078616426,3231492850,0,0
138,part,19029,1148911616,1144799232,3215941099,3221627279,0,0
138,part,19030,1148911616,1144782848,3216651181,3220456423,0,0
138,part,19031,1148911616,1144766464,3214045709,3221139425,0,0
138,part,19032,1148911616,1144733696,1053790242,3221421792,0,0
138,part,19033,1148911616,1144717312,1073217139,3201729817,0,0
138,part,19034,1148911616,1144668160,3217725017,3204959908,0,0
138,part,19035,1148911616,1144635392,3215262064,3207580458,0,0
138,part,19036,1148895232,1144832000,1075025806,3224406178,0,0
138,part,19037,1148895232,1144815616,3199903058,3222874251,0,0
138,part,19038,1148895232,1144799232,3216511051,3219718831,0,0
138,part,19039,1148895232,1144782848,3219640166,3215204309,0,0
138,part,19040,1148895232,1144766464,3221517752,3202782685,0,0
138,part,19041,1148895232,1144750080,3221262432,3191655212,0,0
138,part,19042,1148895232,1144733696,3217730417,3213504609,0,0
138,part,19043,1148895232,1144717312,3218571458,3207458054,0,0
138,part,19044,1148895232,1144668160,3216778986,3199688721,0,0
138,part,19045,1148895232,1144651776,1057758177,3215367723,0,0
138,part,19046,1149026304,1144700928,1080304654,3230276044,0,0
138,part,19047,1149009920,1144733696,1079866689,3233939669,0,0
138,part,19048,1149009920,1144717312,1075114673,3214505879,0,0
138,part,19049,1149009920,1144766464,1077821647,3233836898,0,0
138,part,19050,1148993536,1144782848,1072237186,3230706483,0,0
138,part,19051,1148993536,1144766464,3199537075,3223033110,0,0
138,part,19052,1148993536,1144750080,3217805188,3218994586,0,0
138,part,19053,1148977152,1144766464,3220475868,3214775297,0,0
138,part,19054,1148960768,1144815616,3205241491,3221740630,0,0
138,part,19055,1148960768,1144799232,1074068519,3198073925,0,0
138,part,19056,1148960768,1144782848,3216569821,3216163066,0,0
138,part,19060,1148878848,1144750080,1086908069,3224599910,0,0
138,part,19061,1148878848,1144733696,1066655589,3223149335,0,0
138,part,19062,1148878848,1144651776,1066424096,3219810033,0,0
138,part,19063,1148862464,1144750080,1083643822,3222566224,0,0
138,part,19064,1148862464,1144733696,3221882459,3218253003,0,0
138,part,19065,1148846080,1144766464,1082582144,3225253156,0,0
138,part,19066,1148846080,1144717312,1074529175,3214304435,0,0
138,part,19067,1148829696,1144766464,1084760729,3224585870,0,0
138,part,19068,1148829696,1144750080,3224143708,3194463299,0,0
138,part,19069,1148813312,1144766464,1066496279,3223116528,0,0
138,part,19074,1148878848,1144799232,1084332845,3226128894,0,0
138,part,19075,1148878848,1144766464,1074894835,3215116821,0,0
138,part,19076,1148862464,1144815616,1083065910,3227649832,0,0
138,part,19077,1148862464,1144799232,1063851200,3223568615,0,0
138,part,19078,1148862464,1144782848,1048325306,3223704213,0,0
138,part,19079,1148846080,1144832000,1084765692,3225328919,0,0
138,part,19080,1148846080,1144815616,1070727795,3221894296,0,0
138,part,19081,1148846080,1144799232,3217724567,3221483838,0,0
138,part,19082,1148846080,1144782848,1044564763,3223233489,0,0
138,part,19083,1148829696,1144848384,1081048671,3229498748,0,0
138,part,19090,1149091840,1144864768,3196856022,3234690363,0,0
138,part,19091,1149091840,1144881152,3191407382,3227480725,0,0
138,part,19092,1149091840,1144897536,3189383191,3224811265,0,0
138,part,19093,1149091840,1144913920,3190681298,3229515529,0,0
138,part,19094,1148878848,1144815616,1083487060,3233190851,0,0
138,part,19095,1148862464,1144832000,1078164457,3229654988,0,0
138,part,19096,1148846080,1144848384,1083633268,3232921647,0,0
138,part,19097,1148829696,1144864768,1080870492,3229919734,0,0
138,part,19101,1149198350,1144617956,3241191286,3206515414,1082996432,3231165884
138,part,19102,1149239889,1144648111,3240666947,1061141039,1082996432,3228947811
138,part,19103,1149231971,1144731218,3245273497,3176277868,1082996432,3237275008
138,part,19104,1149218838,1144607135,3241055879,1034647906,1082996432,1046594264
138,part,19105,1149199505,1144669754,3247867627,3202554296,1082996432,3232204345
138,part,19106,1149225982,1144695076,3248550887,3208215125,1082996432,1069327534
138,part,19107,1149170507,1144763684,3240458273,1032062294,1082996432,3231917132
138,part,19111,1149255680,1144799232,3229253107,3202754673,0,0
138,part,19112,1149255680,1144766464,1056913045,3219337547,0,0
138,part,19113,1149255680,1144733696,1071084328,3163514398,0,0
138,part,19114,1149255680,1144700928,1065526340,3213930586,0,0
138,part,19115,1149263872,1144799232,3222872907,3202581818,0,0
138,part,19116,1149263872,1144782848,1069025509,3213729246,0,0
138,part,19117,1149263872,1144750080,1067917798,3213087570,0,0
138,part,19118,1149263872,1144733696,1068452604,3209527584,0,0
138,part,19119,1149272064,1144799232,3223962428,3197965587,0,0
138,part,19120,1149272064,1144766464,1050929470,3217828123,0,0
138,part,19121,1149272064,1144750080,3203249618,3216907087,0,0
138,part,19122,1149272064,1144733696,1063747722,3214332965,0,0
138,part,19123,1149280256,1144815616,3220827912,3192205707,0,0
138,part,19124,1149280256,1144799232,3199460850,3217303937,0,0
138,part,19125,1149280256,1144782848,1049997789,3216847710,0,0
138,part,19126,1149280256,1144766464,1061577381,3214642000,0,0
138,part,19127,1149280256,1144750080,1065973026,3210486498,0,0
138,part,19128,1149280256,1144733696,3214188152,3206245370,0,0
138,part,19129,1149280256,1144684544,3212701132,3204555595,0,0
138,part,19130,1149280256,1144668160,1065322759,3198404396,0,0
138,part,19131,1149280256,1144635392,3206811741,3207067190,0,0
138,part,19132,1149288448,1144815616,3217266919,3198062578,0,0
138,part,19133,1149288448,1144799232,1067297484,3208447494,0,0
138,part,19134,1149288448,1144782848,3211440461,3213059191,0,0
138,part,19135,1149288448,1144733696,3202806667,3213747119,0,0
138,part,19136,1149288448,1144717312,3208315432,3210675945,0,0
138,part,19137,1149288448,1144700928,1065972271,3182199869,0,0
138,part,19138,1149288448,1144684544,1040996528,3212903824,0,0
138,part,19139,1149288448,1144668160,1062220099,3204536250,0,0
138,part,19140,1149288448,1144651776,3191661106,3210797129,0,0
138,part,19141,1149296640,1144782848,3210058196,3211268798,0,0
138,part,19142,1149296640,1144717312,1033582770,3212962446,0,0
138,part,19143,1149296640,1144684544,3207514993,3206169184,0,0
138,part,19144,1149296640,1144668160,3208414912,3202384396,0,0
138,part,19145,1149026304,1144766464,1070666187,3235309348,0,0
138,part,19146,1149026304,1144782848,1069937034,3234305388,0,0
138,part,19147,1149009920,1144799232,1075396626,3228348534,0,0
138,part,19148,1149009920,1144815616,1071221960,3233721776,0,0
138,part,19149,1148993536,1144799232,1065502301,3221447962,0,0
138,part,19150,1148878848,1144832000,1081370442,3228168808,0,0
138,part,19151,1148862464,1144848384,1078538094,3234617828,0,0
138,part,19152,1148846080,1144864768,1075715578,3228498455,0,0
138,part,19153,1148829696,1144881152,1079688290,3229770788,0,0
138,part,19154,1149304832,1144651776,3235366449,3208140122,0,0
138,part,19155,1149313024,1144651776,3236270409,3207401781,0,0
138,part,19156,1149329408,1144651776,3229866294,3208400656,0,0
138,part,19157,1149173760,1144799232,3224222096,3231720849,0,0
138,part,19158,1149190144,1144832000,3227038349,3235587794,0,0
138,part,19159,1149206528,1144848384,3228393895,3230503158,0,0
138,part,19160,1149222912,1144881152,3229488261,3232109144,0,0
138,part,19161,1148829696,1144782848,1086593747,3226792752,0,0
138,part,19162,1148813312,1144799232,1082861029,3231101676,0,0
138,part,19163,1148796928,1144815616,1080247949,3230956764,0,0
138,part,19164,1148780544,1144832000,1086790221,3229893986,0,0
138,part,19165,1148780544,1144815616,1062568821,3223972940,0,0
138,part,19166,1148780544,1144799232,3214128784,3222921699,0,0
138,part,19167,1148780544,1144782848,1075181976,3212905925,0,0
138,part,19168,1148780544,1144766464,1066039484,3221987154,0,0
138,part,19169,1148780544,1144684544,1072424723,3193607616,0,0
138,part,19170,1148780544,1144668160,3218647594,3201098724,0,0
138,part,19171,1148764160,1144832000,1062142327,3223986504,0,0
138,part,19172,1148764160,1144815616,1076519527,3176596607,0,0
138,part,19173,1148764160,1144799232,3222604524,3213100902,0,0
138,part,19174,1148764160,1144782848,1045420272,3222998574,0,0
138,part,19175,1148764160,1144766464,1074069203,3213015434,0,0
138,part,19176,1148764160,1144733696,1068149441,3217882854,0,0
138,part,19177,1148764160,1144717312,1070209721,3214304460,0,0
138,part,19178,1148764160,1144700928,1051128169,3219744388,0,0
138,part,19179,1148764160,1144668160,1070090445,3201855442,0,0
138,part,19180,1148764160,1144651776,3213223665,3213525088,0,0
138,part,19181,1148764160,1144635392,3215541499,3201957964,0,0
138,part,19182,1149140992,1144848384,3212439630,3237249213,0,0
138,part,19183,1149140992,1144832000,3199196398,3224474580,0,0
138,part,19184,1149140992,1144815616,1060949501,3223640679,0,0
138,part,19185,1149140992,1144799232,3195594108,3223537747,0,0
138,part,19186,1149140992,1144782848,1075525555,3198422399,0,0
138,part,19187,1149140992,1144897536,3215929470,3232069534,0,0
138,part,19188,1149140992,1144913920,3215139802,3228055791,0,0
138,part,19189,1149140992,1144930304,3210334786,3231963029,0,0
138,part,19190,1149075456,1144848384,1032296569,3236598348,0,0
138,part,19191,1149075456,1144864768,1032805142,3229885129,0,0
138,part,19192,1149075456,1144881152,1033872288,3230513265,0,0
138,part,19193,1149075456,1144897536,1023830171,3224012404,0,0
138,part,19194,1149059072,1144864768,1056222673,3238101922,0,0
138,part,19195,1149059072,1144881152,1049092859,3229937004,0,0
138,part,19196,1149059072,1144897536,1051247549,3231282714,0,0
138,part,19197,1149059072,1144913920,1044950396,3225624991,0,0
138,part,19198,1149239296,1144848384,3226722667,3232506308,0,0
138,part,19199,1149239296,1144864768,3224447468,3233390838,0,0
138,part,19200,1149247488,1144881152,3221886608,3231958018,0,0
138,part,19201,1149263872,1144930304,3224736501,3229791351,0,0
138,part,19202,1149009920,1144832000,1072850306,3235493797,0,0
138,part,19203,1148977152,1144897536,1074234409,3231480683,0,0
138,part,19204,1148977152,1144913920,1067936955,3227879362,0,0
138,part,19205,1148977152,1144930304,1070318972,3235044642,0,0
138,part,19206,1149222912,1144897536,3213224729,3236840314,0,0
138,part,19207,1149239296,1144913920,3214313262,3232012517,0,0
138,part,19208,1149239296,1144930304,3214065110,3230841164,0,0
138,part,19209,1149239296,1144946688,3207831812,3228625310,0,0
138,part,19213,1149196808,1144471992,3233731910,3188574196,3205631337,3232129610
138,part,19214,1149259419,1144525083,3235581318,1061182817,3205631337,3234549646
138,part,19215,1149219445,1144467052,3243932802,1065887843,3205631337,1075061612
138,part,19216,1149224386,1144489689,3247571360,3214663018,3205631337,1068517904
138,part,19217,1149277633,1144528991,3247061192,1069331958,3205631337,3231053224
138,part,19218,1149280103,1144551629,3243352816,3199398685,3205631337,3228525345
138,part,19219,1149243160,1144484749,3242295366,3214099071,3205631337,1063385184
138,part,19220,1149184972,1144444931,3248409736,3194582116,3205631337,1067963560
138,part,19222,1149152054,1144562315,3225929744,3134958080,3175500652,1068909458
138,part,19223,1149186369,1144531171,3238608329,1055280641,3175500652,3189684552
138,part,19224,1149138068,1144512428,3227444267,3150707888,3175500652,3230741144
138,part,19225,1149140446,1144463333,3242391810,3216182984,3175500652,3228563445
138,part,19226,1149166833,1144595837,3244106433,1048603024,3175500652,1077952796
138,part,19227,1149124874,1144446176,3241342353,3215649719,3175500652,1067916618
138,part,19230,1149250321,1144455085,3240870253,3216294170,3202480309,3234840864
138,part,19231,1149294763,1144497077,3242156238,1065135282,3202480309,3233196606
138,part,19232,1149261227,1144447270,3246976701,3213310096,3202480309,3234306390
138,part,19233,1149265135,1144469082,3245469429,3210293173,3202480309,3229906162
138,part,19234,1149313076,1144496260,3247713615,1073329003,3202480309,3233011958
138,part,19235,1149316984,1144518073,3243701448,1066829491,3202480309,3234760540
138,part,19236,1149276041,1144461267,3248451073,1057796031,3202480309,3230938860
138,part,19237,1149242709,1144429773,3241622588,3214276096,3202480309,3232984730
138,part,19244,1149227577,1144613696,3238236035,3210464023,1083550243,1070585598
138,part,19245,1149257707,1144631808,3240681303,3190310795,1083550243,3231329464
138,part,19246,1149264446,1144714256,3238346123,1063647181,1083550243,1072994304
138,part,19247,1149241913,1144597902,3241584751,1066540562,1083550243,3230511334
138,part,19248,1149240754,1144663397,3244740816,1057452324,1083550243,3238241908
138,part,19249,1149256838,1144680929,3241076458,1066745818,1083550243,1074567226
138,part,19250,1149238736,1144761639,3241579355,3207901382,1083550243,3227384236
138,part,19253,1149206528,1144864768,1073046207,3227935952,0,0
138,part,19254,1149026304,1144848384,1073828156,3230604893,0,0
138,part,19255,1149026304,1144799232,1072247652,3219265517,0,0
138,part,19256,1149026304,1144864768,1075784458,3232327650,0,0
138,part,19257,1149009920,1144881152,1074926539,3231658176,0,0
138,part,19258,1149009920,1144897536,1072026378,3226159696,0,0
138,part,19259,1149304832,1144815616,3229186150,3232477492,0,0
138,part,19260,1149304832,1144799232,3219542104,3221581943,0,0
138,part,19261,1149304832,1144782848,1071423482,3221214888,0,0
138,part,19262,1149304832,1144766464,1071457026,3219890120,0,0
138,part,19263,1149304832,1144750080,1057324378,3222704784,0,0
138,part,19264,1149304832,1144733696,3197656539,3222381677,0,0
138,part,19265,1149304832,1144717312,3221516978,3207571432,0,0
138,part,19266,1149304832,1144700928,1065705358,3219408949,0,0
138,part,19267,1149304832,1144684544,3218745359,3211982511,0,0
138,part,19268,1149304832,1144668160,3203314416,3219345187,0,0
138,part,19269,1149313024,1144832000,3224262335,3230721589,0,0
138,part,19270,1149313024,1144815616,3210268379,3223152044,0,0
138,part,19271,1149313024,1144782848,3208054495,3222377220,0,0
138,part,19272,1149313024,1144766464,1074847752,3195115179,0,0
138,part,19273,1149313024,1144750080,3218635124,3215821318,0,0
138,part,19274,1149313024,1144733696,3208698917,3220524360,0,0
138,part,19275,1149313024,1144717312,1062607449,3219232598,0,0
138,part,19276,1149313024,1144700928,3205735016,3219126990,0,0
138,part,19277,1149313024,1144668160,3204839544,3217359437,0,0
138,part,19278,1149321216,1144848384,3228021721,3225958747,0,0
138,part,19279,1149321216,1144832000,1073488455,3216506456,0,0
138,part,19280,1149321216,1144815616,3199532426,3222525789,0,0
138,part,19281,1149321216,1144799232,3208505987,3221681017,0,0
138,part,19282,1149321216,1144766464,1067759713,3217640962,0,0
138,part,19283,1149321216,1144750080,1067091469,3217085373,0,0
138,part,19284,1149321216,1144733696,1058709059,3218929331,0,0
138,part,19285,1149321216,1144717312,1060598988,3217631854,0,0
138,part,19286,1149321216,1144700928,3211164239,3215803218,0,0
138,part,19287,1149321216,1144684544,1049609569,3217014229,0,0
138,part,19288,1149321216,1144668160,3211871030,3213386103,0,0
138,part,19289,1149329408,1144864768,3222095691,3225600257,0,0
138,part,19290,1149329408,1144815616,3219413093,3213348757,0,0
138,part,19291,1149329408,1144782848,3206077887,3219463533,0,0
138,part,19292,1149329408,1144766464,3217381635,3211402254,0,0
138,part,19293,1149329408,1144750080,1069857417,3208179190,0,0
138,part,19294,1149329408,1144700928,3216199930,3192746275,0,0
138,part,19298,1148730153,1144458680,3239658640,3201591843,3196198807,3218238410
138,part,19299,1148825300,1144483395,3243566112,3197371942,3196198807,1083523885
138,part,19300,1148750130,1144446941,3245152005,1047059452,3196198807,1076099157
138,part,19301,1148761869,1144466918,3247700445,3203227568,3196198807,1088355149
138,part,19302,1148861134,1144475776,3242511923,1022451364,3196198807,3231048392
138,part,19303,1148872873,1144495753,3245298130,3216549937,3196198807,3229918246
138,part,19304,1148781846,1144455180,3246474030,3215208872,3196198807,1079700476
138,part,19305,1148710486,1144436643,3241252046,3210866046,3196198807,3221406752
138,part,19310,1148767700,1144603742,3233387416,3192287136,1083594180,1073714114
138,part,19311,1148816611,1144620833,3242285492,3211923749,1083594180,3218003182
138,part,19312,1148831812,1144702981,3242391465,3214800639,1083594180,3223451855
138,part,19313,1148784319,1144587596,3242037874,1043195080,1083594180,3231598075
138,part,19314,1148783374,1144653125,3246713805,1057224773,1083594180,1088040170
138,part,19315,1148815902,1144669980,3246844031,3217130712,1083594180,3224121269
138,part,19316,1148781956,1144751419,3241948402,1053530868,1083594180,1071957490
138,part,19320,1149272064,1144815616,3222997386,3232944414,0,0
138,part,19321,1149272064,1144832000,3223228632,3230846964,0,0
138,part,19322,1149280256,1144848384,3226658256,3227862655,0,0
138,part,19323,1149280256,1144864768,3224824084,3229678680,0,0
138,part,19324,1149337600,1144782848,3232472391,3225153678,0,0
138,part,19325,1149345792,1144799232,3229942890,3226033408,0,0
138,part,19326,1149345792,1144782848,3208335968,3223716892,0,0
138,part,19327,1149345792,1144766464,3223039644,3210630793,0,0
138,part,19328,1149362176,1144815616,3226884880,3227320901,0,0
138,part,19329,1149362176,1144799232,1049340449,3224067400,0,0
138,part,19330,1149362176,1144782848,1076099142,3197665608,0,0
138,part,19331,1149370368,1144832000,3228335480,3226228677,0,0
138,part,19332,1149378560,1144815616,1057765026,3223856665,0,0
138,part,19333,1149386752,1144832000,3221300380,3219194342,0,0
138,part,19334,1149247488,1144979456,3215809591,3230286463,0,0
138,part,19335,1149247488,1144995840,3208535295,3231505956,0,0
138,part,19336,1149247488,1144864768,3214443467,3235499254,0,0
138,part,19337,1149255680,1144946688,3220402668,3235440694,0,0
138,part,19338,1149255680,1144963072,3214090301,3226001554,0,0
138,part,19339,1149255680,1144979456,3214438888,3222569777,0,0
138,part,19340,1148944384,1144832000,1081920939,3225938935,0,0
138,part,19341,1148944384,1144815616,3177945617,3224117362,0,0
138,part,19342,1148944384,1144799232,3223248872,3207728394,0,0
138,part,19343,1148928000,1144848384,1082452176,3231047853,0,0
138,part,19344,1148911616,1144864768,1083069419,3224365746,0,0
138,part,19345,1148895232,1144881152,1079845163,3228266716,0,0
138,part,19346,1149190144,1144848384,3207849363,3230618780,0,0
138,part,19347,1149190144,1144864768,3202788333,3230738432,0,0
138,part,19348,1149190144,1144881152,3200700650,3233678216,0,0
138,part,19349,1149190144,1144897536,3202394312,3229743432,0,0
138,part,19350,1149042688,1144930304,1070126384,3232358982,0,0
138,part,19351,1149042688,1144946688,1075330379,3234595555,0,0
138,part,19352,1149042688,1144963072,1068262684,3230397995,0,0
138,part,19353,1149042688,1144979456,1073774250,3233944852,0,0
138,part,19354,1148928000,1144815616,1082282956,3228596313,0,0
138,part,19355,1148911616,1144832000,1085629961,3226053418,0,0
138,part,19356,1148895232,1144848384,1077885346,3228582939,0,0
138,part,19357,1148878848,1144864768,1075343140,3221484685,0,0
138,part,19358,1149263872,1144815616,3222286801,3236324464,0,0
138,part,19359,1149263872,1144832000,3223201460,3233025615,0,0
138,part,19360,1149272064,1144848384,3224124889,3232338999,0,0
138,part,19361,1149272064,1144864768,3220446558,3228280802,0,0
138,part,19362,1148928000,1144832000,1085981391,3225310605,0,0
138,part,19363,1148862464,1144881152,1081267656,3227706330,0,0
138,part,19364,1148862464,1144897536,1077975232,3228472480,0,0
138,part,19365,1149173760,1144815616,3187465918,3234615628,0,0
138,part,19366,1149173760,1144832000,3189764064,3231621356,0,0
138,part,19367,1149173760,1144848384,3190693774,3230294231,0,0
138,part,19368,1149173760,1144864768,3189550518,3232686455,0,0
138,part,19369,1148829696,1144832000,1084802072,3226283651,0,0
138,part,19370,1148829696,1144799232,1075074515,3214200406,0,0
138,part,19371,1148813312,1144832000,1086348572,3224735460,0,0
138,part,19372,1148796928,1144832000,1087208044,3227330878,0,0
138,part,19373,1150337024,1144782848,981513385,3114563992,0,0
138,part,19374,1150328832,1144782848,968407426,3099613126,0,0
138,part,19375,1148783626,1144455687,1086403653,3249067104,0,0
138,part,19376,1148783626,1144455687,1095083241,3247607360,0,0
138,part,19377,1148783626,1144455687,1083053293,3244671939,0,0
138,part,19378,1148783626,1144455687,1095835879,3244169339,0,0
138,part,19379,1148783626,1144455687,1101178258,3247877650,0,0
138,part,19380,1148783626,1144455687,1096361300,3238964602,0,0
138,part,19381,1148783626,1144455687,1069197252,3231591187,0,0
138,part,19382,1148783626,1144455687,3210751826,3232594235,0,0
138,part,19383,1148731392,1144422446,1084559242,1082208478,0,0
138,part,19384,1148731392,1144422446,1088714848,1091372962,0,0
138,part,19385,1148731392,1144422446,1096911405,1091233868,0,0
138,part,19386,1148764137,1144406016,3246965035,3222746632,0,0
138,part,19387,1148764137,1144406016,3230648437,3232094135,0,0
138,part,19388,1148764137,1144406016,3256655621,3257425058,0,0
138,part,19389,1148764137,1144406016,3247457520,3244809420,0,0
138,part,19390,1148764137,1144406016,3241807348,3244862452,1074770771,2147483648
138,part,19391,1148764137,1144406016,3249102420,3240981866,1076545011,2147483648
138,part,19392,1148764137,1144406016,3231297132,3240745472,0,0
138,part,19393,1148764137,1144406016,3243177794,3226669428,0,0
138,part,19394,1148780590,1144651776,1091797996,3249797446,0,0
138,part,19395,1148780590,1144651776,1085807941,3247161451,0,0
138,part,19396,1148780590,1144651776,1060136944,3235856799,0,0
138,part,19397,1148665856,1144422446,1101112267,1084241194,0,0
138,part,19398,1148665856,1144422446,1098034906,1083550227,0,0
138,part,19399,1148665856,1144422446,1100039752,1068271112,0,0
138,part,19400,1148701613,1144390266,3226492909,3247524250,0,0
138,part,19401,1148701613,1144390266,3220178853,3249600107,0,0
138,part,19402,1148701613,1144390266,3234652507,3248349447,0,0
138,part,19403,1148701613,1144390266,1085207272,3247510700,0,0
138,part,19404,1148701613,1144390266,3238226257,3248130005,0,0
138,part,19405,1148701613,1144390266,3222787227,3253121738,0,0
138,part,19406,1148701613,1144390266,3215865574,3230867277,0,0
138,part,19407,1148701613,1144390266,3217650757,3233260208,0,0
138,part,19408,1148682217,1144406039,3252442912,3239641257,0,0
138,part,19409,1148682217,1144406039,3240255392,3244256746,0,0
138,part,19410,1148682217,1144406039,3261826258,1077607624,0,0
138,part,19411,1148682217,1144406039,3252175021,3243326764,0,0
138,part,19412,1148682217,1144406039,3231869268,3234990946,1074702303,2147483648
138,part,19413,1148682217,1144406039,3245641112,3228945665,1077497462,2147483648
138,part,19414,1148682217,1144406039,3255033245,3246633395,0,0
138,part,19415,1148682217,1144406039,3246298640,3250752366,0,0
138,part,19416,1148718113,1144472163,1078868835,3249831703,0,0
138,part,19417,1148718113,1144472163,3219163270,3249335035,0,0
138,part,19418,1148718113,1144472163,3233800723,3246853266,0,0
138,part,19419,1148718113,1144472163,3230966730,3249204323,0,0
138,part,19420,1148718113,1144472163,1081177049,3241256171,0,0
138,part,19421,1148718113,1144472163,1074014768,3240304637,0,0
138,part,19422,1148718113,1144472163,3219933559,3233504447,0,0
138,part,19423,1148718113,1144472163,1078946799,3235663912,0,0
138,part,19424,1148751089,1144619573,1096944144,1093588977,0,0
138,part,19425,1148751089,1144619573,1097323046,1086172706,0,0
138,part,19426,1148751089,1144619573,1099897473,1080780184,0,0
138,part,19427,1148751089,1144619573,1092867134,1093818300,0,0
138,part,19428,1148751089,1144619573,1093957465,1075864536,0,0
138,part,19429,1148751089,1144619573,1093716398,1080895040,0,0
138,part,19430,1148751089,1144619573,1085074659,1075281752,0,0
138,part,19431,1148751089,1144619573,1082829615,1078729134,0,0
138,part,19432,1149181612,1144629360,3214771544,1100917498,0,0
138,part,19433,1149181612,1144629360,3229873788,1100580040,0,0
138,part,19434,1149181612,1144629360,3233754934,1097167235,0,0
138,part,19435,1149181612,1144629360,3238145062,1099108819,0,0
138,part,19436,1149181612,1144629360,1062976848,1089830764,0,0
138,part,19437,1149181612,1144629360,1082232688,1093770831,0,0
138,part,19438,1149181612,1144629360,3233604730,1083767329,0,0
138,part,19439,1149181612,1144629360,3205533321,1088159091,0,0
138,part,19440,1149188748,1144482077,1063102336,3247433807,0,0
138,part,19441,1149188748,1144482077,1075347778,3246663033,0,0
138,part,19442,1149188748,1144482077,1070930652,3244812935,0,0
138,part,19443,1149188748,1144482077,1079749042,3248313712,0,0
138,part,19444,1149188748,1144482077,1092207820,3250366112,0,0
138,part,19445,1149188748,1144482077,3223263539,3235553540,0,0
138,part,19446,1149188748,1144482077,3224522846,3232429197,0,0
138,part,19447,1149188748,1144482077,3225736366,3231777499,0,0
138,part,19448,1149124646,1144601038,1093532779,1075552705,0,0
138,part,19449,1149124646,1144601038,1101547397,1076202401,0,0
138,part,19450,1149124646,1144601038,1098502639,3229269594,0,0
138,part,19451,1149247148,1144468883,1092853235,3248142486,0,0
138,part,19452,1149247148,1144468883,1085665028,3240887558,0,0
138,part,19453,1149247148,1144468883,1092979449,3246077350,0,0
138,part,19454,1149247148,1144468883,1094067389,3242902058,0,0
138,part,19455,1149247148,1144468883,1093828172,3251561710,0,0
139,part,17037,1148796950,1144880366,1034153046,1044163142,0,3197574766
139,part,19650,1149169744,1144484690,3243838478,3235744030,1028710476,1095527743
139,part,17052,1149247642,1144779553,1044633553,1045579511,3168451194,3221827499
139,part,17057,1149159473,1144880316,1039636891,1032394118,0,3217494900
139,part,17061,1149311730,1144514059,1080982771,3223250871,3195002842,3210364684
139,part,17067,1149975488,1144753771,3132420663,1061794123,3176188738,3226799300
139,part,17653,1156046828,1143399251,3227231328,1094015138,0,0
139,part,17654,1152054217,1145922784,3210170788,1057945404,1048863429,0
139,part,17655,1158034257,1131408082,1108492846,3229136512,1060432521,0
139,part,17878,1154420122,1141586388,0,0,0,0
139,part,17892,1147413393,1145025267,3170627136,1049311518,1083658022,1085616791
139,part,17912,1151986071,1145928835,3111582528,3131265792,0,0
139,part,17937,1150907799,1144813439,1050815428,1061730655,1082284237,1086178793
139,part,17943,1136200576,1143281109,1058218342,1086408492,0,0
139,part,17944,1151657564,1145080882,1091685725,1092521249,1082148630,1086362963
139,part,17948,1149766686,1144782540,3139211280,1050576250,0,0
139,part,17951,1152392092,1143700269,0,0,0,0
139,part,17952,1146994824,1145066189,3238846211,1091757626,1079163997,1084232492
139,part,17956,1153743924,1143355508,3235401760,1096101143,0,0
139,part,17957,1154413776,1143124307,1029618304,1094901616,0,0
139,part,17958,1152767485,1143421907,0,0,0,0
139,part,17959,1146231474,1145175514,3238507764,1091110919,1078944372,1084439264
139,part,17962,1154412986,1143012565,1027972096,1094332274,0,0
139,part,17963,1154183472,1143133946,3223429346,1095025231,0,0
139,part,17965,1147796848,1144571467,3237536681,1086440612,1078558497,1085414400
139,part,17978,1153862592,1142779874,3234326440,1094797823,0,0
139,part,17981,1153756480,1142778010,3237069335,1094786642,0,0
139,part,17982,1154299648,1142090498,3215679704,1090858158,0,0
139,part,17983,1154280352,1142124162,3217533285,1091158448,0,0
139,part,17993,1155464365,1141050515,1097616440,3204991506,0,0
139,part,17994,1146968952,1145091436,3239842135,1090582895,1081180192,1087861682
139,part,17999,1151459464,1144315885,1088404161,1080890318,1080123064,1087857566
139,part,18005,1153977428,1142796408,3232822765,1093562614,0,0
139,part,18006,1153770804,1142820017,3238359120,1093724499,0,0
139,part,18007,1154096992,1142685010,3229992969,1092798737,0,0
139,part,18008,1154117056,1142669794,3229667487,1092694398,0,0
139,part,18012,1150546264,1144749126,0,0,0,0
139,part,18015,1150301025,1144760001,0,1070945566,0,0
139,part,18016,1150220446,1144806352,0,3148076544,0,0
139,part,18017,1150303261,1144744444,0,1070945566,0,0
139,part,18018,1150210458,1144811647,0,1051260310,0,0
139,part,18019,1150255312,1144757852,0,1070917832,0,0
139,part,18022,1150305632,1144769408,0,1073727846,0,0
139,part,18023,1150302650,1144742888,0,1070945566,0,0
139,part,18025,1150302537,1144743480,0,1070945566,0,0
139,part,18026,1150301248,1144744480,0,1070945566,0,0
139,part,18027,1150239792,1144797472,0,3146274048,0,0
139,part,18029,1150260861,1144768710,0,1073727828,0,0
139,part,18030,1150301209,1144744196,0,1070945566,0,0
139,part,18031,1150300439,1144743300,0,1070945566,0,0
139,part,18032,1150294686,1144742915,0,1070945566,0,0
139,part,18034,1150206436,1144811348,0,1051260310,0,0
139,part,18036,1150209302,1144808730,0,1070945566,0,0
139,part,18041,1150224054,1144794967,0,1051260310,0,0
139,part,18049,1150283640,1144760770,0,1070945566,0,0
139,part,18051,1150278778,1144760911,0,1070945566,0,0
139,part,18052,1151608529,1144492337,3239492457,1092181457,0,0
139,part,18053,1151746564,1144502643,3237289324,1092254743,0,0
139,part,18054,1151808621,1144486277,3235756476,1092138357,0,0
139,part,18055,1151697122,1144512930,3238581887,1092327908,0,0
139,part,18056,1152151505,1144084133,3222859259,1088271299,0,0
139,part,18057,1152384376,1143716450,0,0,0,0
139,part,19641,1149110321,1144847548,3236044102,3236048787,0,0
139,part,18067,1150582264,1144397113,1091127681,1082208970,1075194254,1085313658
139,part,18071,1150394375,1144765672,0,0,0,0
139,part,18072,1150204808,1144809366,0,1070945566,0,0
139,part,18073,1150184318,1144811017,0,1051260310,0,0
139,part,18075,1151207380,1144314437,1090941658,1080810736,1075394830,1085948224
139,part,18083,1150152449,1144831334,0,0,0,0
139,part,18087,1149890766,1144783149,3186328088,1057757846,0,0
139,part,18088,1150398744,1144674961,1099859106,1087702558,0,0
139,part,18089,1149992857,1144331750,1094316465,1082211137,0,0
139,part,18091,1152027933,1144118977,3238174593,1091375010,0,0
139,part,18092,1152385672,1143684262,0,3134579200,0,0
139,part,19640,1149110321,1144847548,3245218933,3245429850,0,0
139,part,18095,1150134276,1144848377,0,0,0,0
139,part,18097,1150132939,1144847439,0,0,0,0
139,part,18106,1152751786,1143406441,0,3134807552,0,0
139,part,18111,1152758716,1143405386,0,0,0,0
139,part,18114,1152769139,1143405181,0,0,0,0
139,part,18117,1150153548,1144831417,0,0,0,0
139,part,18120,1150125437,1144847799,0,0,0,0
139,part,18121,1153365950,1143207358,3173501051,3159454592,0,0
139,part,18122,1147762958,1144428773,3238837646,1079961993,1073951010,1084544839
139,part,18125,1150124050,1144846677,0,0,0,0
139,part,18126,1149715741,1144814149,973166644,3106816000,0,0
139,part,18129,1150131617,1144848182,0,0,0,0
139,part,18130,1149622283,1144797616,0,3139634688,0,0
139,part,18131,1150058486,1144864764,0,0,0,0
139,part,18137,1146931011,1144557535,3238950037,1076102254,1075381822,1088284577
139,part,18140,1149658396,1144755094,3200953920,1074185722,0,0
139,part,18142,1149661912,1144672601,1090559164,1081321394,0,0
139,part,18143,1147600156,1144108131,3244563475,3215865552,0,0
139,part,18144,1149073753,1144717581,0,1051372158,0,0
139,part,18145,1149120877,1144766522,3170987648,1041458588,0,0
139,part,18147,1148012296,1144149548,3240606866,3212532665,1075886344,2147483648
139,part,18148,1149129556,1144634889,1061400160,1063478042,1077715405,2147483648
139,part,18151,1150134714,1144175819,1099193102,1066089628,0,0
139,part,18152,1150070533,1144356673,1098246056,1076860534,0,0
139,part,18153,1150234752,1144788531,0,1051372158,0,0
139,part,18154,1150115840,1144863613,0,0,0,0
139,part,18155,1147175960,1145013686,3240696268,1088672218,0,0
139,part,18156,1147964327,1144797180,3225299579,1084627621,0,0
139,part,18158,1148492584,1144233214,3237268328,1059353443,1073205822,1087551158
139,part,18163,1137313834,1143345780,1087046066,1087823630,0,0
139,part,18164,1150001152,1144766994,0,1068142418,0,0
139,part,18168,1149971587,1144749622,3205534204,1082728450,1087989385,3226137650
139,part,18169,1149887285,1144815207,3215964282,1078642715,1090724228,1071869721
139,part,18170,1149726080,1144830965,1015468630,3158050240,1088397861,3223254252
139,part,18171,1149992455,1144724404,3167933696,1068091932,1088517813,3222407451
139,part,18173,1149722943,1144814875,1033699841,1050621260,1092553684,1090381988
139,part,18174,1149867883,1144744510,1009016352,1078960008,1092918009,1094553849
139,part,18183,1149945878,1144750152,1013900343,1050479566,0,0
139,part,18184,1149812632,1144781948,1023267146,1051261128,0,0
139,part,18185,1150042112,1144863630,0,0,0,0
139,part,18187,1150418722,1144781529,0,0,0,0
139,part,18196,1150250667,1144732825,1084857417,1076710860,0,0
139,part,18197,1149992992,1144768072,0,1068128532,0,0
139,part,18199,1146885008,1145093341,993196536,3163167488,0,0
139,part,18201,1153430244,1142201417,1121152750,3251318135,0,0
139,part,18202,1147873545,1144630945,3239195876,1078258870,1070099166,1084329114
139,part,18204,1149248778,1144443208,3247737747,1081020557,0,0
139,part,18205,1149713225,1144732684,1001794564,3172114256,0,0
139,part,18206,1149685938,1144561766,3237782804,1084610630,0,0
139,part,18207,1150124032,1144847318,0,0,0,0
139,part,18208,1150001159,1144767033,0,1068142418,0,0
139,part,18212,1150051498,1144864175,0,0,0,0
139,part,18213,1150047224,1144864590,0,0,0,0
139,part,18214,1150054030,1144863553,0,0,0,0
139,part,18216,1150039870,1144863268,0,0,0,0
139,part,18217,1150045448,1144864582,0,0,0,0
139,part,18219,1150036098,1144863171,0,0,0,0
139,part,18222,1150025736,1144842370,0,1051232838,0,0
139,part,18224,1151170928,1144150303,1089278702,3221353948,1071113947,1087934825
139,part,18226,1150124032,1144846752,0,0,0,0
139,part,18228,1150419454,1144798984,0,0,0,0
139,part,18229,1150402827,1144781589,0,0,0,0
139,part,18230,1150116152,1144847152,0,3134737408,0,0
139,part,18231,1150419256,1144798145,0,0,0,0
139,part,18232,1154192740,1141735857,3237652574,1086513394,0,0
139,part,18233,1149995177,1144770202,0,1070894112,0,0
139,part,18234,1149971476,1144775814,1017001940,1065350363,0,0
139,part,18235,1150558876,1144691695,1088988740,1076646117,0,0
139,part,18236,1150340992,1144556251,1058996026,1063268042,0,0
139,part,18237,1150328483,1144699753,3153192960,1079334175,0,0
139,part,18238,1150486880,1144701470,1084905255,1077271769,0,0
139,part,18239,1150268600,1144579174,3215674009,1067244930,0,0
139,part,18240,1150572325,1144673231,3166491648,1051372158,0,0
139,part,18241,1150255992,1144591860,3216803025,1068868676,0,0
139,part,18242,1150371660,1144615564,1073981662,1073870972,0,0
139,part,18243,1150337604,1144555045,1065502200,1070447830,0,0
139,part,18244,1150235568,1144609050,3221628306,1076599743,0,0
139,part,18245,1150232076,1144624985,3222076583,1078668171,0,0
139,part,18246,1150231440,1144651419,3222156708,1081408513,0,0
139,part,18248,1150279700,1144767376,0,1073741758,0,0
139,part,18249,1150147078,1144773318,1083930018,1075109994,0,0
139,part,18250,1149968257,1144683620,3205284897,1066241034,0,0
139,part,18251,1150006298,1144700173,1065178450,1068552272,0,0
139,part,18252,1149996519,1144683361,1059713342,1068492640,0,0
139,part,18253,1150023934,1144783493,1072477793,1076964339,0,0
139,part,18254,1150026684,1144800699,1073245930,1079309620,0,0
139,part,18255,1150083216,1144830717,0,0,0,0
139,part,18256,1150081812,1144840358,0,0,0,0
139,part,18258,1154935930,1141272894,1016340480,1070863272,0,0
139,part,18259,1155022953,1141194656,0,3139634432,0,0
139,part,18260,1155099648,1141202152,1077149761,1075987857,0,0
139,part,18261,1154972198,1141115048,3220007092,1067371270,0,0
139,part,18262,1154823350,1141352599,3237176290,1083578018,0,0
139,part,18263,1155039450,1141102390,1050525777,1053903950,0,0
139,part,18264,1154998830,1141096968,3214344582,1063835198,0,0
139,part,18265,1155028930,1141072493,3181277084,1061349386,0,0
139,part,18266,1154990829,1141238067,1014199296,1073678958,0,0
139,part,18267,1154990722,1141125651,3219349824,1066483158,0,0
139,part,18268,1155024616,1141188119,1004365312,1075139887,0,0
139,part,18269,1155109972,1141210940,1076219685,1079179391,0,0
139,part,18270,1154981094,1141179488,3223024650,1075505578,0,0
139,part,18271,1155066884,1141083115,1060534635,1064612982,0,0
139,part,18272,1149974742,1144745225,1057513587,1071318366,0,0
139,part,18273,1149982050,1144777958,1066195279,1075043951,0,0
139,part,18274,1149989010,1144790903,1068333865,1077296447,0,0
139,part,18275,1149957308,1144766069,0,1051187550,0,0
139,part,18276,1149943815,1144755322,932688288,1065185377,0,0
139,part,18278,1150025728,1144733894,952362678,1079209676,0,0
139,part,18280,1150203963,1144423875,1091041220,1062600886,1066449277,1087599739
139,part,18281,1150025728,1144732235,3092984702,1077811493,0,0
139,part,18283,1150844657,1144183493,1091088590,3221129400,1062961078,1086702286
139,part,18284,1150466653,1144349733,3189367449,3207164139,0,1114636288
139,part,18286,1152912976,1143346619,3240448324,1080217801,0,0
139,part,18287,1153189496,1143189846,1075107738,1060416506,0,0
139,part,18288,1152983504,1143321255,3237695885,1079355757,0,0
139,part,18289,1152949112,1143337548,3239893477,1080919878,0,0
139,part,18290,1153206245,1143241508,3130719436,3143267328,0,0
139,part,18291,1152979464,1143346492,3238829614,1081778553,0,0
139,part,18292,1153198632,1143148671,1067401543,3195165020,0,0
139,part,18293,1153184344,1143129417,1058471727,3197817702,0,0
139,part,18294,1153127632,1143143310,3221251556,1061420954,0,0
139,part,18295,1153192112,1143129474,1058146540,3197773966,0,0
139,part,18296,1153119128,1143206716,3224457249,1072415332,0,0
139,part,18298,1153212968,1143127117,1066615224,1017363968,0,0
139,part,18299,1153246640,1143200754,1076642648,1074079067,0,0
139,part,18300,1153199384,1143097709,1057441030,1036413184,0,0
139,part,18301,1153169400,1143149949,3214676010,3193202300,0,0
139,part,18302,1153144416,1143178951,3222747595,1062524166,0,0
139,part,18303,1153255400,1143203549,1076751373,1071807242,0,0
139,part,18304,1153145000,1143159945,3222634791,1069726586,0,0
139,part,18305,1153204344,1143086903,1052959650,1046868768,0,0
139,part,18306,1153232968,1143152588,1068002122,3189149980,0,0
139,part,18307,1153257496,1143178541,1075581834,1067005756,0,0
139,part,18308,1153164880,1143137435,3219555961,1059164751,0,0
139,part,18309,1153210896,1143097682,1050432236,1036331584,0,0
139,part,18310,1153150512,1143192067,3223149741,1076390869,0,0
139,part,18311,1153195776,1143076846,3200647560,1052581438,0,0
139,part,18312,1153262804,1143222054,0,1051205970,0,0
139,part,18313,1153271200,1143188209,1076640450,1068861892,0,0
139,part,18314,1153152200,1143196973,3224399136,1073690500,0,0
139,part,18315,1153220576,1143082083,1052720802,1038742368,0,0
139,part,18316,1153235184,1143070193,1065707267,1058509495,0,0
139,part,18317,1153180968,1143155460,3219670971,1050042288,0,0
139,part,18318,1153229624,1143108093,1054036829,3173357296,0,0
139,part,18319,1153287080,1143212311,1076542763,1070343822,0,0
139,part,18320,1153230088,1143088955,1030817332,1049298392,0,0
139,part,18321,1153198648,1143098147,3216027225,1062952702,0,0
139,part,18322,1153218088,1143144714,3210577385,1027839552,0,0
139,part,18323,1153269912,1143127625,1069606080,1061688942,0,0
139,part,18324,1153266768,1143092850,1068399206,1066281500,0,0
139,part,18325,1153202944,1143092989,3217524148,1069454164,0,0
139,part,18326,1153201996,1143232705,0,1051178686,0,0
139,part,18327,1153193968,1143201654,3222671004,1071443536,0,0
139,part,18328,1153212064,1143144153,3217165268,1061744382,0,0
139,part,18329,1153284536,1143147042,1072075800,1067249198,0,0
139,part,18330,1153224640,1143106863,3211839806,1060008430,0,0
139,part,18331,1153288704,1143150052,1073676190,1073930318,0,0
139,part,18332,1153248080,1143074645,1040696797,1060219578,0,0
139,part,18333,1153250744,1143052090,1048723613,1064141034,0,0
139,part,18334,1153269888,1143059338,1066452488,1069284392,0,0
139,part,18335,1153212432,1143080359,3217024938,1075104077,0,0
139,part,18336,1153243416,1143151380,3202974589,1045241264,0,0
139,part,18337,1153259712,1143138501,1049914588,1049600920,0,0
139,part,18338,1153281040,1143142523,1067586509,1061118754,0,0
139,part,18339,1153210040,1143173625,3221090643,1076193238,0,0
139,part,18340,1153224304,1143102742,3215611329,1068180926,0,0
139,part,18341,1153221104,1143093857,3216842241,1072766306,0,0
139,part,18342,1153249928,1143043539,3189880824,1066251044,0,0
139,part,18343,1153262200,1143155452,1022235653,1050036456,0,0
139,part,18344,1153215064,1143207787,3221766428,1072620832,0,0
139,part,18345,1153216744,1143194801,3221443795,1073273252,0,0
139,part,18346,1153238000,1143067196,3213497111,1070793304,0,0
139,part,18347,1153309240,1143192401,1072125942,1066521000,0,0
139,part,18348,1153250384,1143139879,3210939302,1060103370,0,0
139,part,18349,1153280480,1143110151,1056648078,1061270966,0,0
139,part,18350,1153310536,1143170238,1072622394,1075868202,0,0
139,part,18351,1153306296,1143173038,1067848595,1060253586,0,0
139,part,18352,1153230688,1143214046,3221911371,1073782260,0,0
139,part,19649,1149105963,1144520756,3244133870,3237171320,1028710476,1089784410
139,part,18354,1153241072,1143198990,3221491107,1073909810,0,0
139,part,18355,1153242328,1143189807,3221250189,1074601090,0,0
139,part,18356,1153280776,1143160636,3206474297,1054017726,0,0
139,part,18357,1153309704,1143149790,1060376261,1057618023,0,0
139,part,18358,1153249696,1143205527,3221408089,1076110155,0,0
139,part,18359,1153254216,1143165121,3219853055,1073803977,0,0
139,part,18360,1153263752,1143124297,3216192124,1069173634,0,0
139,part,18361,1149861888,1144779715,0,1051244926,0,0
139,part,18364,1149442148,1144439683,1088382284,3200756620,0,0
139,part,18365,1149452396,1144562978,1089366369,1075553781,0,0
139,part,18366,1149672516,1144157267,1099708049,3235599366,0,0
139,part,18367,1149079987,1144664874,1061408576,1067860270,0,0
139,part,18368,1148359500,1144275346,3249429192,3231049160,0,0
139,part,18369,1148876901,1144539788,3240049470,1068442996,0,0
139,part,18370,1147589636,1144352275,3256723780,3225098996,0,0
139,part,18371,1148368172,1144258434,3249325186,3231860933,1077086925,2147483648
139,part,18372,1149037569,1144653272,1049638238,1050729684,1079483329,2147483648
139,part,19639,1149110321,1144847548,3246961362,3241648011,0,0
139,part,18376,1147406013,1145022041,1056079387,1071102452,0,0
139,part,18377,1149094395,1144839326,1032368444,1073946379,0,0
139,part,18378,1153312433,1143175265,1057271275,1057306563,0,0
139,part,18379,1153334056,1143193941,1070800942,1074977597,0,0
139,part,18380,1153328771,1143149810,1068480449,1070124960,0,0
139,part,18381,1153301032,1143163569,3204565168,1059364203,0,0
139,part,18382,1153289664,1143150474,3213690247,1066675462,0,0
139,part,18383,1153300129,1143124329,3205353359,1063713882,0,0
139,part,18384,1153302712,1143109271,3201723668,1064296118,0,0
139,part,18385,1153350237,1143194008,1070712236,1072632890,0,0
139,part,18386,1153292914,1143150176,3215857324,1070205242,0,0
139,part,18387,1153314735,1143165269,3206916184,1060110274,0,0
139,part,18388,1153294960,1143203804,3218556334,1074262140,0,0
139,part,18389,1153350631,1143155082,1067288359,1067686608,0,0
139,part,18390,1153305558,1143138504,3213903100,1067643984,0,0
139,part,18391,1153351177,1143133402,1067530429,1070119624,0,0
139,part,18392,1153307735,1143109338,3212949023,1068434410,0,0
139,part,18393,1153360398,1143171938,1067980165,1067790214,0,0
139,part,18394,1153326182,1143136872,3203664504,1062028574,0,0
139,part,18395,1153359355,1143145704,1067521880,1069223982,0,0
139,part,18396,1153364187,1143176109,1066049593,1064867310,0,0
139,part,18397,1153354905,1143152275,1058598496,1061597934,0,0
139,part,18398,1153335592,1143136513,3201531071,1061870702,0,0
139,part,18399,1153315803,1143159732,3216597146,1074819468,0,0
139,part,18400,1153367003,1143143075,1062023776,1064750470,0,0
139,part,18401,1153360367,1143123808,1055439914,1063485222,0,0
139,part,18402,1153364224,1143022373,1059588616,1070922468,0,0
139,part,18403,1153339213,1143009841,3207004600,1071767708,0,0
139,part,18404,1153353586,1143163969,3198705716,1059539691,0,0
139,part,18405,1153365542,1143136517,1050138719,1061872374,0,0
139,part,18406,1153331368,1143173732,3216958349,1074557965,0,0
139,part,18407,1153345403,1143039450,3208757828,1071074644,0,0
139,part,18408,1153367102,1143020119,3138459648,1065353149,0,0
139,part,18411,1148887782,1144557417,1080677164,1089360755,0,0
139,part,18412,1149247999,1144741702,3207956000,1079729456,0,0
139,part,18413,1148945462,1144478113,1084567930,1085010345,0,0
139,part,18415,1150183776,1144758522,1086897546,1060941730,1058272078,1086648336
139,part,18416,1149855940,1144774942,3210071168,1065673528,0,1114636288
139,part,18417,1149862633,1144746426,3202217702,1055870342,0,1114636288
139,part,18418,1150083872,1144840354,0,0,0,0
139,part,18419,1149093406,1144838824,1027827611,1069896188,0,0
139,part,18420,1149094690,1144855472,1035079886,1069963902,0,0
139,part,18421,1149867530,1144763248,1092977436,1078922626,0,0
139,part,18422,1149834654,1144750607,1091397592,1077304521,0,0
139,part,18423,1149837868,1144752110,1092127626,1077496959,0,0
139,part,18424,1149813752,1144747952,1091108257,1076964726,0,0
139,part,18425,1150983811,1143986293,1121605994,3241620124,0,0
139,part,18426,1148531161,1144352438,3238896691,3217565640,1061180372,1086767261
139,part,18427,1149182590,1144367578,1041127563,3203502755,0,1114636288
139,part,18428,1149963271,1144895942,1025432224,3151375040,0,0
139,part,18429,1150594098,1144584211,1090040687,3226874628,1061525886,1086121034
139,part,18430,1150288101,1144789783,0,3179841637,0,1114636288
139,part,19648,1149102623,1144455305,3246752228,3239807019,1028710476,1075290764
139,part,18432,1150083676,1144830925,0,0,0,0
139,part,19638,1149110321,1144847548,3243542896,3239138410,0,0
139,part,18434,1150847277,1144733109,0,3145673216,0,0
139,part,18435,1149076380,1144861429,0,1051372158,0,0
139,part,18436,1149078891,1144853482,1040246202,1069156398,0,0
139,part,18437,1149081706,1144841207,1047158172,1070418480,0,0
139,part,18438,1149081266,1144824372,1046073481,1070280080,0,0
139,part,18439,1149075461,1144785425,959652352,1068149374,0,0
139,part,18440,1149075461,1144769054,952691200,1068149374,0,0
139,part,18441,1149721884,1144804394,3177073064,1069176060,0,0
139,part,18442,1150312253,1144777368,0,3143267328,0,0
139,part,18443,1150346335,1144757985,3154006528,0,0,0
139,part,18444,1150276948,1144717355,3223742114,1032569344,0,0
139,part,18445,1150335608,1144644534,1071194932,3192607132,0,0
139,part,18446,1150332203,1144627185,1069101103,3194977772,0,0
139,part,18447,1150312148,1144777368,0,3143267328,0,0
139,part,18448,1150317236,1144694536,1064527418,3215919130,0,0
139,part,18449,1150269576,1144715040,3223490359,3163007712,0,0
139,part,18450,1150283321,1144640955,3217310609,3198730766,0,0
139,part,18451,1150336266,1144667179,1075186771,1067288834,0,0
139,part,18452,1150312129,1144779972,3168350208,1068149374,0,0
139,part,18453,1150327234,1144717156,1074928300,3205103826,0,0
139,part,18454,1150256334,1144744202,3225041552,1070817662,0,0
139,part,18455,1150298104,1144652497,1041815796,3213733808,0,0
139,part,18456,1150345853,1144755449,3163631616,1051372158,0,0
139,part,18457,1150250457,1144739649,3224330073,1049739936,0,0
139,part,18458,1150311442,1144683965,1071446455,3205363590,0,0
139,part,18459,1150319640,1144779410,3163973888,1059760766,0,0
139,part,18460,1150252165,1144734580,3221289882,3204464318,0,0
139,part,18461,1150318085,1144767408,1077150975,1067880047,0,0
139,part,18462,1150261820,1144683584,3215421448,3205597370,0,0
139,part,18463,1150309468,1144777300,1077020741,1065886042,0,0
139,part,18464,1150265813,1144703770,3201623251,3213082258,0,0
139,part,18465,1150257653,1144682493,3212948725,3206268022,0,0
139,part,18466,1150297726,1144765335,1075930218,1059066935,0,0
139,part,18467,1150265221,1144706094,1041270548,3211899929,0,0
139,part,18468,1150283506,1144781950,3151308288,3145520640,0,0
139,part,18469,1150223267,1144733119,3218975575,1027246208,0,0
139,part,18470,1150273462,1144729075,1073276815,1056878166,0,0
139,part,18471,1150189366,1144785245,3222966029,1068326720,0,0
139,part,18472,1150190601,1144771724,3222586026,1069205892,0,0
139,part,18473,1150187569,1144771132,3220776346,1047745376,0,0
139,part,18474,1150186034,1144748042,3221472419,1066964073,0,0
139,part,18475,1150232282,1144770782,1073141834,1046885760,0,0
139,part,18476,1150224680,1144772740,1073504652,1050136536,0,0
139,part,18477,1150223335,1144757280,1072678235,1051272416,0,0
139,part,18478,1150194468,1144745516,1052225785,3207811897,0,0
139,part,18479,1150153231,1144777279,3221483410,1055714330,0,0
139,part,18480,1150345226,1144744613,977759738,1070944066,0,0
139,part,18481,1150116204,1144847302,1023947620,1067034804,0,0
139,part,19637,1149110321,1144847548,3239928326,3237619713,0,0
139,part,18483,1150862492,1144736568,3206827434,1059170251,0,0
139,part,19636,1149207728,1144745484,3235352660,3203558704,0,0
139,part,18485,1150883348,1144753590,1057257432,1059660420,0,0
139,part,18486,1150876460,1144734306,3186074180,1057433357,0,0
139,part,18487,1149730816,1144810839,952518656,1065353149,0,0
139,part,18488,1149714432,1144810357,952921088,1065353149,0,0
139,part,18493,1148857222,1144304980,1091142300,1068601130,1033673478,1077954052
139,part,18494,1148822402,1144366135,3244655947,1070564810,3198881092,3226065900
139,part,18495,1148864834,1144358627,3242619229,1067681536,3173022126,1067614573
139,part,18496,1149019016,1144344579,3236433377,1061579530,1032612278,1077456612
139,part,18498,1150091928,1144769200,3207620504,1068501014,0,0
139,part,18499,1150101300,1144767454,3205810664,3212076197,0,0
139,part,18500,1150087976,1144771150,3219557642,3172038704,0,0
139,part,18501,1150079968,1144784378,3219416600,3191358204,0,0
139,part,18502,1150089564,1144756245,3211253290,3208102465,0,0
139,part,18503,1150122812,1144781026,1074321407,1066750434,0,0
139,part,18504,1150041516,1144811926,3222503403,1066033096,0,0
139,part,18505,1150042844,1144791994,3221992259,1063989185,0,0
139,part,18506,1149997996,1144802348,3219456391,3185302072,0,0
139,part,18507,1150041580,1144817079,1074586071,1068012204,0,0
139,part,18508,1150012740,1144656506,3202409983,3171493424,0,0
139,part,18509,1150018952,1144640846,1040494330,3115522048,0,0
139,part,18510,1150019080,1144626592,1041293521,1036450752,0,0
139,part,18511,1149998152,1144805469,3213043721,3208047057,0,0
139,part,18512,1149987208,1144815424,3221336464,1056670134,0,0
139,part,18513,1149992008,1144787425,3217761139,3173377264,0,0
139,part,18514,1150020512,1144749474,1065543184,3196990534,0,0
139,part,18515,1150026968,1144739048,1070499521,1061074667,0,0
139,part,18516,1149995432,1144677580,3215133716,1064199483,0,0
139,part,18517,1150018308,1144814022,1070140909,3198509086,0,0
139,part,18518,1149981164,1144807638,3219799457,1040843064,0,0
139,part,18519,1149999348,1144771869,3190369512,3208686137,0,0
139,part,18520,1150006564,1144758782,1056807506,3206153282,0,0
139,part,18521,1149981652,1144770333,3219425790,1059935980,0,0
139,part,18522,1150016680,1144743918,1068891668,1046423248,0,0
139,part,18523,1150017420,1144841372,1074745320,1064162244,0,0
139,part,18524,1149980204,1144793590,3214244838,3204586506,0,0
139,part,18525,1150015572,1144811870,1074036351,1066012174,0,0
139,part,18526,1149977956,1144769564,3215970177,3185399064,0,0
139,part,18527,1149972592,1144777154,3220090939,1065174181,0,0
139,part,18528,1150004292,1144736112,1065666602,3188637948,0,0
139,part,18529,1149981136,1144801350,3198832744,3211209753,0,0
139,part,18530,1150008216,1144827403,1074357290,1065685220,0,0
139,part,18531,1149997760,1144766518,1066942165,3195893164,0,0
139,part,18532,1149974464,1144749039,3211885666,3197658646,0,0
139,part,18533,1149965676,1144759849,3219109629,1064467250,0,0
139,part,18534,1149964758,1144832911,1001502208,1051372158,0,0
139,part,18535,1149973304,1144787251,3197727468,3209455481,0,0
139,part,18536,1149991592,1144783944,1068495706,3192691884,0,0
139,part,18537,1149982564,1144759819,1057776499,3205357118,0,0
139,part,18538,1149962788,1144764006,998899968,3131665920,0,0
139,part,18539,1149990556,1144741314,1067701827,1036662672,0,0
139,part,18540,1150345228,1144751896,983434652,1068147557,0,0
139,part,18541,1150320644,1144760983,0,3143266304,0,0
139,part,18542,1149466803,1144520577,1103058004,3187657824,0,0
139,part,18543,1147739420,1144512030,3237364862,3228289954,1051038334,1084417128
139,part,18544,1148276210,1144597092,1053333160,3200013031,0,1114636288
139,part,18545,1149123687,1144150044,3217096404,3239049254,0,0
139,part,18546,1149111891,1144195467,3220937010,3236398500,0,0
139,part,18547,1149136250,1144005689,3213778802,3246325757,0,0
139,part,18548,1148998431,1143980613,3235788408,3246914855,0,0
139,part,18549,1149245800,1144115087,1081285848,3241471682,0,0
139,part,18550,1149306585,1143903663,1091507782,3248622071,0,0
139,part,18551,1149100564,1144276592,3224645468,3231329100,0,0
139,part,18552,1149113295,1144325635,3222291005,3223795711,0,0
139,part,18553,1149398752,1144511674,1098959372,3225016184,0,0
139,part,18554,1149413092,1144597882,1099647667,1065710088,0,0
139,part,18555,1149366988,1144598136,1095961734,1065807634,0,0
139,part,18556,1150075267,1144840050,1027704852,1062411259,0,0
139,part,18557,1150885894,1144788865,975484928,1059760766,0,0
139,part,18558,1150885714,1144765166,3165423224,1048713506,0,0
139,part,18559,1150894701,1144767884,1033570485,1054281192,0,0
139,part,18560,1149976307,1144860816,1064805070,1035772016,0,0
139,part,18561,1149961449,1144859138,995118080,0,0,0
139,part,18562,1149977996,1144837678,1066806236,1059983045,0,0
139,part,18563,1149969911,1144807766,1044298578,3189065532,0,0
139,part,18564,1149965573,1144792937,3199189629,3176167760,0,0
139,part,19647,1149123996,1144552646,3247122974,3246677433,1028710476,1086706276
139,part,18566,1149963746,1144763983,3205561082,1044006460,0,0
139,part,18567,1149963606,1144859907,1054168094,1024850144,0,0
139,part,18568,1149960201,1144853845,981862656,1059760766,0,0
139,part,18569,1149960201,1144837461,982768896,1059760766,0,0
139,part,18570,1149960198,1144804693,974887680,1059760766,0,0
139,part,18571,1149965157,1144782093,0,3129827328,0,0
139,part,18572,1149960207,1144773105,989795328,1059760766,0,0
139,part,18573,1148245083,1144599360,3233141275,1066478160,0,0
139,part,18574,1150345225,1144777380,982457628,1065347091,0,0
139,part,18575,1150337030,1144777382,979608338,1065347878,0,0
139,part,18576,1150037356,1144803614,1106710370,1088126346,0,0
139,part,18577,1149164368,1144390387,3236974158,3231853287,1032039385,1085071672
139,part,18578,1149441600,1144542678,1034862996,3196722761,0,1114636288
139,part,18579,1149441409,1144551040,1041852749,3189115155,0,1114636288
139,part,18580,1149442012,1144546121,1042602480,3189237827,0,1114636288
139,part,18581,1149722472,1144802847,3169138103,1056886128,0,0
139,part,18582,1149722624,1144818518,936997888,1051372158,0,0
139,part,18583,1148852818,1144592414,3239977388,1060854736,0,0
139,part,18584,1148883246,1144592288,3238629123,1060661102,0,0
139,part,18585,1149009310,1144558037,1077701969,1058384548,0,0
139,part,18586,1148996976,1144519014,1072189373,3216931242,0,0
139,part,18587,1148921158,1144592366,3235121970,1060782212,0,0
139,part,18588,1149013970,1144550202,1072658616,3218144502,0,0
139,part,18589,1148966976,1144542890,3223036016,3209516837,0,0
139,part,18590,1149011398,1144518845,1070682222,3217060696,0,0
139,part,18591,1148980540,1144553686,3224118676,1044301428,0,0
139,part,18592,1149005482,1144514350,3201302948,3220513438,0,0
139,part,18595,1149062430,1144597033,3222844985,3220912634,0,0
139,part,18596,1148986577,1144621734,3239660196,3187138549,3153688108,3250822470
139,part,18597,1149008928,1144561395,3237047845,3233006198,3153688108,1113314529
139,part,18598,1149062855,1144531105,3223877458,3238397755,3153688108,3253769286
139,part,18599,1149116097,1144533507,1076737827,3238168257,3153688108,3250327000
139,part,18600,1149111821,1144616985,3211636056,1074619742,3153688108,1106623606
139,part,18601,1149123338,1144623568,3223934176,1023113597,3153688108,1111904648
139,part,18602,1149129056,1144667099,3222751988,1079690949,3153688108,1107275126
139,part,18603,1149112281,1144687417,1072651588,1086035650,3153688108,1101565393
139,part,18604,1149059998,1144718260,3224968965,1091223482,3153688108,1112262343
139,part,18605,1149006145,1144684074,3237579446,1085397165,3153688108,1109854081
139,part,18616,1149229671,1144879481,1094296689,1101792634,3213516554,1117695157
139,part,18617,1149169766,1144344628,1087505492,3250319655,1067831686,1104667101
139,part,18618,1149068680,1144686525,1062786688,3198039679,1081477420,1105994405
139,part,18626,1148980936,1144326168,3239069851,3250712311,1073161754,1124169884
139,part,18627,1149008461,1144685784,3235878516,3199524006,1083036927,1130750671
139,part,18628,1149293777,1144452836,1101462752,3244224839,1058290075,1131108021
139,part,18629,1148801794,1144535196,3250373600,3236391492,1077329591,1127531596
139,part,18631,1149139266,1144330940,1081570420,3250508668,1068777195,1130365259
139,part,18634,1149066132,1144597065,1061365984,1059449594,1075028432,1124360276
139,part,18635,1149107967,1144893938,1068033830,1102033066,3217128122,1128022146
139,part,18638,1149270986,1144766878,1099517992,1094316599,3206236649,1118817543
139,part,18639,1149030133,1144377928,3231741220,3248503993,1072227947,1131309899
139,part,18641,1149280134,1144564805,1100298573,3231338582,1047801862,1127756608
139,part,18642,1148877152,1144544725,3247158486,3234765270,1077105888,1125912185
139,part,18643,1149146116,1144827374,3194436512,1099193116,3214910538,1131512797
139,part,18644,1149173912,1144430535,1087763081,3246127713,1066717526,1109661810
139,part,18646,1149284749,1144964957,3196904912,3203489937,0,0
139,part,18647,1148928101,1144830247,3230946681,1086850639,0,0
139,part,18648,1149054900,1144916984,3213417999,1089970970,0,0
139,part,18649,1149279167,1144924551,3190886992,3196216896,0,0
139,part,18654,1148597813,1143904002,3257869189,3263161458,0,0
139,part,18659,1149157288,1144903320,0,1051372158,0,0
139,part,18660,1148867659,1144900789,1045468818,3196066208,0,0
139,part,18661,1148951948,1144900297,1041157424,3196596048,0,0
139,part,18663,1148730725,1143894388,3254601783,3263153850,0,0
139,part,18664,1149205601,1143835958,1091826431,3263835008,0,0
139,part,18667,1148766398,1144911486,1051580896,3198947840,0,0
139,part,19646,1149141194,1144568173,3243417705,3235395006,1028710476,1095749224
139,part,18669,1148336734,1144291311,3258789886,3245960365,0,0
139,part,18670,1149124489,1144943615,3149404416,3187731062,0,0
139,part,18671,1148817978,1144896396,0,0,0,0
139,part,18672,1149327933,1144853104,1090032781,1067808371,0,0
139,part,18673,1148974700,1144999804,3216169088,1081100812,0,0
139,part,18674,1148816505,1144917884,0,0,0,0
139,part,18675,1149530264,1144710852,1114644749,1091182416,0,0
139,part,18676,1148669479,1143835886,3256397545,3264083793,0,0
139,part,18677,1148602400,1143876617,3257987062,3263601208,0,0
139,part,18678,1148581162,1143934351,3258490320,3262665833,0,0
139,part,18679,1148649656,1143821604,3256867282,3264253015,0,0
139,part,18680,1149263828,1144952472,0,1051372158,0,0
139,part,18681,1148718793,1144901500,0,0,0,0
139,part,18682,1149092943,1143781608,1037861507,3264726887,0,0
139,part,18683,1149171145,1144962651,3182061088,3199891190,0,0
139,part,18684,1149079059,1144929457,0,0,0,0
139,part,18685,1149058604,1144971563,3188397098,3178569472,0,0
139,part,18686,1149288048,1144978024,3192989984,3198814848,0,0
139,part,18687,1148969193,1145014398,1040014400,3200289344,0,0
139,part,18688,1148872056,1144615469,1085592092,3205720518,0,0
139,part,18689,1149041121,1144493702,1108070279,3242498549,0,0
139,part,18690,1148769289,1144744054,1060305504,1105376455,0,0
139,part,18691,1148768466,1144616793,1088351060,1069548112,0,0
139,part,18692,1148441429,1144131218,3261920655,3257855673,0,0
139,part,18693,1148536071,1144061279,3259601526,3259804210,0,0
139,part,18694,1148626990,1143966180,3257604844,3262075137,0,0
139,part,18695,1148750150,1143939740,3254317006,3262706503,0,0
139,part,18696,1148851367,1143854965,3249612522,3263949703,0,0
139,part,18697,1148987880,1143861780,3240563076,3263868328,0,0
139,part,18698,1149096246,1143852416,1057541364,3263980126,0,0
139,part,18699,1149231173,1143801026,1095178714,3264593714,0,0
139,part,18700,1149151533,1144535711,3225074494,3223911557,0,0
139,part,18701,1148863173,1144505332,3256062020,1086597912,0,0
139,part,18702,1148928339,1144614559,3254875505,1099002797,0,0
139,part,18703,1149101727,1144487891,3231176761,3240759560,0,0
139,part,18704,1149099434,1144495059,3229278354,3237923752,0,0
139,part,18705,1149098418,1144571182,3229921882,1097441471,0,0
139,part,18706,1149300562,1144660680,1100233491,3235236141,0,0
139,part,18707,1148838981,1144541942,3234035828,1099642916,0,0
139,part,18708,1148932296,1144633154,3254746463,1057477797,0,0
139,part,18709,1149129962,1144768725,3240194191,1095003286,0,0
139,part,18710,1149181323,1144645700,1080191472,1055429719,0,0
139,part,18711,1149261401,1144728211,1083234009,1096569718,0,0
139,part,18712,1149198356,1144624714,1060931632,1067895352,0,0
139,part,18713,1149248203,1144788103,3221228878,3221357641,0,0
139,part,18714,1149248962,1144833679,3219661089,3223475599,0,0
139,part,18715,1149344302,1144752308,1107204065,3223515864,0,0
139,part,18716,1149148779,1144894605,3211676241,3233559951,0,0
139,part,18717,1149215036,1144762769,1093133036,3224526990,0,0
139,part,18718,1149084286,1144856736,3205810603,3234033708,0,0
139,part,18719,1149062836,1144829172,1056621833,3225197463,0,0
139,part,18720,1148992504,1144931657,3189537524,3233242297,0,0
139,part,18721,1148959976,1144877476,3177557179,1046295456,0,0
139,part,18722,1148990197,1144769023,1070696977,3222137631,0,0
139,part,18723,1148869589,1144845491,1081996190,3229228331,0,0
139,part,18724,1148881184,1144773365,1076044634,3219736424,0,0
139,part,18725,1148881780,1144875151,3212039312,3224278128,0,0
139,part,18726,1148943860,1144861596,1098821963,1101965800,0,0
139,part,18727,1148946543,1144759504,1098345791,1094247497,0,0
139,part,18730,1149150860,1144608173,3221316773,3198007088,0,0
139,part,18731,1149185861,1144612536,1064176664,3182579263,3153688108,3255343759
139,part,18732,1149185207,1144607316,1063170912,3201278710,3153688108,3254784088
139,part,18733,1149195802,1144599288,1067254484,1038607328,3153688108,1107601194
139,part,18734,1149185585,1144606747,1063752868,1045317251,3153688108,3254505718
139,part,18735,1149194389,1144616270,1066530408,3183540136,3153688108,3254797154
139,part,18736,1149198265,1144614554,1060277312,1021214449,3153688108,1102460352
139,part,18737,1149207086,1144626615,3207237912,3222752004,3153688108,3256653465
139,part,18738,1149216253,1144645191,1072456908,3185988224,3153688108,3249474986
139,part,18739,1149147551,1144698234,3223593532,1089858334,3153688108,3247873504
139,part,18740,1149109667,1144660852,3233841092,1082717130,3153688108,1107340374
139,part,18745,1149365321,1144690462,1104440910,1087110223,3195718249,1119649328
139,part,18747,1149134420,1144855371,1049169600,3221365136,1083089755,1124206169
139,part,18749,1148871114,1144601129,3251437187,3214017450,1078386240,1117327446
139,part,18750,1149311960,1144825626,1099733737,1099822729,3209440021,1119506510
139,part,18752,1148961935,1144802994,3247431331,1098741457,1081593100,1119727670
139,part,18758,1149317286,1144704060,1100203636,1089509248,3201047719,1109407588
139,part,18761,1149133118,1144859748,1048877328,3220872832,1083088097,1107614188
139,part,18764,1149287976,1144859113,3205512480,1100939461,3212182893,1124534627
139,part,18766,1148950749,1144799778,3247600334,1097908374,1081454740,1127489499
139,part,18767,1149351392,1144586663,1102797184,3222464848,1034887727,1116281296
139,part,18770,1149279336,1144378147,1094389721,3248102445,1065509312,1115587970
139,part,18771,1148911448,1144658677,3249277097,1080305058,1079273585,1117215632
139,part,18772,1149319928,1144747282,1100112394,1093428844,3205183061,1129138189
139,part,18775,1149324648,1144545383,1100515109,3233084323,1049394221,1124197180
139,part,18776,1148952895,1144533860,3247508760,3235050820,1077126454,1124456607
139,part,18778,1149241702,1144404161,1085415091,3246992507,1067466273,1122007070
139,part,18780,1149300145,1144663265,1097940886,1081870759,3196840359,1125993922
139,part,18781,1149248431,1145005375,1068584296,3199660768,0,0
139,part,18783,1148861068,1143860766,3252883144,3263563020,0,0
139,part,18785,1149209584,1144865435,1050613552,3198159180,0,0
139,part,18786,1148544449,1143966491,3260998817,3261485216,0,0
139,part,18787,1148578260,1143952981,3260419344,3261801139,0,0
139,part,18788,1149616623,1144672902,1116863351,1085362214,0,0
139,part,18789,1148933858,1145024644,3233821808,1093750310,0,0
139,part,18790,1149646076,1144781558,1117345774,1098917450,0,0
139,part,18791,1149343600,1144890276,3197818944,3198484226,0,0
139,part,19645,1149070733,1144473338,3245347380,3233711301,1028710476,1086518606
139,part,18795,1148312979,1144911404,3242749784,1095801557,0,0
139,part,18796,1149294415,1144939673,3194963328,3200571648,0,0
139,part,18797,1149436099,1144925075,0,0,0,0
139,part,18798,1149550664,1144204572,1114737567,3255704491,0,0
139,part,18799,1149568049,1144187600,1115539494,3256089766,0,0
139,part,18800,1149254866,1145056147,0,0,0,0
139,part,18801,1149262007,1145022158,3183417152,3197724384,0,0
139,part,18802,1148854082,1144941459,0,0,0,0
139,part,18803,1149222563,1144945452,3146012064,3181522330,0,0
139,part,18804,1149554091,1144115495,1114895665,3257794061,0,0
139,part,18805,1149053434,1143806375,3241560219,3264070160,0,0
139,part,18806,1149579578,1144310004,1115878109,3252192000,0,0
139,part,18807,1148551543,1144107749,3260787387,3257770237,0,0
139,part,18808,1149045118,1145036786,1037106304,3197198059,0,0
139,part,18809,1148865623,1144926999,1051454888,3197585440,0,0
139,part,18810,1149640330,1144312561,1117552654,3252191810,0,0
139,part,18811,1149285897,1144941459,0,0,0,0
139,part,18812,1148798426,1144958242,3194167808,1045105088,0,0
139,part,18813,1149526494,1144046745,1114025528,3259784691,0,0
139,part,18814,1148742925,1143784630,3256646515,3264582157,0,0
139,part,18815,1149456643,1143897915,1110715115,3263239957,0,0
139,part,18816,1149190007,1144910511,0,1051372158,0,0
139,part,18817,1149425456,1143839016,1109237053,3263937800,0,0
139,part,18818,1149615945,1144218018,1116974819,3255726160,0,0
139,part,18819,1149617624,1144221818,1117014610,3255636155,0,0
139,part,18820,1149657671,1144467052,1117963561,3243349012,0,0
139,part,18821,1148718746,1144893401,1054621728,3197101328,0,0
139,part,18822,1148496915,1144242310,3254273830,3253712304,0,0
139,part,18823,1148999554,1144604430,1107962516,3205372989,0,0
139,part,18824,1148775196,1144849833,1055043008,3221632944,0,0
139,part,18825,1148880123,1144370980,1100442092,3250642226,0,0
139,part,18826,1148871924,1144686090,3221320290,1106224111,0,0
139,part,18827,1149021762,1144627828,1085421860,1101572605,0,0
139,part,18828,1149142977,1144047057,1097002208,3259978323,0,0
139,part,18829,1148977002,1144495937,1095284756,1084321428,0,0
139,part,18830,1149012060,1144473404,1091352060,1077862821,0,0
139,part,18831,1149071296,1144437164,1087113988,3216766404,0,0
139,part,18832,1149049495,1143813052,3241131742,3264340361,0,0
139,part,18833,1149189268,1143824888,1057754693,3264199044,0,0
139,part,18834,1149016993,1144079219,3255786182,3252591644,0,0
139,part,18835,1149327128,1144321303,1102728535,1091067649,0,0
139,part,18836,1149402019,1144341197,1107956286,1091680718,0,0
139,part,18837,1149432779,1143998699,1109750722,3261079048,0,0
139,part,18838,1149512071,1144013100,1113471597,3260735170,0,0
139,part,18839,1149555644,1144113655,1115534627,3258279164,0,0
139,part,18840,1149558942,1144254163,1115688489,3254783073,0,0
139,part,18841,1149579484,1144387015,1116179026,3249249120,0,0
139,part,18842,1149589999,1144507753,1116430128,3240617823,0,0
139,part,18843,1149604892,1144622746,1116785751,1057823305,0,0
139,part,18844,1149604049,1144751082,1116765625,1094720755,0,0
139,part,18845,1149431548,1144757691,3224868224,3212102656,0,0
139,part,18846,1149414552,1144874198,1037603584,3224350208,0,0
139,part,18847,1149322308,1144782086,3222760331,3219100039,0,0
139,part,18848,1149338215,1144890931,1033969344,1042519968,0,0
139,part,18849,1149274764,1144877893,3218410114,3222600743,0,0
139,part,18850,1149273395,1144832383,1037321410,3232094203,0,0
139,part,18851,1149245505,1144873637,3210480516,3224226919,0,0
139,part,18852,1149250276,1144818398,3202410368,3233460128,0,0
139,part,18853,1149175951,1144846356,1019335195,3234260520,0,0
139,part,18854,1149130029,1144817717,1055803700,3232970737,0,0
139,part,18855,1148915178,1144770606,3250184569,3224530634,0,0
139,part,18856,1149036780,1144839107,1067883456,3223352887,0,0
139,part,18857,1149007588,1144911782,1071487992,3222673369,0,0
139,part,18858,1148855464,1144917416,1082565688,1051311264,0,0
139,part,18859,1148847216,1144878729,1075157776,3226856896,0,0
139,part,18860,1148785565,1144845389,1076545504,3215639936,0,0
139,part,18861,1148783158,1144841657,1077323744,3211215456,0,0
139,part,18862,1148854145,1144739011,1096937880,1093542341,0,0
139,part,18863,1150328834,1144771924,967041504,1059759508,0,0
139,part,18864,1150328896,1144591653,1010692857,1059687045,0,0
139,part,18865,1149036232,1144548566,3246491522,3218794483,0,0
139,part,18866,1148970277,1144564582,3249490676,3198445809,0,0
139,part,18867,1149122778,1144550589,3238980330,3217689927,0,0
139,part,18868,1149117394,1144596942,3239483891,1076075517,0,0
139,part,18869,1149162561,1144624893,3232515648,1084331797,0,0
139,part,18870,1149169368,1144519031,3231242049,3230439702,0,0
139,part,18871,1148927712,1144611940,3246956060,1075274203,0,0
139,part,18872,1148860150,1144569315,3250028304,3215619000,0,0
139,part,18873,1148973659,1144549493,3243733354,3225997893,0,0
139,part,18874,1149007540,1144538252,3240564319,3229908962,0,0
139,part,18875,1149060714,1144594388,3233178191,1063121179,0,0
139,part,18876,1149050168,1144604678,3235151189,1071937489,0,0
139,part,18877,1150083187,1144832369,1026308688,1032474296,0,0
139,part,18878,1150903429,1144783381,1054403044,1036499994,0,0
139,part,18879,1149887064,1144782692,1046533455,3169471056,0,0
139,part,18882,1149885554,1144723926,3234507633,3219454650,0,0
139,part,18883,1149888217,1144728485,3238377985,3212068407,0,0
139,part,18884,1149917805,1144693977,1075744473,3215124806,0,0
139,part,18885,1149919286,1144750080,1017285632,0,0,0
139,part,18886,1149915847,1144720764,3214847491,3222768616,0,0
139,part,18887,1149926469,1144699304,1076469967,3197649664,0,0
139,part,18888,1149911671,1144744555,3233323864,3212934728,0,0
139,part,18889,1149935123,1144732922,1077179064,3188793210,0,0
139,part,18890,1149933548,1144695339,1074759044,3213032722,0,0
139,part,18891,1149941252,1144725661,1074010448,3216790422,0,0
139,part,18892,1149940409,1144677433,1071688230,3215370680,0,0
139,part,18893,1149155712,1144760367,3226697856,3229858394,0,0
139,part,18894,1149158871,1144766786,3224271715,1030871088,0,0
139,part,18895,1149168027,1144780846,3229718580,3226957064,0,0
139,part,18896,1149175221,1144784662,3224298049,1051330037,0,0
139,part,18897,1149173769,1144799232,1008846080,0,0,0
139,part,18898,1149194695,1144799811,3221924297,3233585925,0,0
139,part,18899,1149193528,1144810277,3222821025,3212461505,0,0
139,part,18900,1149196009,1144791479,3220605297,3216356384,0,0
139,part,18901,1149236448,1144813200,1075748776,3202516774,0,0
139,part,18902,1149215717,1144789551,3215500538,3219318212,0,0
139,part,18903,1149050108,1144663626,1082882570,3228902154,0,0
139,part,18904,1149011649,1144668405,3224092045,1027056752,0,0
139,part,18905,1149040074,1144650449,1075928898,3195585664,0,0
139,part,18906,1149020820,1144562078,3212871914,3216395350,0,0
139,part,18907,1149019373,1144531943,3215094416,3211865359,0,0
139,part,18908,1149030926,1144679943,1081486153,3228953304,0,0
139,part,18909,1149017818,1144659270,1069095429,3218103498,0,0
139,part,18910,1148999127,1144631632,3221026232,3207610705,0,0
139,part,18911,1149005159,1144692817,1074279724,3230631780,0,0
139,part,18912,1149006508,1144702412,1075315830,1049307208,0,0
139,part,18913,1148994885,1144642322,1048374564,3218968974,0,0
139,part,18914,1148989844,1144627049,3207402145,3217263812,0,0
139,part,18915,1148993101,1144594722,3181587959,3216586050,0,0
139,part,18916,1149007019,1144718195,1075708324,3224741336,0,0
139,part,18917,1148966368,1144733722,3221013030,1000068288,0,0
139,part,18918,1148981173,1144709458,1060928526,3216512524,0,0
139,part,18919,1148968667,1144697417,3217481874,3206846992,0,0
139,part,18920,1148967713,1144684813,3218947139,1028233448,0,0
139,part,18921,1148982357,1144662503,1064564400,3213137640,0,0
139,part,18922,1148975585,1144645084,3197296299,3214726556,0,0
139,part,18923,1148985301,1144636305,1069481563,1043012229,0,0
139,part,18924,1148971484,1144599862,3213154144,3204543618,0,0
139,part,18925,1148967794,1144745139,1067756572,3211239979,0,0
139,part,18926,1148964572,1144726981,1060262477,3214762890,0,0
139,part,18927,1148969357,1144716657,1070157524,3186991284,0,0
139,part,18928,1148952778,1144684886,3216721584,1031807292,0,0
139,part,18929,1148965766,1144664097,1063930831,3208540573,0,0
139,part,18930,1148961073,1144598358,1030018790,3209166389,0,0
139,part,18931,1148937799,1144763060,3214562406,3206517287,0,0
139,part,18932,1148937319,1144748030,3215299544,3200266732,0,0
139,part,18933,1148936836,1144733968,3216042029,1028395656,0,0
139,part,18934,1148940342,1144712988,3208475984,3209344333,0,0
139,part,18935,1148947816,1144696642,1059118866,3209226123,0,0
139,part,18936,1148939576,1144618710,3210828572,3177141152,0,0
139,part,18937,1148947466,1144600631,1058044925,3199915518,0,0
139,part,18938,1149063745,1144674104,1062932848,3231526071,0,0
139,part,18939,1149064666,1144686791,1065556274,3232945509,0,0
139,part,18940,1149063338,1144691423,1061680778,3237458344,0,0
139,part,18941,1149062706,1144715481,1059739192,3234511576,0,0
139,part,18942,1149223455,1144804397,3225002780,3231825200,0,0
139,part,18943,1149246324,1144799916,1076147622,1040209673,0,0
139,part,18944,1149229879,1144775012,3218912618,3216484368,0,0
139,part,18945,1149237408,1144815678,3226869528,3233784778,0,0
139,part,18946,1149247796,1144803389,1038555463,3222227398,0,0
139,part,18947,1149243304,1144790523,3217302496,3217824928,0,0
139,part,18948,1149252700,1144777174,1072975934,3213163490,0,0
139,part,18949,1149249263,1144851086,3222693740,3223344873,0,0
139,part,18950,1149249198,1144864283,3222793610,3225792091,0,0
139,part,18954,1149050928,1144817410,1069622049,3224041936,0,0
139,part,18955,1149040124,1144774722,3203423443,3216929138,0,0
139,part,18956,1149051752,1144749656,1070886205,3181324956,0,0
139,part,18957,1149048494,1144835213,1065882710,3222952019,0,0
139,part,18961,1148759528,1144437959,3233688424,3193635792,1022097926,1075260744
139,part,18962,1148905698,1144449671,1077193328,1062290153,3182230902,3230524876
139,part,18963,1148727124,1144423600,3245245800,1011179680,1037093648,1087899278
139,part,18964,1148868390,1144440999,1090500148,1035071482,3182689522,3230954834
139,part,18965,1148950015,1144421961,1084030770,3204492692,1029674455,1081748648
139,part,18966,1148988876,1144434284,1091623892,3215166826,3183655826,3231860748
139,part,18967,1148883425,1144429053,1089915804,1056198161,3188896013,3237921861
139,part,18968,1148661371,1144424826,3248198869,1042641098,3179078642,3225716216
139,part,18974,1149276762,1144602405,3236079050,1099065266,0,0
139,part,18975,1149284787,1144557056,3229916399,1090512773,0,0
139,part,18976,1149286062,1144429652,3228259296,3245690335,0,0
139,part,18977,1149301441,1144473255,1073364052,3236634326,0,0
139,part,18978,1149289246,1144439256,3223368652,3243846407,0,0
139,part,18979,1149294859,1144557605,3202960618,1090621209,0,0
139,part,18980,1149322426,1144590144,1092238679,1096868781,0,0
139,part,18981,1149303035,1144613739,1076000476,1100153350,0,0
139,part,18982,1149272447,1144599591,3238697995,1098682712,0,0
139,part,18983,1149293677,1144611460,3210963804,1099934572,0,0
139,part,18984,1149278428,1144483205,3234799722,3232813469,0,0
139,part,18985,1149288981,1144518482,3223775598,1064243348,0,0
139,part,18986,1149282844,1144558436,3231408116,1090780896,0,0
139,part,18987,1149300174,1144531846,1069472222,1079533618,0,0
139,part,18988,1149288464,1144543856,3224571091,1085444050,0,0
139,part,18989,1149293750,1144489638,3210513486,3230343186,3197987892,3230437934
139,part,18990,1149292454,1144482392,3215658319,3233125831,3197605471,3228393621
139,part,18991,1149288357,1144512670,3224735018,3188037184,3194126020,1061728384
139,part,18992,1149288346,1144510650,3224751870,3204451568,3199149142,3234792640
139,part,18993,1149286342,1144547724,3227830006,1086929170,3199301920,3235365560
139,part,18994,1149278603,1144513016,3234665771,3171511672,3189498968,1084061628
139,part,18995,1149299058,1144489250,1066041970,3230492195,3194206193,1060525776
139,part,18996,1149283044,1144510966,3231255101,3194122764,3199708254,3236889320
139,part,18997,1149279406,1144488923,3234048885,3230617746,3198700130,3233108838
139,part,18998,1149279655,1144521835,3233857817,1069948188,3192189268,1075904159
139,part,18999,1149268057,1144468782,3240383883,3238177252,3192101713,1076232493
139,part,19000,1149299520,1144533395,1067462980,1080722916,3188523218,1085891168
139,part,19001,1149286357,1144549717,3227807120,1087694568,3192919959,1072586294
139,part,19002,1149287640,1144457462,3225836172,3240350796,3192849434,1073115230
139,part,19003,1149311155,1144470646,1085301991,3237636338,3191986855,1076663213
139,part,19004,1149290107,1144535389,3213656650,1082192694,3199198411,3234977398
139,part,19005,1149287111,1144514230,3226648702,1042217728,3197495472,3227568628
139,part,19006,1149282631,1144536343,3223183634,1082558914,3188193612,1086509180
139,part,19007,1149296916,1144535205,1050180418,1082112974,3192181442,1075933507
139,part,19008,1149279870,1144495166,3233692433,3226827008,3196954932,3223514559
139,part,19009,1149283205,1144502914,3231131247,3220527036,3198409284,3232018160
139,part,19010,1149265676,1144487423,3241298049,3231193652,3190213284,1082722282
139,part,19011,1149266041,1144477771,3241157821,3234900008,3192979712,1072138142
139,part,19012,1149279000,1144503412,3234360466,3211372383,3193598445,1067497628
139,part,19013,1149272228,1144587109,3228828505,1107685453,3197467395,3223484913
139,part,19014,1149284796,1144539391,3232235428,1089037883,3197018606,3221406231
139,part,19015,1149099649,1144761997,3217618978,3228850486,0,0
139,part,19016,1149119207,1144765083,3212652386,3234338622,0,0
139,part,19017,1149137925,1144762603,1075580603,3207921605,0,0
139,part,19018,1149124628,1144815616,996848128,0,0,0
139,part,19019,1149124620,1144815616,997934080,0,0,0
139,part,19020,1148961873,1144762782,1078785010,3228247576,0,0
139,part,19021,1148951294,1144779337,1082686636,3228116317,0,0
139,part,19022,1148921046,1144725310,3215129140,3217328732,0,0
139,part,19023,1148922825,1144708570,3211957891,3217875388,0,0
139,part,19024,1148937823,1144697423,1072052435,3206828162,0,0
139,part,19025,1148937874,1144682549,1072131146,3199929062,0,0
139,part,19026,1148919518,1144664688,3217475898,3206726851,0,0
139,part,19027,1148935905,1144633297,1069106530,3200541272,0,0
139,part,19028,1148928886,1144790699,1078616426,3230793802,0,0
139,part,19029,1148904134,1144789607,3215941099,3219232894,0,0
139,part,19030,1148903671,1144774246,3216651181,3217660232,0,0
139,part,19031,1148905368,1144757418,3214045709,3218343234,0,0
139,part,19032,1148913830,1144724338,1053790242,3218821920,0,0
139,part,19033,1148922197,1144716844,1073217139,3182389868,0,0
139,part,19034,1148902972,1144667083,3217725017,3192513940,0,0
139,part,19035,1148904576,1144633462,3215262064,3199527894,0,0
139,part,19036,1148907826,1144818756,1075025806,3223008082,0,0
139,part,19037,1148893241,1144804367,3199903058,3221476155,0,0
139,part,19038,1148887379,1144791111,3216511051,3216922640,0,0
139,part,19039,1148885341,1144777666,3219640166,3211979371,0,0
139,part,19040,1148883929,1144765825,3221517752,3186601340,0,0
139,part,19041,1148884261,1144750894,3221262432,1041795536,0,0
139,part,19042,1148886585,1144729620,3217730417,3208579971,0,0
139,part,19043,1148886037,1144715422,3218571458,3199283086,0,0
139,part,19044,1148887204,1144668024,3216778986,3167443248,0,0
139,part,19045,1148898221,1144646487,1057758177,3212306199,0,0
139,part,19046,1149045772,1144679179,1080304654,3229539912,0,0
139,part,19047,1149028818,1144702407,1079866689,3233240621,0,0
139,part,19048,1149022630,1144712585,1075114673,3210582511,0,0
139,part,19049,1149026155,1144735442,1077821647,3233137850,0,0
139,part,19050,1149003479,1144759978,1072237186,3230007435,0,0
139,part,19051,1148991605,1144755008,3199537075,3221635014,0,0
139,part,19052,1148984840,1144742430,3217805188,3216198394,0,0
139,part,19053,1148966717,1144761561,3220475868,3211121347,0,0
139,part,19054,1148957779,1144805843,3205241491,3219459596,0,0
139,part,19055,1148972116,1144799359,1074068519,1019143056,0,0
139,part,19056,1148952876,1144777042,3216569821,3213366874,0,0
139,part,19060,1148913135,1144736584,1086908069,3223201814,0,0
139,part,19061,1148885157,1144722089,1066655589,3221751239,0,0
139,part,19062,1148885006,1144643595,1066424096,3217013842,0,0
139,part,19063,1148888250,1144739232,1083643822,3221110784,0,0
139,part,19064,1148850686,1144726529,3221882459,3215456812,0,0
139,part,19065,1148869102,1144752117,1082582144,3223855060,0,0
139,part,19066,1148858028,1144712716,1074529175,3210179623,0,0
139,part,19067,1148858391,1144752986,1084760729,3223187774,0,0
139,part,19068,1148814974,1144750665,3224143708,1037787506,0,0
139,part,19069,1148819517,1144754900,1066496279,3221718432,0,0
139,part,19074,1148906429,1144783745,1084332845,3224730798,0,0
139,part,19075,1148891272,1144761339,1074894835,3211804395,0,0
139,part,19076,1148886745,1144798149,1083065910,3226251736,0,0
139,part,19077,1148867436,1144787079,1063851200,3222170519,0,0
139,part,19078,1148863809,1144770518,1048325306,3222306117,0,0
139,part,19079,1148874788,1144817555,1084765692,3223930823,0,0
139,part,19080,1148855040,1144805643,1070727795,3219766928,0,0
139,part,19081,1148837437,1144789793,3217724567,3218946012,0,0
139,part,19082,1148847119,1144771131,1044564763,3221835393,0,0
139,part,19083,1148850133,1144828509,1081048671,3228100652,0,0
139,part,19090,1149090345,1144831524,3196856022,3233991315,0,0
139,part,19091,1149090853,1144863905,3191407382,3226082629,0,0
139,part,19092,1149091018,1144883765,3189383191,3223413169,0,0
139,part,19093,1149090912,1144894024,3190681298,3228117433,0,0
139,part,19094,1148904226,1144786277,1083487060,3232491803,0,0
139,part,19095,1148879145,1144811869,1078164457,3228297800,0,0
139,part,19096,1148871839,1144819746,1083633268,3232222599,0,0
139,part,19097,1148849901,1144843947,1080870492,3228827292,0,0
139,part,19101,1149202178,1144614790,1060334192,3197397806,1082830759,3231165884
139,part,19102,1149242305,1144654022,1055028800,1066043319,1082862175,3228947811
139,part,19103,1149150412,1144732758,3245273497,1049650576,1082728941,3237275008
139,part,19104,1149206649,1144611064,1065851416,1054181590,1083004138,1046594264
139,part,19105,1149225479,1144668550,1083715880,3185687784,1082813452,3232204345
139,part,19106,1149246760,1144690804,1084586628,3200797228,1083047944,1069327534
139,part,19107,1149122599,1144765827,3238567205,1053109555,1083245412,1091236079
139,part,19111,1149244992,1144798597,3229253107,3186489292,0,0
139,part,19112,1149257041,1144758591,1056913045,3216541356,0,0
139,part,19113,1149260276,1144735421,1071084328,1050784796,0,0
139,part,19114,1149258467,1144696575,1065526340,3209431925,0,0
139,part,19115,1149257338,1144798626,3222872907,3185797872,0,0
139,part,19116,1149267798,1144778626,1069025509,3209029245,0,0
139,part,19117,1149267437,1144746276,1067917798,3207745893,0,0
139,part,19118,1149267612,1144731132,1068452604,3203422146,0,0
139,part,19119,1149264821,1144799377,3223962428,1020876464,0,0
139,part,19120,1149272938,1144759574,1050929470,3215031932,0,0
139,part,19121,1149270796,1144743789,3203249618,3214110896,0,0
139,part,19122,1149274533,1144729081,1063747722,3210236683,0,0
139,part,19123,1149274924,1144816385,3220827912,1041245041,0,0
139,part,19124,1149279297,1144792683,3199460850,3214507746,0,0
139,part,19125,1149281054,1144776596,1049997789,3214051518,0,0
139,part,19126,1149282372,1144761648,1061577381,3210854753,0,0
139,part,19127,1149283188,1144747204,1065973026,3204894115,0,0
139,part,19128,1149277085,1144732201,3214188152,3196857718,0,0
139,part,19129,1149277547,1144683599,3212701132,3190896688,0,0
139,part,19130,1149282982,1144668233,1065322759,1012689472,0,0
139,part,19131,1149278506,1144633629,3206811741,3198501358,0,0
139,part,19132,1149284275,1144815745,3217266919,1019324608,0,0
139,part,19133,1149291812,1144797020,1067297484,3201261966,0,0
139,part,19134,1149285945,1144779062,3211440461,3207689135,0,0
139,part,19135,1149287216,1144729463,3202806667,3209064991,0,0
139,part,19136,1149286453,1144714375,3208315432,3205083562,0,0
139,part,19137,1149291380,1144702288,1065972271,1048515294,0,0
139,part,19138,1149288822,1144680860,1040996528,3207378401,0,0
139,part,19139,1149290669,1144667221,1062220099,3190819308,0,0
139,part,19140,1149287944,1144648799,3191661106,3205204746,0,0
139,part,19141,1149294362,1144779718,3210058196,3205676415,0,0
139,part,19142,1149296847,1144713589,1033582770,3207495645,0,0
139,part,19143,1149294776,1144683074,3207514993,3196705346,0,0
139,part,19144,1149294629,1144667586,3208414912,3185008184,0,0
139,part,19145,1149035224,1144731608,1070666187,3234610300,0,0
139,part,19146,1149034750,1144750606,1069937034,3233606340,0,0
139,part,19147,1149022997,1144780855,1075396626,3226950438,0,0
139,part,19148,1149019202,1144784894,1071221960,3233022728,0,0
139,part,19149,1148999094,1144789840,1065502301,3218874260,0,0
139,part,19150,1148899704,1144813857,1081370442,3226770712,0,0
139,part,19151,1148879632,1144815329,1078538094,3233918780,0,0
139,part,19152,1148859573,1144846196,1075715578,3227100359,0,0
139,part,19153,1148848361,1144860719,1079688290,3228529400,0,0
139,part,19154,1149286419,1144649664,3235366449,3200647222,0,0
139,part,19155,1149293434,1144649904,3236270409,3199170540,0,0
139,part,19156,1149318157,1144649579,3229866294,3201168290,0,0
139,part,19157,1149158936,1144773721,3224222096,3231021801,0,0
139,part,19158,1149171653,1144796419,3227038349,3234888746,0,0
139,part,19159,1149186272,1144826044,3228393895,3229804110,0,0
139,part,19160,1149201231,1144854630,3229488261,3231410096,0,0
139,part,19161,1148863164,1144766497,1086593747,3225394656,0,0
139,part,19162,1148837060,1144775333,1082861029,3230402628,0,0
139,part,19163,1148816322,1144792095,1080247949,3230257716,0,0
139,part,19164,1148814524,1144811246,1086790221,3228775796,0,0
139,part,19165,1148785099,1144802936,1062568821,3222574844,0,0
139,part,19166,1148774242,1144787921,3214128784,3221523603,0,0
139,part,19167,1148793342,1144779162,1075181976,3207382603,0,0
139,part,19168,1148786452,1144756370,1066039484,3219952644,0,0
139,part,19169,1148790609,1144685199,1072424723,1039498872,0,0
139,part,19170,1148771300,1144667795,3218647594,3179865496,0,0
139,part,19171,1148768576,1144819303,1062142327,3222588408,0,0
139,part,19172,1148778699,1144817150,1076519527,1049610734,0,0
139,part,19173,1148764192,1144799232,1002358272,0,0,0
139,part,19174,1148765269,1144771437,1045420272,3221600478,0,0
139,part,19175,1148775509,1144762707,1074069203,3207601621,0,0
139,part,19176,1148771442,1144726770,1068149441,3215086662,0,0
139,part,19177,1148772783,1144712716,1070209721,3210179673,0,0
139,part,19178,1148765941,1144692790,1051128169,3216948196,0,0
139,part,19179,1148772705,1144667672,1070090445,3182892368,0,0
139,part,19180,1148764174,1144651776,992699904,0,0,0
139,part,19181,1148756938,1144634887,3215541499,3183302456,0,0
139,part,19182,1149135660,1144808476,3212439630,3236550165,0,0
139,part,19183,1149139116,1144818667,3199196398,3223076484,0,0
139,part,19184,1149145020,1144803369,1060949501,3222242583,0,0
139,part,19185,1149139665,1144787119,3195594108,3222139651,0,0
139,part,19186,1149154237,1144782919,1075525555,1012113376,0,0
139,part,19187,1149141067,1144890205,1012940288,3215709220,0,0
139,part,19188,1149141062,1144908926,1011929472,3211400768,0,0
139,part,19189,1149141038,1144923050,1007380416,3215590998,0,0
139,part,19190,1149075818,1144810171,1032296569,3235899300,0,0
139,part,19191,1149075838,1144844037,1032805142,3228758082,0,0
139,part,19192,1149075882,1144858786,1033872288,3229814217,0,0
139,part,19193,1149075635,1144884805,1023830171,3222614308,0,0
139,part,19194,1149061682,1144822381,1056222673,3237502108,0,0
139,part,19195,1149060521,1144860286,1049092859,3228861832,0,0
139,part,19196,1149060872,1144873166,1051247549,3230583666,0,0
139,part,19197,1149060142,1144899089,1044950396,3224226895,0,0
139,part,19198,1149221216,1144820827,3226722667,3231807260,0,0
139,part,19199,1149224178,1144834908,3224447468,3232691790,0,0
139,part,19200,1149241596,1144855023,3221886608,3231258970,0,0
139,part,19201,1149255892,1144913941,3201950600,1016702464,0,0
139,part,19202,1149020262,1144796663,1072850306,3234794749,0,0
139,part,19203,1148988716,1144897598,0,1010476032,0,0
139,part,19204,1148984295,1144897539,0,1006976768,0,0
139,part,19205,1148985846,1144897539,0,1015029760,0,0
139,part,19206,1149217198,1144858693,3213224729,3236141266,0,0
139,part,19207,1149232873,1144887649,3214313262,3231313469,0,0
139,part,19208,1149239304,1144930304,993776640,0,0,0
139,part,19644,1149110321,1144847548,3231620087,3232061108,0,0
139,part,19213,1149164239,1144474120,3233731910,1044876552,3207085216,3232129610
139,part,19214,1149240727,1144534335,3235581318,1066064208,3207407886,3234549646
139,part,19215,1149181700,1144474682,3235719466,1068684034,3204984113,1075061612
139,part,19216,1149198601,1144484859,3231126950,3210896789,3205246229,1068517904
139,part,19217,1149246781,1144543593,3231286228,1072128150,3206941699,3231053224
139,part,19218,1149249873,1144551513,3235095019,3162802672,3206677232,3228525345
139,part,19219,1149207330,1144475823,3236467969,3209768895,3205384518,1063385184
139,part,19220,1149204025,1144446081,1079985976,1037549872,3205264707,1067963560
139,part,19643,1149110321,1144847548,3233724855,3188913008,0,0
139,part,19642,1149110321,1144847548,3241095428,3241361926,0,0
139,part,19224,1149138068,1144512428,3230134634,1051014533,3175500652,3233833241
139,part,19225,1149096422,1144451695,3238066736,3213386792,3185779018,3228563445
139,part,19226,1149130719,1144602217,3235093398,1058376199,987288544,1077952796
139,part,19227,1149063789,1144440704,3241342353,3212853528,3168425382,1067916618
139,part,19230,1149202720,1144449193,3240870253,3213497978,3205279661,3234840864
139,part,19231,1149262101,1144504288,3242156238,1068040440,3205060427,3233196606
139,part,19232,1149202754,1144442833,1074768104,3208190945,3205208398,3234306390
139,part,19233,1149208394,1144466269,3245469429,3204700790,3204621703,3229906162
139,part,19234,1149262498,1144508734,3247713615,1074933509,3205035808,3233011958
139,part,19235,1149280298,1144526316,3243701448,1069625682,3205268951,3234760540
139,part,19236,1149203949,1144466089,3248451073,1063388414,3204759396,3230938860
139,part,19237,1149196396,1144424215,3204140544,3210122945,3205032177,3232984730
139,part,19244,1149182671,1144610053,3238236035,3204871640,1083606997,1070585598
139,part,19245,1149218476,1144632731,3240681303,1043139953,1083381844,3231329464
139,part,19246,1149241706,1144720982,3238346123,1067296390,1083617033,1072994304
139,part,19247,1149210627,1144605957,3234244145,1069336754,1083395479,3230511334
139,part,19248,1149237980,1144671837,1077135968,1063044707,1083262650,3238241908
139,part,19249,1149229783,1144689117,3238176726,1069542010,1083627026,1074567226
139,part,19250,1149178846,1144767901,3240393098,1070242528,1083534150,1085145842
139,part,19253,1149216998,1144846928,1073046207,3226537856,0,0
139,part,19254,1149037339,1144825779,1073828156,3229905845,0,0
139,part,19255,1149036254,1144791406,1072247652,3216469326,0,0
139,part,19256,1149039886,1144837677,1075784458,3231628602,0,0
139,part,19257,1149022385,1144881215,0,1010703360,0,0
139,part,19258,1149019726,1144882009,1072026378,3224761600,0,0
139,part,19259,1149294188,1144788134,3229186150,3231778444,0,0
139,part,19260,1149299919,1144789666,3219542104,3219142222,0,0
139,part,19261,1149309539,1144773753,1071423482,3218418696,0,0
139,part,19262,1149309550,1144758231,1071457026,3217093928,0,0
139,part,19263,1149306256,1144739052,1057324378,3221306688,0,0
139,part,19264,1149304019,1144723088,3197656539,3220741690,0,0
139,part,19265,1149299181,1144715385,3221516978,3199509842,0,0
139,part,19266,1149307677,1144693008,1065705358,3216612758,0,0
139,part,19267,1149300178,1144681181,3218745359,3206390128,0,0
139,part,19268,1149303559,1144660282,3203314416,3216548996,0,0
139,part,19269,1149305586,1144809091,3224262335,3230022541,0,0
139,part,19270,1149310711,1144804005,3210268379,3221753948,0,0
139,part,19271,1149311072,1144772246,3208054495,3220732776,0,0
139,part,19272,1149319205,1144766996,1074847752,1036483746,0,0
139,part,19273,1149308406,1144744496,3218635124,3213025126,0,0
139,part,19274,1149310967,1144725050,3208698917,3217728168,0,0
139,part,19275,1149315308,1144709507,1062607449,3216436406,0,0
139,part,19276,1149311449,1144693192,3205735016,3216330798,0,0
139,part,19277,1149311595,1144661575,3204839544,3214563246,0,0
139,part,19278,1149311330,1144833119,3228021721,3224560651,0,0
139,part,19279,1149326595,1144825970,1073488455,3213710264,0,0
139,part,19280,1149320251,1144804821,3199532426,3221029914,0,0
139,part,19281,1149319190,1144789537,3208505987,3219340370,0,0
139,part,19282,1149324730,1144759695,1067759713,3214844770,0,0
139,part,19283,1149324512,1144743673,1067091469,3214289182,0,0
139,part,19284,1149322865,1144726089,1058709059,3216133140,0,0
139,part,19285,1149323173,1144710549,1060598988,3214835662,0,0
139,part,19286,1149318758,1144695356,3211164239,3213007026,0,0
139,part,19287,1149321983,1144678183,1049609569,3214218038,0,0
139,part,19288,1149318643,1144664162,3211871030,3208342959,0,0
139,part,19289,1149323380,1144849969,3222095691,3224202161,0,0
139,part,19290,1149324537,1144811642,3219413093,3208268267,0,0
139,part,19291,1149327777,1144774893,3206077887,3216667342,0,0
139,part,19292,1149325198,1144763290,3217381635,3205809871,0,0
139,part,19293,1149333605,1144747955,1069857417,3200725358,0,0
139,part,19294,1149325583,1144701653,3216199930,1040704473,0,0
139,part,19298,1148748925,1144457733,1079770476,3181837972,3197118147,3218238410
139,part,19299,1148851057,1144483879,1083632672,1026892480,3191120888,1083523885
139,part,19300,1148669204,1144453065,3245152005,1057983550,3193472393,1076099157
139,part,19301,1148807401,1144465494,1090872520,3188025956,3188544224,1088355149
139,part,19302,1148891252,1144479738,1085307314,1052360808,3198818242,3231048392
139,part,19303,1148909147,1144483637,1087671012,3213753746,3198516871,3229918246
139,part,19304,1148821622,1144449995,1089016048,3211988497,3192512045,1079700476
139,part,19305,1148649872,1144430645,3241252046,3205273663,3197341454,3221406752
139,part,19310,1148772103,1144605266,1062103256,1041163612,1083663969,1073714114
139,part,19311,1148769900,1144614953,1071654896,3206331366,1083537701,3218003182
139,part,19312,1148765263,1144698062,3242391465,3211172031,1083505722,3223451855
139,part,19313,1148739402,1144593753,1078881756,1057017457,1083421304,3231598075
139,part,19314,1148797475,1144661560,1088027568,1062817156,1083832485,1088040170
139,part,19315,1148784349,1144660543,1088234616,3214334520,1083500144,3224121269
139,part,19316,1148811480,1144757354,1074581381,3190585632,1083493085,3236756450
139,part,19320,1149265449,1144786918,3222997386,3232245366,0,0
139,part,19321,1149265299,1144808765,3223228632,3230147916,0,0
139,part,19322,1149271258,1144830640,3226658256,3226464559,0,0
139,part,19323,1149272452,1144844575,3224824084,3228345184,0,0
139,part,19324,1149322956,1144768631,3232472391,3223755582,0,0
139,part,19325,1149334441,1144783869,3229942890,3224635312,0,0
139,part,19326,1149343794,1144770502,3208335968,3222318796,0,0
139,part,19327,1149339150,1144763541,3223039644,3205038410,0,0
139,part,19328,1149353030,1144798577,3226884880,3225922805,0,0
139,part,19329,1149362921,1144786429,1049340449,3222669304,0,0
139,part,19330,1149369172,1144783042,1076099142,1024543152,0,0
139,part,19331,1149362181,1144816383,1008163584,0,0,0
139,part,19332,1149380056,1144803088,1057765026,3222458569,0,0
139,part,19333,1149381242,1144824220,3221300380,3216398150,0,0
139,part,19334,1149243653,1144963099,3192916032,1017336320,0,0
139,part,19335,1149245457,1144970888,3208535295,3230806908,0,0
139,part,19336,1149244234,1144829417,3214443467,3234800206,0,0
139,part,19337,1149255684,1144946890,985331456,1000236184,0,0
139,part,19338,1149255711,1144958820,1010586112,3209120568,0,0
139,part,19339,1149255713,1144979565,1011032320,1017301504,0,0
139,part,19340,1148965956,1144816761,1081920939,3224540839,0,0
139,part,19341,1148944070,1144802748,3177945617,3222719266,0,0
139,part,19342,1148930827,1144797254,3223248872,3199823766,0,0
139,part,19343,1148950683,1144824625,1082452176,3230348805,0,0
139,part,19344,1148935907,1144851577,1083069419,3222967650,0,0
139,part,19345,1148914394,1144864777,1057271168,1015613312,0,0
139,part,19346,1149186306,1144825743,3207849363,3229919732,0,0
139,part,19347,1149187684,1144841815,3202788333,3230039384,0,0
139,part,19348,1149188023,1144850544,3200700650,3232979168,0,0
139,part,19349,1149187748,1144877174,3202394312,3228474688,0,0
139,part,19350,1149051257,1144930372,0,1011600384,0,0
139,part,19351,1149055679,1144930346,0,1014463488,0,0
139,part,19352,1149050043,1144941006,1068262684,3229698947,0,0
139,part,19353,1149053653,1144948153,1073774250,3233245804,0,0
139,part,19354,1148950242,1144796916,1082282956,3227198217,0,0
139,part,19355,1148942575,1144816611,1085629961,3224655322,0,0
139,part,19356,1148911550,1144829702,1077885346,3227184843,0,0
139,part,19357,1148891856,1144855328,1075343140,3218947706,0,0
139,part,19358,1149257720,1144778116,3222286801,3235625416,0,0
139,part,19359,1149263889,1144832000,1003122176,0,0,0
139,part,19360,1149264715,1144821263,3224124889,3231639951,0,0
139,part,19361,1149272077,1144864768,1000094720,0,0,0
139,part,19362,1148959874,1144817579,1085981391,3223912509,0,0
139,part,19363,1148883186,1144863611,1081267656,3226308234,0,0
139,part,19364,1148878899,1144878998,1077975232,3227074384,0,0
139,part,19365,1149173086,1144782566,3187465918,3233916580,0,0
139,part,19366,1149172907,1144806748,3189764064,3230922308,0,0
139,part,19367,1149172831,1144826588,3190693774,3229576286,0,0
139,part,19368,1149172924,1144836742,3189550518,3231987407,0,0
139,part,19369,1148858499,1144816312,1084802072,3224885555,0,0
139,part,19370,1148842354,1144794703,1075074515,3209971565,0,0
139,part,19371,1148846142,1144818328,1086348572,3223337364,0,0
139,part,19372,1148831996,1144814948,1087208044,3225932782,0,0
139,part,19373,1150337027,1144784667,981513385,1051361632,0,0
139,part,19374,1150328833,1144784668,968407426,1051369081,0,0
139,part,19375,1148813301,1144353601,1085136969,3247802945,0,0
139,part,19376,1148844339,1144367286,1093787447,3246489234,0,0
139,part,19377,1148806662,1144382913,1082587535,3243586707,0,0
139,part,19378,1148851438,1144385400,1095150335,3243109247,0,0
139,part,19379,1148889105,1144359698,1100645086,3247217686,0,0
139,part,19380,1148854037,1144411152,1095649475,3238164850,0,0
139,part,19381,1148791590,1144430513,1069197252,3230892139,0,0
139,part,19382,1148778891,1144428179,3210604846,3231788447,0,0
139,part,19383,1148759562,1144446315,1084559242,1082907526,0,0
139,part,19384,1148770384,1144472404,1088714848,1091722486,0,0
139,part,19385,1148808376,1144471680,1096911405,1091583392,0,0
139,part,19386,1148670780,1144394933,3246965035,3221348536,0,0
139,part,19387,1148739598,1144379533,3230648437,3231395087,0,0
139,part,19388,1148550298,1144177967,3256655621,3257337677,0,0
139,part,19389,1148665650,1144328694,3247457520,3244459896,0,0
139,part,19390,1148708089,1144328418,3241807348,3244512928,1074770771,2147483648
139,part,19391,1148648515,1144348629,3249102420,3240632342,1076545011,2147483648
139,part,19392,1148740533,1144355478,3230289567,3239317334,0,0
139,part,19393,1148700560,1144391445,3241820885,3224027393,0,0
139,part,19394,1148830942,1144530735,1091797996,3249622684,0,0
139,part,19395,1148812012,1144558193,1085807941,3246986689,0,0
139,part,19396,1148784353,1144615494,1060136944,3235157751,0,0
139,part,19397,1148776202,1144451608,1101112267,1084940242,0,0
139,part,19398,1148748691,1144449809,1098034906,1084249275,0,0
139,part,19399,1148765030,1144431627,1100039752,1071067304,0,0
139,part,19400,1148685611,1144302644,3225126764,3246414438,0,0
139,part,19401,1148692396,1144283184,3218605170,3248282627,0,0
139,part,19402,1148668396,1144289608,3233980889,3247665884,0,0
139,part,19403,1148729977,1144297908,1084633773,3246869091,0,0
139,part,19404,1148659002,1144291780,3237588267,3247457418,0,0
139,part,19405,1148689305,1144242383,3222289512,3252199466,0,0
139,part,19406,1148694180,1144366978,3215865574,3230168229,0,0
139,part,19407,1148693104,1144361041,3217518679,3232447758,0,0
139,part,19408,1148531799,1144355635,3252442912,3239291733,0,0
139,part,19409,1148626794,1144331596,3240255392,3243907222,0,0
139,part,19410,1148360657,1144423816,3261826258,1079005720,0,0
139,part,19411,1148534589,1144336439,3252175021,3242977240,0,0
139,part,19412,1148654499,1144372012,3231869268,3234291898,1074702303,2147483648
139,part,19413,1148598743,1144386885,3245641112,3227547569,1077497462,2147483648
139,part,19414,1148520188,1144326768,3253557512,3244834111,0,0
139,part,19415,1148604012,1144288155,3244629523,3249319614,0,0
139,part,19416,1148733951,1144362910,1077516738,3248491054,0,0
139,part,19417,1148709491,1144367566,3217691186,3248044073,0,0
139,part,19418,1148687003,1144386311,3233171711,3246097787,0,0
139,part,19419,1148694014,1144363046,3230479474,3248477999,0,0
139,part,19420,1148737686,1144416290,1080385544,3240341795,0,0
139,part,19421,1148728827,1144420998,1073421214,3239437857,0,0
139,part,19422,1148708132,1144442309,3219778644,3232689554,0,0
139,part,19423,1148735636,1144436741,1078810809,3234827415,0,0
139,part,19424,1148820525,1144674921,1095462186,1092757226,0,0
139,part,19425,1148822301,1144650345,1095803183,1085558241,0,0
139,part,19426,1148843894,1144640385,1099428366,1081336694,0,0
139,part,19427,1148804212,1144679132,1092330086,1093565716,0,0
139,part,19428,1148809607,1144634304,1093365879,1076666925,0,0
139,part,19429,1148808414,1144640527,1093136870,1081445805,0,0
139,part,19430,1148780306,1144634174,1084961286,1076566537,0,0
139,part,19431,1148774755,1144638810,1082829615,1080127230,0,0
139,part,19432,1149175563,1144728479,3213738806,1100034519,0,0
139,part,19433,1149161343,1144725316,3228403148,1099730820,0,0
139,part,19434,1149150615,1144705488,3233128213,1096747138,0,0
139,part,19435,1149139402,1144716090,3237434000,1098782713,0,0
139,part,19436,1149186065,1144670892,1062256520,1089690080,0,0
139,part,19437,1149202618,1144688684,1081485521,1093520621,0,0
139,part,19438,1149149697,1144657009,3233480888,1084359089,0,0
139,part,19439,1149178559,1144668331,3205438547,1088706916,0,0
139,part,19440,1149193004,1144395303,1061649127,3246274789,0,0
139,part,19441,1149200460,1144402528,1074347926,3244887457,0,0
139,part,19442,1149197386,1144408606,1070232073,3243720650,0,0
139,part,19443,1149206555,1144381773,1079028966,3247631936,0,0
139,part,19444,1149238609,1144361463,1091703751,3249581676,0,0
139,part,19445,1149175851,1144448360,3222741999,3234172771,0,0
139,part,19446,1149173684,1144454995,3224405940,3231625060,0,0
139,part,19447,1149171952,1144456418,3225736366,3231078451,0,0
139,part,19448,1149184033,1144616139,1093532779,1076950801,0,0
139,part,19449,1149239410,1144616985,1101547397,1077600497,0,0
139,part,19450,1149209918,1144581462,1098502639,3227871498,0,0
139,part,19451,1149272278,1144375465,1091780530,3246970826,0,0
139,part,19452,1149261120,1144417679,1084472235,3239445206,0,0
139,part,19453,1149273987,1144389156,1092436783,3244921820,0,0
139,part,19454,1149276679,1144404866,1093470305,3241905355,0,0
139,part,19455,1149276087,1144336438,1093243053,3250717470,0,0
139,part,19456,1149298725,1144363322,1100421914,3248136608,0,0
139,part,19457,1149244410,1144449195,3212859216,3227957133,0,0
139,part,19458,1149257519,1144463120,1081283111,3213300046,0,0
139,part,19459,1149257366,1144661150,1093860688,1085340303,0,0
139,part,19460,1149257188,1144684186,1093792310,1092352467,0,0
139,part,19461,1149276030,1144671261,1099967535,1089223016,0,0
139,part,19462,1149274528,1144701078,1099679300,1095595911,0,0
139,part,19463,1149266063,1144710065,1097200114,1097321405,0,0
139,part,19464,1149256873,1144639178,1093671025,1069608506,0,0
139,part,19465,1149227319,1144659086,1075319835,1084547488,0,0
139,part,19466,1149242866,1144625838,1086066134,3211750892,0,0
139,part,19467,1149260215,1144528498,3251201886,3233736284,0,0
139,part,19468,1149297158,1144528849,3241826399,3233601426,0,0
139,part,19469,1149310685,1144544707,3235261473,3225409656,0,0
139,part,19470,1149361379,1144576841,1094578903,1077459616,0,0
139,part,19471,1149345159,1144567717,1086182179,1067162742,0,0
139,part,19472,1149341017,1144555080,1083001012,3213661240,0,0
139,part,19473,1149097556,1144597959,3234534240,1099422467,0,0
139,part,19474,1149099991,1144535155,3233599228,1085238973,0,0
139,part,19475,1149111321,1144514446,3228882472,1071142836,0,0
139,part,19476,1149281682,1144331417,3239786958,1100592933,0,0
139,part,19477,1149279444,1144265893,3240646594,1088876184,0,0
139,part,19478,1149299094,1144288654,3226784391,1094067746,0,0
139,part,19479,1149285291,1143930684,1099216144,3256613969,3163713696,3243662502
139,part,19480,1149346337,1143935289,1099516782,3256809855,1030330552,3238949781
139,part,19481,1149300542,1143844789,1101246168,3259036727,3164722984,3243780778
139,part,19482,1149350128,1143956017,1099282185,3258124579,1034962271,3236242858
139,part,19483,1149336250,1143878336,1101301189,3258324564,3145298432,3242777307
139,part,19484,1149303618,1143915872,1099815703,3256619118,3149984416,3242908300
139,part,19485,1149301021,1144002605,1096839350,3255920486,3170681640,3244479061
139,part,17043,1148724141,1144707657,1053023643,1059388848,1082964888,1068468534
139,part,19486,1149886464,1144799232,1041165190,3200610721,0,0
139,part,19488,1148704289,1144258408,3221123249,3237718984,1036079303,3225721031
139,part,19489,1148606423,1144267673,3245833088,1070863552,1036079303,3228727122
139,part,19490,1148676300,1144310430,3237622981,3187431852,1036079303,3230045254
139,part,19491,1148676300,1144310430,3238333012,1059965697,1036079303,1080478634
139,part,19492,1148716305,1144298414,3242095071,1068349036,1036079303,3223016497
139,part,19494,1149583360,1144766464,3236914081,3215052118,0,0
139,part,19495,1149591552,1144766464,3234896850,3212095496,0,0
139,part,19496,1149599744,1144766464,3234128286,3212975602,0,0
139,part,19497,1149624320,1144766464,3229395469,3213152266,0,0
139,part,19499,1148420096,1144782848,1075385525,3219318058,0,0
139,part,19500,1148403712,1144799232,1069729338,3219491790,0,0
139,part,19501,1148387328,1144815616,1073251924,3223404158,0,0
139,part,19502,1148387328,1144799232,1073174469,3168974350,0,0
139,part,19503,1148387328,1144750080,1056929901,3218001747,0,0
139,part,19504,1148387328,1144733696,1068875096,3208811064,0,0
139,part,19505,1148387328,1144717312,3198683468,3216983610,0,0
139,part,19506,1148387328,1144700928,1066888950,3210108140,0,0
139,part,19507,1148370944,1144832000,1076329170,3224758633,0,0
139,part,19508,1148370944,1144815616,1072951560,3197295766,0,0
139,part,19509,1148370944,1144799232,1044918723,3219854603,0,0
139,part,19510,1148370944,1144782848,1066461405,3215825260,0,0
139,part,19511,1148370944,1144766464,3218417935,3196580613,0,0
139,part,19512,1148370944,1144750080,3207499534,3216646241,0,0
139,part,19513,1148370944,1144733696,1054385804,3216745077,0,0
139,part,19514,1148370944,1144717312,1044553904,3216468234,0,0
139,part,19515,1148370944,1144700928,1048365864,3215711088,0,0
139,part,19516,1148370944,1144684544,1035789067,3215198460,0,0
139,part,19517,1148370944,1144651776,3212930041,3204162745,0,0
139,part,19518,1148354560,1144815616,1071573072,3175571365,0,0
139,part,19519,1148354560,1144799232,3214368631,3214296717,0,0
139,part,19520,1148354560,1144766464,1069149958,3202098706,0,0
139,part,19521,1148354560,1144750080,3205358762,3215589562,0,0
139,part,19522,1148354560,1144717312,1067353035,3199509281,0,0
139,part,19523,1148354560,1144684544,1055241950,3213204661,0,0
139,part,19524,1148354560,1144668160,3212935642,3198326105,0,0
139,part,19525,1148354560,1144635392,3194302568,3210839670,0,0
139,part,19526,1148354560,1144619008,3206622549,3205215583,0,0
139,part,19527,1148354560,1144602624,1051905913,3207336245,0,0
139,part,19528,1148338176,1144832000,1070564001,3191038066,0,0
139,part,19529,1148338176,1144815616,1069258998,3205011665,0,0
139,part,19530,1148338176,1144799232,1061447366,3215151523,0,0
139,part,19531,1148338176,1144782848,3216053755,3198093302,0,0
139,part,19532,1148338176,1144750080,3191135270,3215050184,0,0
139,part,19533,1148338176,1144700928,3213365307,3170656180,0,0
139,part,19534,1148338176,1144684544,3210762334,3203307550,0,0
139,part,19535,1148338176,1144668160,3211444458,3183295133,0,0
139,part,19536,1148338176,1144619008,3207875847,3181786730,0,0
139,part,19537,1148338176,1144602624,3206378860,3190673592,0,0
139,part,19538,1148321792,1144832000,1068726868,3199412634,0,0
139,part,19539,1148321792,1144815616,3205064801,3215108326,0,0
139,part,19540,1148321792,1144799232,3196713375,3215234838,0,0
139,part,19541,1148321792,1144782848,1067410524,3182219011,0,0
139,part,19542,1148321792,1144750080,1066287909,3185482218,0,0
139,part,19543,1148321792,1144717312,3185447514,3212490620,0,0
139,part,19544,1148321792,1144684544,1052639442,3208963329,0,0
139,part,19545,1148321792,1144668160,3207870962,3199569970,0,0
139,part,19546,1148321792,1144651776,1035620551,3208086191,0,0
139,part,19547,1148321792,1144619008,1057771104,3194159616,0,0
139,part,19548,1148305408,1144881152,1068278318,3204563805,0,0
139,part,19549,1148305408,1144864768,3208985188,3214060387,0,0
139,part,19550,1148305408,1144848384,1059761335,3214012251,0,0
139,part,19551,1148305408,1144832000,1047367769,3214843219,0,0
139,part,19552,1148305408,1144815616,3213975607,3200739582,0,0
139,part,19553,1148305408,1144799232,1063515806,3208018627,0,0
139,part,19554,1148305408,1144782848,1065822325,3194693566,0,0
139,part,19555,1148305408,1144766464,1058439100,3210055867,0,0
139,part,19556,1148305408,1144733696,1058657143,3207312243,0,0
139,part,19557,1148305408,1144717312,3209729909,3193113039,0,0
139,part,19558,1148305408,1144684544,1060407747,3189153584,0,0
139,part,19559,1148305408,1144668160,1058763489,3196380347,0,0
139,part,19560,1148305408,1144651776,3203589898,3200014795,0,0
139,part,19561,1149394944,1144848384,3213296716,3222681137,0,0
139,part,19562,1149394944,1144799232,1073131654,3214213368,0,0
139,part,19563,1149403136,1144848384,1073096795,3218689194,0,0
139,part,19564,1149403136,1144832000,3210480283,3222497084,0,0
139,part,19565,1149403136,1144815616,3214362869,3221363185,0,0
139,part,19566,1149403136,1144799232,1074301909,3207757109,0,0
139,part,19567,1149411328,1144864768,3222050687,3215429663,0,0
139,part,19568,1149411328,1144832000,3194860915,3222620500,0,0
139,part,19569,1149411328,1144815616,1074735330,3177548622,0,0
139,part,19570,1149411328,1144799232,1015689399,3221774735,0,0
139,part,19571,1149247488,1145012224,3213170416,3228669364,0,0
139,part,19572,1149247488,1145028608,3201736401,3225361819,0,0
139,part,19573,1148846080,1144913920,1078832824,3224056636,0,0
139,part,19574,1148731392,1144864768,1083167922,3223210662,0,0
139,part,19576,1148681014,1144567470,3248601507,3203855206,985218019,3209487200
139,part,19577,1148713735,1144534656,3248143586,3213779623,985218019,1080627777
139,part,19578,1148664560,1144518342,3250293798,3207664921,985218019,1085100892
139,part,19579,1148664491,1144469190,3253367644,1057746523,985218019,3220626072
139,part,19580,1148697444,1144600215,3254647081,3202579538,985218019,3211654124
139,part,19581,1148648084,1144452829,3254237450,3216109344,985218019,3222477105
139,part,19585,1149108224,1144832000,1063731042,1010210565,0,0
139,part,19586,1149108224,1144815616,1054840532,3211689498,0,0
139,part,19587,1149108224,1144799232,1042367136,3212389886,0,0
139,part,19588,1149157376,1144815616,1060919273,3168846896,0,0
139,part,19589,1149157376,1144782848,1055849372,3208487902,0,0
139,part,19590,1149157376,1144848384,1065287065,3189476176,0,0
139,part,19591,1150066688,1144815616,3101991108,3173336300,0,0
139,part,19592,1150058496,1144832000,3097402420,3174161289,0,0
139,part,19593,1150345216,1144799232,983859543,3110433450,0,0
139,part,19594,1150320640,1144766464,980332984,3116469356,0,0
139,part,19595,1150337024,1144799232,974820862,3114363687,0,0
139,part,19596,1148713874,1144632960,1077537811,1099985621,0,0
139,part,19597,1148713874,1144632960,1057389666,1102745817,0,0
139,part,19598,1148713874,1144632960,1079915039,1095204657,0,0
139,part,19599,1148713874,1144632960,1058247936,1101013047,0,0
139,part,19600,1148713874,1144632960,3223991777,1104201514,0,0
139,part,19601,1148713874,1144632960,1067425426,1102862678,0,0
139,part,19602,1148713874,1144632960,3222995445,1089471080,0,0
139,part,19603,1148713874,1144632960,3224757544,1089383832,0,0
139,part,19604,1148800867,1144454930,3247393141,3250961467,0,0
139,part,19605,1148800867,1144454930,3230944816,3235848602,0,0
139,part,19606,1148800867,1144454930,3225017660,3231278727,0,0
139,part,19607,1148682478,1144491875,1097116312,1056446848,0,0
139,part,19608,1148682478,1144491875,1092007641,1091734532,0,0
139,part,19609,1148682478,1144491875,1074803769,1083058245,0,0
139,part,19610,1148747798,1144847598,3245800613,3243521147,0,0
139,part,19611,1148747798,1144847598,3246980939,3245406782,0,0
139,part,19612,1148747798,1144847598,3245056628,3245213542,0,0
139,part,19613,1148747798,1144847598,3246601796,3246869927,0,0
139,part,19614,1148747798,1144847598,3241550042,3220029110,0,0
139,part,19615,1148747798,1144847598,3239022445,3242927958,0,0
139,part,19616,1148747798,1144847598,3234064074,3224810606,0,0
139,part,19617,1148747798,1144847598,3216684156,3236828887,0,0
139,part,19618,1148628803,1144292876,1100572733,1091495368,0,0
139,part,19619,1148628803,1144292876,1096576046,1094971298,0,0
139,part,19620,1148628803,1144292876,1091990565,1058268068,0,0
139,part,19621,1148713554,1144356274,3186452896,1098228936,0,0
139,part,19622,1148713554,1144356274,1074733222,1094866761,0,0
139,part,19623,1148713554,1144356274,3233995294,1101379264,0,0
139,part,19624,1148713554,1144356274,3227035450,1100012184,0,0
139,part,19625,1148713554,1144356274,3226774950,1092136442,0,0
139,part,19626,1148713554,1144356274,1094168854,1099008500,0,0
139,part,19627,1148713554,1144356274,1068940623,1082833176,0,0
139,part,19628,1148713554,1144356274,3227509506,1086787680,0,0
139,part,19629,1149207728,1144745484,3245637332,3245326954,0,0
139,part,19630,1149207728,1144745484,3240986483,3241586610,0,0
139,part,19631,1149207728,1144745484,3246591508,3239262491,0,0
139,part,19632,1149207728,1144745484,3247332411,3246438951,0,0
139,part,19633,1149207728,1144745484,3251415008,3226030972,0,0
139,part,19634,1149207728,1144745484,3250318728,3235801355,0,0
139,part,19635,1149207728,1144745484,3236224381,1058189048,0,0
140,part,17037,1148796950,1144880366,1029687928,1041461589,0,3212532661
140,part,19715,1148712098,1144665920,3252414551,1084558850,3230496469,1115815732
140,part,17052,1149248164,1144782495,1044633553,1057613565,3179262482,3221827499
140,part,17057,1149159473,1144880316,1033995971,1038239909,0,3216738098
140,part,17061,1149321905,1144502320,1080982771,3221852775,3195956507,3210364684
140,part,17067,1149975484,1144759894,3132420663,1066369861,3185182188,3226799300
140,part,17653,1156037457,1143462971,3227231328,1094364662,0,0
140,part,17654,1152051920,1145927654,3210170788,1063537787,1048863429,0
140,part,17655,1158084180,1131330470,1108492846,3227738416,1060432521,0
140,part,17878,1154420122,1141586388,0,0,0,0
140,part,17892,1147413225,1145028572,3170627136,1058730446,1083855937,1085616791
140,part,17912,1151986070,1145928828,3074790864,3131259392,0,0
140,part,17937,1150907799,1144813439,0,0,1082491519,1086178793
140,part,17943,1136206854,1143315915,1058218342,1087107540,0,0
140,part,17944,1151682447,1145136821,1091685725,1092870773,1082358981,1086362963
140,part,17948,1149766678,1144782408,3120201752,3167060768,0,0
140,part,17951,1152392092,1143700269,0,0,0,0
140,part,17952,1146971758,1145080881,3219439180,3202858496,1079513685,1084232492
140,part,17956,1153733740,1143387962,3215363996,3184641280,0,0
140,part,17957,1154413924,1143192644,1029618304,1095251140,0,0
140,part,17958,1152767485,1143421907,0,0,0,0
140,part,17959,1146220357,1145172781,3221374800,3204456656,1079300952,1084439264
140,part,17962,1154413118,1143077936,1027972096,1094681798,0,0
140,part,17963,1154176576,1143202927,3223429346,1095374755,0,0
140,part,17965,1147754371,1144606357,3237536681,1087139660,1078947581,1085414400
140,part,17978,1153845534,1142847670,3234326440,1095147347,0,0
140,part,17981,1153735850,1142845748,3237069335,1095136166,0,0
140,part,17982,1154295992,1142137775,3215679704,1091207682,0,0
140,part,17983,1154276093,1142173003,3217533285,1091507972,0,0
140,part,17993,1155504693,1141049428,1097616440,3192640332,0,0
140,part,17994,1146956167,1145088857,3222655798,3203514624,1081650852,1087861682
140,part,17999,1151478556,1144337936,1088404161,1082209423,1080593587,1087857566
140,part,18005,1153962327,1142857771,3232822765,1093912138,0,0
140,part,18006,1153748031,1142882223,3238359120,1094074023,0,0
140,part,18007,1154085576,1142742394,3229992969,1093148261,0,0
140,part,18008,1154106064,1142726635,3229667487,1093043922,0,0
140,part,18012,1150546264,1144749126,0,0,0,0
140,part,18015,1150301025,1144770924,0,1073741758,0,0
140,part,18016,1150220446,1144808145,0,1051204390,0,0
140,part,18017,1150303261,1144755367,0,1073741758,0,0
140,part,18018,1150210458,1144815270,0,1059704842,0,0
140,part,18019,1150255312,1144768757,0,1073714024,0,0
140,part,18022,1150305632,1144782142,0,1075132931,0,0
140,part,18023,1150302650,1144753811,0,1073741758,0,0
140,part,18025,1150302537,1144754403,0,1073741758,0,0
140,part,18026,1150301248,1144755403,0,1073741758,0,0
140,part,18027,1150239792,1144797468,0,3126311424,0,0
140,part,18029,1150260861,1144781444,0,1075132922,0,0
140,part,18030,1150301209,1144755119,0,1073741758,0,0
140,part,18031,1150300439,1144754223,0,1073741758,0,0
140,part,18032,1150294686,1144753838,0,1073741758,0,0
140,part,18034,1150206436,1144814971,0,1059704842,0,0
140,part,18036,1150209302,1144808703,0,3148076544,0,0
140,part,18041,1150224054,1144798590,0,1059704842,0,0
140,part,18049,1150283640,1144771693,0,1073741758,0,0
140,part,18051,1150278778,1144771834,0,1073741758,0,0
140,part,18052,1151582804,1144546506,3239492457,1092530981,0,0
140,part,18053,1151725648,1144557194,3237289324,1092604267,0,0
140,part,18054,1151789700,1144540222,3235756476,1092487881,0,0
140,part,18055,1151673768,1144567862,3238581887,1092677432,0,0
140,part,18056,1152144980,1144123790,3222859259,1088970347,0,0
140,part,18057,1152384376,1143716450,0,0,0,0
140,part,18067,1150605694,1144420983,1091127681,1082908018,1075579980,1085313658
140,part,18071,1150394375,1144765672,0,0,0,0
140,part,18072,1150204808,1144809339,0,3148076544,0,0
140,part,18073,1150184318,1144814640,0,1059704842,0,0
140,part,18075,1151230326,1144336384,1090941658,1082169632,1075801708,1085948224
140,part,18083,1150152449,1144831334,0,0,0,0
140,part,18087,1149890452,1144787958,3186328088,1063350229,0,0
140,part,18088,1150447390,1144713137,1099859106,1088401606,0,0
140,part,18089,1150024591,1144355626,1094316465,1082910185,0,0
140,part,18091,1152005640,1144168946,3238174593,1091724534,0,0
140,part,18092,1152385672,1143684257,0,3126419968,0,0
140,part,18095,1150134276,1144848377,0,0,0,0
140,part,18097,1150132939,1144847439,0,0,0,0
140,part,18106,1152751786,1143406436,0,3126418944,0,0
140,part,18111,1152758716,1143405386,0,0,0,0
140,part,18114,1152769139,1143405181,0,0,0,0
140,part,18117,1150153548,1144831417,0,0,0,0
140,part,18120,1150125437,1144847799,0,0,0,0
140,part,18121,1153365838,1143209109,3173501051,1050943202,0,0
140,part,18122,1147714919,1144449615,3238837646,1081360089,1074311109,1084544839
140,part,18125,1150124050,1144846677,0,0,0,0
140,part,19708,1148718399,1144625115,3217068960,3232549775,0,0
140,part,18129,1150131617,1144848182,0,0,0,0
140,part,18130,1149622283,1144797611,0,3126383104,0,0
140,part,18131,1150058486,1144864764,0,0,0,0
140,part,18137,1146882386,1144573352,3238950037,1077500350,1075866578,1088284577
140,part,18140,1149657315,1144768415,3200953920,1075583818,0,0
140,part,18142,1149683862,1144695213,1090559164,1082424961,0,0
140,part,18143,1147522295,1144102518,3244563475,3213069360,0,0
140,part,18144,1149073753,1144721222,0,1059760766,0,0
140,part,18145,1149120704,1144769129,3170987648,1056202060,0,0
140,part,18147,1147955042,1144146006,3240606866,3206940282,1075886344,2147483648
140,part,18148,1149133731,1144641560,1061400160,1067211820,1077715405,2147483648
140,part,18151,1150179891,1144183580,1099193102,1068885820,0,0
140,part,18152,1150112501,1144373477,1098246056,1078258630,0,0
140,part,18153,1150234752,1144792172,0,1059760766,0,0
140,part,18154,1150115840,1144863613,0,0,0,0
140,part,18155,1147118240,1145054388,3240696268,1089371266,0,0
140,part,18156,1147948100,1144827349,3225299579,1085326669,0,0
140,part,18158,1148450806,1144238543,3237268328,1064945826,1073934132,1087551158
140,part,18163,1137383127,1143384272,1087046066,1088522678,0,0
140,part,18164,1150001152,1144776092,0,1070938610,0,0
140,part,18168,1149968503,1144774845,3205534204,1083427498,1087878546,3226137650
140,part,18169,1149883158,1144847975,3205407975,1068887509,1090755280,1071869721
140,part,19707,1148718399,1144625115,3227407212,3229589417,0,0
140,part,18171,1149992385,1144733469,3167933696,1070888124,1088438058,3222407451
140,part,18173,1149723152,1144818394,1033699841,1059385317,1092692351,1090381988
140,part,18174,1149859691,1144793662,3193724574,1076667734,1092918009,1084533147
140,part,18183,1149945918,1144753648,1013900343,1059314470,0,0
140,part,18184,1149812717,1144781913,3086411776,3142626345,0,0
140,part,18185,1150042112,1144863630,0,0,0,0
140,part,18187,1150418722,1144781529,0,0,0,0
140,part,18196,1150264996,1144749268,1084746217,1077981348,0,0
140,part,18197,1149992992,1144777161,0,1070924724,0,0
140,part,19706,1148718399,1144625115,1087957711,3242688797,0,0
140,part,18201,1153718920,1142064535,1121152750,3251143373,0,0
140,part,18202,1147823640,1144649570,3239195876,1079656966,1070804982,1084329114
140,part,18204,1149156854,1144465429,3247737747,1082274542,0,0
140,part,18205,1149713243,1144732623,982629584,3157708352,0,0
140,part,18206,1149664379,1144591890,3237782804,1085309678,0,0
140,part,18207,1150124032,1144847318,0,0,0,0
140,part,18208,1150001159,1144776131,0,1070938610,0,0
140,part,18212,1150051498,1144864175,0,0,0,0
140,part,18213,1150047224,1144864590,0,0,0,0
140,part,18214,1150054030,1144863553,0,0,0,0
140,part,18216,1150039870,1144863268,0,0,0,0
140,part,18217,1150045448,1144864582,0,0,0,0
140,part,18219,1150036098,1144863171,0,0,0,0
140,part,18222,1150025736,1144845988,0,1059691106,0,0
140,part,18224,1151191158,1144141034,1089278702,3218686232,1072060143,1087934825
140,part,18226,1150124032,1144846752,0,0,0,0
140,part,18228,1150419454,1144798984,0,0,0,0
140,part,18229,1150402827,1144781589,0,0,0,0
140,part,18230,1150116152,1144847152,0,0,0,0
140,part,18231,1150419256,1144798145,0,0,0,0
140,part,18232,1154171351,1141770937,3237652574,1087212442,0,0
140,part,18233,1149995177,1144781091,0,1073690304,0,0
140,part,18234,1149971529,1144783095,1017001940,1068147981,0,0
140,part,18235,1150578729,1144708220,1088988740,1078044213,0,0
140,part,18236,1150342688,1144562854,1058996026,1067106820,0,0
140,part,18237,1150328463,1144719778,3153192960,1080732271,0,0
140,part,18238,1150501416,1144718809,1084905255,1078669865,0,0
140,part,18239,1150264946,1144587687,3215674009,1070041122,0,0
140,part,18240,1150572262,1144676872,3166491648,1059760766,0,0
140,part,18241,1150251970,1144601430,3216803025,1071664868,0,0
140,part,18242,1150377277,1144628475,1073981662,1075269068,0,0
140,part,18243,1150340383,1144565644,1065502200,1073244022,0,0
140,part,18244,1150229844,1144625514,3221628306,1077997839,0,0
140,part,18245,1150226061,1144644143,3222076583,1080066267,0,0
140,part,18246,1150225372,1144674145,3222156708,1082468520,0,0
140,part,18248,1150279700,1144780119,0,1075139887,0,0
140,part,18249,1150160344,1144787843,1083930018,1076508090,0,0
140,part,18250,1149966756,1144691480,3205284897,1069037226,0,0
140,part,18251,1150009000,1144709537,1065178450,1071348464,0,0
140,part,18252,1149998332,1144692687,1059713342,1071288832,0,0
140,part,18253,1150028984,1144800432,1072477793,1078362435,0,0
140,part,18254,1150031984,1144820692,1073245930,1080707716,0,0
140,part,18255,1150083216,1144830717,0,0,0,0
140,part,18256,1150081812,1144842178,0,1051372158,0,0
140,part,18258,1154935979,1141272867,0,3148024064,0,0
140,part,18259,1155022953,1141194651,0,3126383104,0,0
140,part,18260,1155107328,1141217820,1077149761,1077385953,0,0
140,part,18261,1154967133,1141123644,3220007092,1070167462,0,0
140,part,18262,1154802581,1141380034,3237176290,1084277066,0,0
140,part,18263,1155040291,1141106443,1050525777,1061026662,0,0
140,part,18264,1154995609,1141103756,3214344582,1067390398,0,0
140,part,18265,1155028719,1141078471,3181277084,1066147492,0,0
140,part,18266,1154990870,1141238035,0,3149826048,0,0
140,part,18267,1154985871,1141133668,3219349824,1069279350,0,0
140,part,18268,1155024634,1141188083,0,3151655936,0,0
140,part,18269,1155109954,1141210890,3151248384,3155471616,0,0
140,part,18270,1154974461,1141194528,3223024650,1076903674,0,0
140,part,18271,1155068830,1141090156,1060534635,1067779290,0,0
140,part,18272,1149976197,1144756390,1057513587,1073928191,0,0
140,part,18273,1149985055,1144792397,1066195279,1076442047,0,0
140,part,18274,1149992711,1144808274,1068333865,1078694543,0,0
140,part,18275,1149957308,1144766060,0,3134760448,0,0
140,part,18276,1149943815,1144762549,932688288,1068065488,0,0
140,part,18278,1150025728,1144753757,952362678,1080607772,0,0
140,part,18280,1150227168,1144430261,1091041220,1066773242,1067373134,1087599739
140,part,18281,1150025728,1144750277,3092984702,1079209589,0,0
140,part,18283,1150867985,1144174453,1091088590,3218333208,1064689133,1086702286
140,part,18284,1150466243,1144345754,3189367449,3208282616,0,1114636288
140,part,18286,1152884762,1143367794,3240448324,1081615897,0,0
140,part,18287,1153195847,1143195521,1075107738,1065681052,0,0
140,part,18288,1152962058,1143341308,3237695885,1080753853,0,0
140,part,18289,1152922343,1143359637,3239893477,1082224203,0,0
140,part,18290,1153206242,1143241499,3107585064,3134735616,0,0
140,part,18291,1152955465,1143369700,3238829614,1082653540,0,0
140,part,18292,1153202029,1143149199,1067401543,1036384064,0,0
140,part,18293,1153185955,1143129586,1058471727,1023242624,0,0
140,part,18294,1153122154,1143149312,3221251556,1066183276,0,0
140,part,18295,1153193670,1143129650,1058146540,1023676288,0,0
140,part,18296,1153111563,1143218595,3224457249,1074476674,0,0
140,part,18298,1153216109,1143129047,1066615224,1052042846,0,0
140,part,18299,1153253990,1143213936,1076642648,1075477163,0,0
140,part,18300,1153200827,1143100059,1057441030,1054622910,0,0
140,part,18301,1153166071,1143150637,3214676010,1040248448,0,0
140,part,18302,1153137964,1143185312,3222747595,1066734882,0,0
140,part,18303,1153262821,1143215033,1076751373,1074172629,0,0
140,part,18304,1153138621,1143170074,3222634791,1072522778,0,0
140,part,18305,1153205383,1143089950,1052959650,1057935879,0,0
140,part,18306,1153236561,1143153605,1068002122,1044300768,0,0
140,part,18307,1153264155,1143186899,1075581834,1069801948,0,0
140,part,18308,1153159962,1143142702,3219555961,1064757134,0,0
140,part,18309,1153211730,1143100028,1050432236,1054602510,0,0
140,part,18310,1153143798,1143208259,3223149741,1077788965,0,0
140,part,18311,1153194720,1143080684,3200647560,1060365406,0,0
140,part,18312,1153262804,1143225668,0,1059677672,0,0
140,part,18313,1153278548,1143197775,1076640450,1071658084,0,0
140,part,18314,1153144673,1143209683,3224399136,1075114258,0,0
140,part,18315,1153221596,1143084527,1052720802,1055205206,0,0
140,part,18316,1153238030,1143075247,1065707267,1064101878,0,0
140,part,18317,1153176013,1143158884,3219670971,1059095831,0,0
140,part,18318,1153230751,1143109693,1054036829,1050015648,0,0
140,part,18319,1153294365,1143222842,1076542763,1073140014,0,0
140,part,18320,1153230249,1143092258,1030817332,1058723883,0,0
140,part,18321,1153194879,1143104647,3216027225,1066949150,0,0
140,part,18322,1153215725,1143146795,3210577385,1052974406,0,0
140,part,18323,1153274027,1143133714,1069606080,1066317270,0,0
140,part,18324,1153270490,1143100736,1068399206,1069077692,0,0
140,part,18325,1153198688,1143102941,3217524148,1072250356,0,0
140,part,18326,1153201996,1143236314,0,1059664030,0,0
140,part,18327,1153187566,1143212901,3222671004,1073990776,0,0
140,part,18328,1153207924,1143150260,3217165268,1066344990,0,0
140,part,18329,1153289455,1143155558,1072075800,1070045390,0,0
140,part,18330,1153222072,1143112405,3211839806,1065477014,0,0
140,part,18331,1153294144,1143163040,1073676190,1075328414,0,0
140,part,18332,1153248442,1143080256,1040696797,1065582588,0,0
140,part,18333,1153251439,1143058977,1048723613,1067543316,0,0
140,part,18334,1153272976,1143069179,1066452488,1072080584,0,0
140,part,18335,1153208338,1143094876,3217024938,1076502173,0,0
140,part,18336,1153242171,1143154294,3202974589,1057529003,0,0
140,part,18337,1153260504,1143141854,1049914588,1058875147,0,0
140,part,18338,1153284498,1143148426,1067586509,1066032176,0,0
140,part,18339,1153204623,1143189560,3221090643,1077591334,0,0
140,part,18340,1153220670,1143111865,3215611329,1070977118,0,0
140,part,18341,1153217070,1143105965,3216842241,1074652161,0,0
140,part,18342,1153249497,1143051405,3189880824,1069047236,0,0
140,part,18343,1153262279,1143158875,1022235653,1059092915,0,0
140,part,18344,1153209251,1143219800,3221766428,1074579424,0,0
140,part,18345,1153211141,1143207239,3221443795,1074905634,0,0
140,part,18346,1153235054,1143078019,3213497111,1073589496,0,0
140,part,18347,1153314175,1143200443,1072125942,1069317192,0,0
140,part,18348,1153247962,1143145452,3210939302,1065524484,0,0
140,part,18349,1153281820,1143116104,1056648078,1066108282,0,0
140,part,18350,1153315633,1143185750,1072622394,1077266298,0,0
140,part,18351,1153309839,1143178660,1067848595,1065599592,0,0
140,part,18352,1153230703,1143214014,1001470976,3149918208,0,0
140,part,18354,1153235438,1143211952,3221491107,1075307906,0,0
140,part,18355,1153236851,1143203669,3221250189,1075999186,0,0
140,part,18356,1153279081,1143164707,3206474297,1061083550,0,0
140,part,18357,1153311625,1143154554,1060376261,1063210406,0,0
140,part,18358,1153244116,1143221354,3221408089,1077508251,0,0
140,part,18359,1153249201,1143177945,3219853055,1075202073,0,0
140,part,18360,1153259929,1143134066,3216192124,1071969826,0,0
140,part,18361,1149861888,1144779706,0,3134797312,0,0
140,part,18364,1149461211,1144439374,1088382284,3177711728,0,0
140,part,18365,1149472740,1144578080,1089366369,1076951877,0,0
140,part,18366,1149720375,1144121656,1099708049,3234900318,0,0
140,part,18367,1149084164,1144673788,1061408576,1070656462,0,0
140,part,18368,1148240474,1144251584,3249429192,3230350112,0,0
140,part,18369,1148822550,1144549081,3240049470,1071239188,0,0
140,part,18370,1147374377,1144338129,3256723780,3223700900,0,0
140,part,18371,1148250230,1144232558,3249325186,3231161885,1077086925,2147483648
140,part,18372,1149039107,1144656808,1049638238,1059439529,1079483329,2147483648
140,part,18376,1147409221,1145021421,1038666492,3186134464,0,0
140,part,18377,1149094760,1144852335,1032368444,1075344475,0,0
140,part,18378,1153313848,1143179927,1057271275,1062898946,0,0
140,part,18379,1153338560,1143208293,1070800942,1076375693,0,0
140,part,18380,1153332520,1143160198,1068480449,1072921152,0,0
140,part,18381,1153299648,1143168901,3204565168,1064956586,0,0
140,part,18382,1153286656,1143158617,3213690247,1069471654,0,0
140,part,18383,1153298616,1143131077,3205353359,1067329740,0,0
140,part,18384,1153301568,1143116209,3201723668,1067620858,0,0
140,part,18385,1153354712,1143206029,1070712236,1074585453,0,0
140,part,18386,1153289200,1143160617,3215857324,1073001434,0,0
140,part,18387,1153312968,1143170844,3206916184,1065527936,0,0
140,part,18388,1153290368,1143217225,3218556334,1075660236,0,0
140,part,18389,1153353992,1143163883,1067288359,1070482800,0,0
140,part,18390,1153302480,1143147277,3213903100,1070440176,0,0
140,part,18391,1153354616,1143143787,1067530429,1072915816,0,0
140,part,18392,1153304968,1143118626,3212949023,1071230602,0,0
140,part,18393,1153363984,1143180806,1067980165,1070586406,0,0
140,part,18394,1153324880,1143143072,3203664504,1066487086,0,0
140,part,18395,1153362792,1143155506,1067521880,1072020174,0,0
140,part,18396,1153367144,1143183233,1066049593,1067906454,0,0
140,part,18397,1153356536,1143158334,1058598496,1066271766,0,0
140,part,18398,1153334464,1143142661,3201531071,1066408150,0,0
140,part,18399,1153311848,1143173878,3216597146,1076217564,0,0
140,part,18400,1153366998,1143143075,3137557248,0,0,0
140,part,18401,1153361608,1143130482,1055439914,1067215410,0,0
140,part,18402,1153366016,1143033281,1059588616,1073718660,0,0
140,part,18403,1153337432,1143021299,3207004600,1074152862,0,0
140,part,18404,1153352688,1143169358,3198705716,1065132074,0,0
140,part,18405,1153366352,1143142666,1050138719,1066408986,0,0
140,part,18406,1153327296,1143187538,3216958349,1075956061,0,0
140,part,18407,1153343336,1143050457,3208757828,1073806330,0,0
140,part,18408,1153367096,1143027401,3138459648,1068149374,0,0
140,part,18411,1148907735,1144599912,1080677164,1090059803,0,0
140,part,18412,1149246063,1144762241,3207956000,1081127552,0,0
140,part,18413,1148973655,1144509278,1084567930,1085709393,0,0
140,part,18415,1150200906,1144764368,1086897546,1065943664,1059992939,1086648336
140,part,18416,1149853659,1144780248,3210071168,1064875363,0,1114636288
140,part,19714,1148704267,1144753803,3248077192,1092072887,3230496469,1116129077
140,part,18418,1150083872,1144842174,0,1051372158,0,0
140,part,18419,1149093667,1144849063,1027827611,1072692380,0,0
140,part,18420,1149095165,1144865755,1035079886,1072760094,0,0
140,part,18421,1149895777,1144782737,1092977436,1080320722,0,0
140,part,18422,1149858787,1144767989,1091397592,1078702617,0,0
140,part,18423,1149863902,1144769743,1092127626,1078895055,0,0
140,part,18424,1149837132,1144764892,1091108257,1078362822,0,0
140,part,18425,1151281929,1143925582,1121605994,3241270600,0,0
140,part,18426,1148482814,1144345719,3238896691,3214769448,1062917090,1086767261
140,part,18427,1149183349,1144364637,1041127563,3205093982,0,1114636288
140,part,18428,1149963462,1144895906,1023290010,3151375168,0,0
140,part,18429,1150615320,1144567753,1090040687,3225476532,1063176441,1086121034
140,part,18430,1150288101,1144789055,0,3188230245,0,1114636288
140,part,18432,1150083676,1144830925,0,0,0,0
140,part,18434,1150847277,1144733105,0,3126322688,0,0
140,part,18435,1149076380,1144865070,0,1059760766,0,0
140,part,18436,1149079578,1144863240,1040246202,1071952590,0,0
140,part,18437,1149082956,1144851786,1047158172,1073214672,0,0
140,part,18438,1149082428,1144834861,1046073481,1073076272,0,0
140,part,18439,1149075462,1144794527,959652352,1070945566,0,0
140,part,18440,1149075462,1144778156,952691200,1070945566,0,0
140,part,18441,1149721736,1144814165,3177073064,1071972252,0,0
140,part,18442,1150312253,1144779170,0,1051260310,0,0
140,part,18443,1150346314,1144759805,3154006528,1051372158,0,0
140,part,18444,1150269848,1144719548,3223742114,1053661950,0,0
140,part,18445,1150340240,1144645270,1071194932,1040843616,0,0
140,part,18446,1150336154,1144627728,1069101103,1036758560,0,0
140,part,18447,1150312148,1144779170,0,1051260310,0,0
140,part,18448,1150319832,1144688888,1064527418,3213122938,0,0
140,part,18449,1150262640,1144716770,3223490359,1050816464,0,0
140,part,18450,1150279134,1144640975,3217310609,997472256,0,0
140,part,18451,1150342668,1144675721,1075186771,1070085026,0,0
140,part,18452,1150312057,1144779949,0,3146287104,0,0
140,part,18453,1150333468,1144716032,1074928300,3193089612,0,0
140,part,18454,1150248388,1144755041,3225041552,1073613854,0,0
140,part,18455,1150298512,1144648272,1041815796,3209038369,0,0
140,part,18456,1150345805,1144759090,3163631616,1059760766,0,0
140,part,18457,1150242974,1144743024,3224330073,1058944655,0,0
140,part,18458,1150316156,1144682757,1071446455,3194128668,0,0
140,part,18459,1150319590,1144779396,0,3139688192,0,0
140,part,18460,1150246662,1144733665,3221289882,3190531580,0,0
140,part,18461,1150325766,1144776335,1077150975,1070676238,0,0
140,part,18462,1150258248,1144682300,3215421448,3195063788,0,0
140,part,18463,1150309468,1144777281,0,3143949312,0,0
140,part,18464,1150264678,1144699969,3201623251,3207735269,0,0
140,part,18465,1150254886,1144680990,3212948725,3196903022,0,0
140,part,18466,1150304612,1144770570,1075930218,1064659318,0,0
140,part,18467,1150265606,1144702758,1041270548,3206307546,0,0
140,part,18468,1150283488,1144783749,3151308288,1051242706,0,0
140,part,18469,1150218538,1144735188,3218975575,1052900238,0,0
140,part,18470,1150278772,1144733612,1073276815,1062513770,0,0
140,part,18471,1150182772,1144794463,3222966029,1071122912,0,0
140,part,18472,1150184254,1144781514,3222586026,1072002084,0,0
140,part,18473,1150182254,1144774250,3220776346,1058155031,0,0
140,part,18474,1150180412,1144756372,3221472419,1069760264,0,0
140,part,18475,1150237548,1144773830,1073141834,1057940127,0,0
140,part,18476,1150230064,1144776180,1073504652,1059142955,0,0
140,part,18477,1150228450,1144760905,1072678235,1059710895,0,0
140,part,18478,1150195448,1144743511,1052225785,3199990772,0,0
140,part,18479,1150147602,1144781627,3221483410,1061931852,0,0
140,part,18480,1150345228,1144755535,977759738,1073740258,0,0
140,part,18481,1150116204,1144847302,0,0,0,0
140,part,18483,1150862492,1144736568,0,0,0,0
140,part,18485,1150884761,1144759019,1057257432,1065252803,0,0
140,part,18486,1150876151,1144739010,3186074180,1063025740,0,0
140,part,18487,1149730816,1144810821,0,3143267328,0,0
140,part,18488,1149714432,1144810339,0,3143267328,0,0
140,part,18493,1148904159,1144314376,1091142300,1071397322,1040290644,1077954052
140,part,18494,1148744059,1144376810,3244655947,1073361002,3200644956,3226065900
140,part,18495,1148797099,1144367425,3242619229,1070477728,3163790510,1067614573
140,part,18496,1148979412,1144350632,3236433377,1066262564,1039067397,1077456612
140,part,18498,1150090046,1144778531,3207620504,1071297206,0,0
140,part,18499,1150099713,1144764061,3205810664,3206483814,0,0
140,part,18500,1150083058,1144772776,3219557642,1050180472,0,0
140,part,18501,1150075096,1144785216,3219416600,1042092544,0,0
140,part,18502,1150087091,1144754145,3211253290,3200571908,0,0
140,part,18503,1150128651,1144789217,1074321407,1069546626,0,0
140,part,18504,1150035223,1144819650,3222503403,1068829288,0,0
140,part,18505,1150036883,1144798832,3221992259,1067467392,0,0
140,part,18506,1149993111,1144803582,3219456391,1046964192,0,0
140,part,18507,1150047591,1144826092,1074586071,1070808396,0,0
140,part,18508,1150011541,1144658144,3202409983,1050248632,0,0
140,part,18509,1150019306,1144642665,1040494330,1051360696,0,0
140,part,18510,1150019466,1144628943,1041293521,1054632302,0,0
140,part,18511,1149995354,1144803387,3213043721,3200461092,0,0
140,part,18512,1149981674,1144819927,3221336464,1062409754,0,0
140,part,18513,1149987674,1144789024,3217761139,1050013152,0,0
140,part,18514,1150023304,1144749778,1065543184,1029943744,0,0
140,part,18515,1150031374,1144744937,1070499521,1066010133,0,0
140,part,18516,1149991954,1144684486,3215133716,1067572541,0,0
140,part,18517,1150022597,1144814078,1070140909,1009339392,0,0
140,part,18518,1149976167,1144810194,3219799457,1055894298,0,0
140,part,18519,1149998897,1144769579,3190369512,3201739252,0,0
140,part,18520,1150007917,1144757317,1056807506,3196673542,0,0
140,part,18521,1149976777,1144775851,3219425790,1065440790,0,0
140,part,18522,1150020562,1144746929,1068891668,1057824499,0,0
140,part,18523,1150023535,1144848266,1074745320,1067553922,0,0
140,part,18524,1149977015,1144792635,3214244838,3191020332,0,0
140,part,18525,1150021225,1144819581,1074036351,1068808366,0,0
140,part,18526,1149974205,1144770794,3215970177,1046915696,0,0
140,part,18527,1149972605,1144777136,999867136,3143152640,0,0
140,part,18528,1150007125,1144737171,1065666602,1044812800,0,0
140,part,18529,1149980228,1144798239,3198832744,3205617370,0,0
140,part,18530,1150014078,1144834901,1074357290,1068481412,0,0
140,part,18531,1150001008,1144766987,1066942165,1034927776,0,0
140,part,18532,1149971888,1144749234,3211885666,1024598848,0,0
140,part,18533,1149960903,1144766842,3219109629,1067706424,0,0
140,part,18534,1149964773,1144836552,1001502208,1059760766,0,0
140,part,18535,1149972486,1144784711,3197727468,3203277940,0,0
140,part,18536,1149995346,1144784673,1068495706,1040758864,0,0
140,part,18537,1149984061,1144758613,1057776499,3194102780,0,0
140,part,18538,1149962800,1144765819,998899968,1051328784,0,0
140,part,18539,1149994051,1144743674,1067701827,1054685282,0,0
140,part,18540,1150345231,1144760997,983434652,1070943748,0,0
140,part,18541,1150320644,1144762785,0,1051260318,0,0
140,part,18542,1149532110,1144521715,1103058004,1045786316,0,0
140,part,18543,1147697391,1144493729,3237364862,3226891858,1053885070,1084417128
140,part,18544,1148278350,1144594901,1053333160,3201131508,0,1114636288
140,part,19713,1148740362,1144760074,3248197891,1072227820,3230496469,1115208582
140,part,19712,1148759205,1144822842,3235390800,3229124130,3230496469,1113942292
140,part,18547,1149130479,1143924732,3213312090,3245157801,0,0
140,part,18548,1148962404,1143894151,3235059973,3246214803,0,0
140,part,18549,1149255654,1144058147,1080488901,3240546526,0,0
140,part,18550,1149329784,1143800307,1091038729,3247924871,0,0
140,part,18551,1149085188,1144252101,3224645468,3230630052,0,0
140,part,18552,1149100985,1144313186,3222291005,3222397615,0,0
140,part,18553,1149442712,1144497636,1098959372,3223618088,0,0
140,part,18554,1149460637,1144605396,1099647667,1068506280,0,0
140,part,18555,1149403007,1144605714,1095961734,1068603826,0,0
140,part,18556,1150075396,1144846374,1027704852,1066678429,0,0
140,part,18557,1150885896,1144794326,975484928,1065353149,0,0
140,part,18558,1150885656,1144768374,3165423224,1058431440,0,0
140,part,18559,1150894908,1144771998,1033570485,1061215283,0,0
140,part,18560,1149978948,1144863139,1064805070,1054462618,0,0
140,part,18561,1149961458,1144860958,995118080,1051372158,0,0
140,part,18562,1149981200,1144843212,1066806236,1065464322,0,0
140,part,18563,1149970420,1144808790,1044298578,1044385216,0,0
140,part,18564,1149964636,1144794479,3199189629,1049664340,0,0
140,part,18566,1149962200,1144766797,3205561082,1057220302,0,0
140,part,18567,1149964744,1144861927,1054168094,1052600730,0,0
140,part,18568,1149960204,1144859306,981862656,1065353149,0,0
140,part,18569,1149960204,1144842922,982768896,1065353149,0,0
140,part,18570,1149960200,1144810154,974887680,1065353149,0,0
140,part,18571,1149965157,1144782088,0,3126443520,0,0
140,part,18572,1149960212,1144778566,989795328,1065353149,0,0
140,part,18573,1148214052,1144607374,3233141275,1069274352,0,0
140,part,18574,1150345228,1144784660,982457628,1068146345,0,0
140,part,18575,1150337032,1144784662,979608338,1068146738,0,0
140,part,19711,1148679153,1144727129,3245591935,1095148400,3230496469,1115949406
140,part,18577,1149123356,1144364531,3236974158,3231154239,1042155950,1085071672
140,part,18578,1149441833,1144540841,1034862996,3198959714,0,1114636288
140,part,18579,1149441818,1144550058,1041852749,3191352108,0,1114636288
140,part,18580,1149442452,1144545129,1042602480,3191474780,0,1114636288
140,part,18581,1149722396,1144807385,3169138103,1062517751,0,0
140,part,18582,1149722624,1144822159,936997888,1059760766,0,0
140,part,18583,1148798843,1144598231,3239977388,1065900168,0,0
140,part,18584,1148836293,1144598042,3238629123,1065803350,0,0
140,part,18585,1149025389,1144563050,1077701969,1063976931,0,0
140,part,18586,1149006888,1144512708,1072189373,3214135050,0,0
140,part,18587,1148884969,1144598160,3235121970,1065863906,0,0
140,part,18588,1149024187,1144543106,1072658616,3215348310,0,0
140,part,18589,1148953696,1144540330,3223036016,3203400652,0,0
140,part,18590,1149020329,1144512454,1070682222,3214264504,0,0
140,part,18591,1148965850,1144556524,3224118676,1057294044,0,0
140,part,18592,1149003263,1144505711,3201302948,3217717246,0,0
140,part,18595,1149052006,1144589915,3220459663,3215381721,0,0
140,part,18596,1148934777,1144620990,3239559695,3188430826,3153688108,3250822470
140,part,18597,1148968136,1144530933,3236889558,3232922946,3153688108,1113314529
140,part,18598,1149048623,1144485724,3223767008,3238327184,3153688108,3253769286
140,part,18599,1149130772,1144489310,1076623936,3238099982,3153688108,3250327000
140,part,18600,1149106751,1144628960,3211636056,1074549837,3153688108,1106623606
140,part,18601,1149108888,1144623645,3223934176,1013310000,3153688108,1111904648
140,part,18602,1149116146,1144685677,3222751988,1079621044,3153688108,1107275126
140,part,18603,1149122392,1144719022,1072494656,1085878060,3153688108,1101565393
140,part,18604,1149044359,1144765056,3224847596,1091115214,3153688108,1112262343
140,part,18605,1148963983,1144714033,3237415841,1085245963,3153688108,1109854081
140,part,18616,1149261412,1144978518,1092471027,1100026656,3213516554,1117695157
140,part,18617,1149200230,1144234806,1085440123,3248545646,1067831686,1104667101
140,part,18618,1149073306,1144683927,1062786688,3203632062,1081477420,1105994405
140,part,18626,1148941541,1144219392,3236353207,3248253256,1073161754,1124169884
140,part,18627,1148977937,1144683367,3232946746,3202520629,1083036927,1130750671
140,part,18628,1149339371,1144391090,1099273142,3241469284,1058290075,1131108021
140,part,18629,1148698714,1144502730,3247898437,3233692596,1077329591,1127531596
140,part,18631,1149156157,1144225861,1078325694,3248090358,1068777195,1130365259
140,part,18634,1149070295,1144599512,1061365984,1055223720,1075028432,1124360276
140,part,18635,1149116516,1144939417,1065819108,3216130096,3217128122,1128022146
140,part,18638,1149308478,1144816775,1096527329,1091710645,3206236649,1118817543
140,part,18639,1149008227,1144289552,3229637237,3246486777,1072227947,1131309899
140,part,18641,1149320878,1144542864,1097776135,3229650668,1047801862,1127756608
140,part,18642,1148800862,1144515646,3244261905,3232391747,1077105888,1125912185
140,part,18643,1149145130,1144898777,3191404495,1095839824,3214910538,1131512797
140,part,18644,1149203120,1144360862,1084957718,3242991432,1066717526,1109661810
140,part,18646,1149283998,1144964203,3196904912,3188550694,0,0
140,part,18647,1148904052,1144864406,3230460428,1086859020,0,0
140,part,18648,1149054900,1144916984,0,0,0,0
140,part,18649,1149278695,1144924981,3190886992,1033965816,0,0
140,part,18654,1148370652,1143573830,3257295067,3262239608,0,0
140,part,18659,1149157288,1144906961,0,1059760766,0,0
140,part,18660,1148868771,1144901243,1045468818,1034568568,0,0
140,part,18661,1148952710,1144900665,1041157424,1032449208,0,0
140,part,18663,1148570792,1143573055,3253356357,3261815335,0,0
140,part,18664,1149245804,1143488656,1091098943,3263061876,0,0
140,part,18667,1148768252,1144911471,1051580896,3140731136,0,0
140,part,18669,1148097811,1144214246,3257859623,3244410608,0,0
140,part,18670,1149124458,1144944748,3149404416,1045719686,0,0
140,part,18671,1148817978,1144896396,0,0,0,0
140,part,18672,1149352509,1144862632,1087898179,1068817320,0,0
140,part,18673,1148967374,1144998911,1030024224,3190255680,0,0
140,part,18674,1148816505,1144919704,0,1051372158,0,0
140,part,18675,1149677720,1144780566,1110102873,1087118110,0,0
140,part,18676,1148466230,1143459696,3256147289,3263808506,0,0
140,part,18677,1148366864,1143520032,3257697053,3263337990,0,0
140,part,18678,1148335404,1143605554,3258187724,3262173612,0,0
140,part,18679,1148436866,1143438539,3256605278,3263973496,0,0
140,part,18680,1149263828,1144956113,0,1059760766,0,0
140,part,18681,1148718793,1144903320,0,1051372158,0,0
140,part,18682,1149093516,1143379292,1037500080,3264435516,0,0
140,part,18683,1149170691,1144962482,3182061088,3170682752,0,0
140,part,18684,1149079059,1144929457,0,0,0,0
140,part,18685,1149057862,1144973057,3188397098,1049364126,0,0
140,part,18686,1149287490,1144978031,3192989984,983563776,0,0
140,part,18687,1148969869,1145014165,1040014400,3173973520,0,0
140,part,18688,1148902607,1144612356,1085473542,3205623871,0,0
140,part,18689,1149230099,1144427267,1107978616,3242369653,0,0
140,part,18690,1148774020,1144857201,1060188162,3213861872,0,0
140,part,18691,1148806130,1144624903,1088204909,1069422227,0,0
140,part,18692,1148121139,1143894767,3261765300,3257740984,0,0
140,part,18693,1148263612,1143784640,3259469371,3259670027,0,0
140,part,18694,1148395712,1143642703,3257492664,3261918236,0,0
140,part,18695,1148581910,1143603242,3254153798,3262543286,0,0
140,part,18696,1148731642,1143476714,3249496377,3263857968,0,0
140,part,18697,1148931425,1143486886,3240453542,3263777408,0,0
140,part,18698,1149099135,1143472910,1057451675,3263888087,0,0
140,part,18699,1149268874,1143396210,1095048179,3264495537,0,0
140,part,18700,1149135758,1144521435,3224952069,3223800766,0,0
140,part,18701,1148731227,1144541247,3245913670,1086469300,0,0
140,part,18702,1148774693,1144702051,3246638094,1098917926,0,0
140,part,18703,1149076072,1144430423,3231077208,3240648061,0,0
140,part,18704,1149078240,1144452009,3229113874,3237756703,0,0
140,part,18705,1149075998,1144650129,3229834883,1097288300,0,0
140,part,18706,1149323107,1144624559,1090787763,3235095978,0,0
140,part,18707,1148805955,1144636031,3233907673,1099551641,0,0
140,part,18708,1148772196,1144636442,3246239559,1057388744,0,0
140,part,18709,1149075409,1144835100,3240088348,1094874506,0,0
140,part,18710,1149200450,1144648156,1080043030,1055277235,0,0
140,part,18711,1149273637,1144802663,1083139049,1096425268,0,0
140,part,18712,1149202338,1144631759,1060808026,1067786001,0,0
140,part,18713,1149242794,1144777119,3221064377,3221272399,0,0
140,part,18714,1149244059,1144819965,3219508900,3223369169,0,0
140,part,18715,1149430333,1144738542,1107037148,3223409031,0,0
140,part,18716,1149143746,1144862805,3211520013,3233436557,0,0
140,part,18717,1149255532,1144747700,1093022966,3224410042,0,0
140,part,18718,1149081144,1144823715,3205713055,3233905575,0,0
140,part,18719,1149065484,1144813239,1056457423,3225073808,0,0
140,part,18720,1148991678,1144900676,3189434932,3233122081,0,0
140,part,18721,1148959670,1144878656,3177557179,1046295456,0,0
140,part,18722,1148999048,1144757034,1070559599,3222044586,0,0
140,part,18723,1148891043,1144824362,1081829694,3229064351,0,0
140,part,18724,1148894966,1144763511,1075937677,3219583481,0,0
140,part,18725,1148876630,1144860403,3211879452,3224163670,0,0
140,part,18726,1148955270,1144905237,3206635344,3218953536,0,0
140,part,18727,1149030153,1144821982,1098183573,1094126278,0,0
140,part,18730,1149142028,1144608283,3218014766,1017495474,0,0
140,part,18731,1149190939,1144611969,1064176664,3184816216,3153688108,3255343759
140,part,18732,1149189958,1144605010,1063170912,3201837948,3153688108,3254784088
140,part,18733,1149202501,1144599815,1067254484,1036370375,3153688108,1107601194
140,part,18734,1149190525,1144607756,1063752868,1044198774,3153688108,3254505718
140,part,18735,1149200617,1144615664,1066530408,3185777089,3153688108,3254797154
140,part,18736,1149202074,1144614611,1060277312,1009511704,3153688108,1102460352
140,part,18737,1149203447,1144613614,3207237912,3222821909,3153688108,3256653465
140,part,18738,1149226339,1144644486,1072456908,3187948109,3153688108,3249474986
140,part,18739,1149133685,1144739694,3223485922,1089662502,3153688108,3247873504
140,part,18740,1149077143,1144683901,3233714886,1082592739,3153688108,1107340374
140,part,18745,1149426950,1144719278,1102351802,1084807094,3195718249,1119649328
140,part,18747,1149135663,1144845159,1047067469,3220133603,1083089755,1124206169
140,part,18749,1148752172,1144595060,3249421213,3213769800,1078386240,1117327446
140,part,18750,1149344407,1144889877,3206084544,3214474896,3209440021,1119506510
140,part,18752,1148878458,1144875753,3245641652,1096100278,1081593100,1119727670
140,part,18758,1149360157,1144738186,1098593093,1086846122,3201047719,1109407588
140,part,18761,1149134249,1144850321,1045701304,3218928655,1083088097,1107614188
140,part,18764,1149285749,1144869931,3202794073,3215010344,3212182893,1124534627
140,part,18766,1148870777,1144864639,3244968792,1094583780,1081454740,1127489499
140,part,18767,1149402546,1144575761,1100340582,3221193544,1034887727,1116281296
140,part,18770,1149304874,1144293117,1091936892,3245939845,1065509312,1115587970
140,part,18771,1148817504,1144673377,3247021322,1076642485,1079273585,1117215632
140,part,18772,1149359896,1144793480,1097478278,1091000511,3205183061,1129138189
140,part,18775,1149366294,1144519806,1098122558,3231047123,1049394221,1124197180
140,part,18776,1148873686,1144504186,3244822288,3232620165,1077126454,1124456607
140,part,18778,1149253860,1144328380,1083079512,3244164120,1067466273,1122007070
140,part,18780,1149333080,1144679595,1094777542,1077894922,3196840359,1125993922
140,part,18781,1149252213,1145005244,1068584296,3166996000,0,0
140,part,18783,1148713817,1143514839,3252138827,3262995859,0,0
140,part,18785,1149211281,1144865548,1050613552,1017778976,0,0
140,part,18786,1148255349,1143669494,3260268152,3260647211,0,0
140,part,18787,1148300628,1143649731,3259717664,3260947332,0,0
140,part,18788,1149805967,1144703379,1116384807,1085445046,0,0
140,part,18789,1148933858,1145024644,0,0,0,0
140,part,18790,1149764739,1144830710,1103638332,1084933798,0,0
140,part,18791,1149342774,1144890336,3197818944,1010134912,0,0
140,part,18795,1148296595,1144927788,0,0,0,0
140,part,18796,1149293777,1144939394,3194963328,3176231952,0,0
140,part,18797,1149436099,1144926895,0,1051372158,0,0
140,part,18798,1149703186,1144026789,1113549852,3254924900,0,0
140,part,18799,1149728298,1144002393,1114291611,3255281268,0,0
140,part,18800,1149254866,1145057967,0,1051372158,0,0
140,part,18801,1149261752,1145022342,3183417152,1024072944,0,0
140,part,18802,1148854082,1144943279,0,1051372158,0,0
140,part,18803,1149222523,1144945396,3143347420,3156643392,0,0
140,part,18804,1149708137,1143897446,1113696088,3256857690,0,0
140,part,18805,1148995883,1143450010,3240663903,3263332703,0,0
140,part,18806,1149744952,1144174973,1114783566,3250965730,0,0
140,part,18807,1148274128,1143890159,3259707252,3256835653,0,0
140,part,18808,1149045675,1145037056,1037106304,1028283544,0,0
140,part,18809,1148867457,1144927206,1051454888,1025184496,0,0
140,part,18810,1149848660,1144170230,1117296142,3251666550,0,0
140,part,18811,1149285897,1144943279,0,1051372158,0,0
140,part,18812,1148797215,1144961145,3194167808,1057494959,0,0
140,part,18813,1149680033,1143776470,1113647431,3259364528,0,0
140,part,18814,1148534619,1143388194,3256390033,3264294406,0,0
140,part,18815,1149576561,1143556005,1110419811,3262803037,0,0
140,part,18816,1149190007,1144910511,0,0,0,0
140,part,18817,1149530363,1143468757,1108978715,3263666164,0,0
140,part,18818,1149812538,1144030181,1116732759,3255407500,0,0
140,part,18819,1149815025,1144035809,1116771555,3255319746,0,0
140,part,18820,1149874348,1144399080,1117696772,3242664720,0,0
140,part,18821,1148721095,1144893687,1054621728,1029057392,0,0
140,part,18822,1148331664,1144084536,3253866890,3253149016,0,0
140,part,18823,1149186309,1144601429,1107871931,3205279818,0,0
140,part,18824,1148777590,1144838494,1054894393,3221544948,0,0
140,part,18825,1148982454,1144240636,1100342822,3250515780,0,0
140,part,18826,1148860988,1144848047,3221235422,1106066998,0,0
140,part,18827,1149051874,1144741817,1085305013,1101462025,0,0
140,part,18828,1149219659,1143766827,1096853431,3259842399,0,0
140,part,18829,1149044828,1144523212,1095153160,1084215590,0,0
140,part,18830,1149059609,1144489530,1091259807,1077737675,0,0
140,part,18831,1149105771,1144429225,1086980213,3216643173,0,0
140,part,18832,1148990108,1143418686,3241016519,3264244718,0,0
140,part,18833,1149192226,1143436352,1057662870,3264104815,0,0
140,part,18834,1148823225,1143928772,3255692196,3252445696,0,0
140,part,18835,1149390083,1144367385,1102606391,1090978241,0,0
140,part,18836,1149495332,1144390440,1107865764,1091585177,0,0
140,part,18837,1149544597,1143695767,1109642248,3260932112,0,0
140,part,18838,1149662261,1143717260,1113325899,3260591674,0,0
140,part,18839,1149727108,1143868470,1115368291,3258160238,0,0
140,part,18840,1149732030,1144081084,1115524202,3254618340,0,0
140,part,18841,1149762690,1144271037,1116090163,3249136611,0,0
140,part,18842,1149778384,1144451015,1116338753,3240507742,0,0
140,part,18843,1149800611,1144625726,1116690818,1057730795,0,0
140,part,18844,1149766630,1144799816,3224836416,3203625440,0,0
140,part,18845,1149423793,1144752521,3224747862,3211942162,0,0
140,part,18846,1149414838,1144859357,1037461593,3224235029,0,0
140,part,18847,1149315912,1144772643,3222661057,3218953463,0,0
140,part,18848,1149338430,1144891803,1033969344,1042519968,0,0
140,part,18849,1149274944,1144852721,1032256368,3222503065,0,0
140,part,18850,1149273675,1144804362,1037182242,3231985472,0,0
140,part,18851,1149243181,1144858955,3210336250,3224112973,0,0
140,part,18852,1149249089,1144786856,3202262916,3233337733,0,0
140,part,18853,1149176079,1144812750,1019208122,3234130118,0,0
140,part,18854,1149132545,1144787436,1055647475,3232853238,0,0
140,part,18855,1148789553,1144755532,3250062702,3224413650,0,0
140,part,18856,1149043817,1144825551,1067774224,3223247685,0,0
140,part,18857,1149016949,1144899102,1071342700,3222574965,0,0
140,part,18858,1148878213,1144919208,1082477414,1051199981,0,0
140,part,18859,1148859855,1144860656,1075059691,3226716640,0,0
140,part,18860,1148799992,1144838176,1076433537,3215527975,0,0
140,part,18861,1148798589,1144836773,1077203991,3211063838,0,0
140,part,18862,1148930495,1144797853,1096789747,1093428176,0,0
140,part,18863,1150328835,1144777385,967041504,1065351891,0,0
140,part,18864,1150328928,1144597090,1010692857,1065279428,0,0
140,part,18865,1148956653,1144541799,3244893309,3214842831,0,0
140,part,18866,1148862582,1144564642,3248341422,1010051746,0,0
140,part,18867,1149076436,1144544129,3238511832,3214371255,0,0
140,part,18868,1149068560,1144611934,3238990205,1076867353,0,0
140,part,18869,1149134630,1144652821,3231950916,1084466170,0,0
140,part,18870,1149144588,1144497965,3230741022,3229015373,0,0
140,part,18871,1148843778,1144625204,3245729440,1075539942,0,0
140,part,18872,1148747415,1144564408,3248825266,3211133179,0,0
140,part,18873,1148903800,1144534943,3243027111,3224011417,0,0
140,part,18874,1148953360,1144518499,3240016590,3228006988,0,0
140,part,18875,1149031144,1144600615,3232580318,1066529751,0,0
140,part,18876,1149015717,1144615668,3234454627,1073793349,0,0
140,part,18877,1150083302,1144834558,1026308688,1053638188,0,0
140,part,18878,1150904586,1144785734,1054403044,1054644612,0,0
140,part,18879,1149887664,1144784356,1046533455,1050412505,0,0
140,part,18882,1149868260,1144715977,3234507633,3216658458,0,0
140,part,18883,1149865394,1144725094,3238377985,3206476024,0,0
140,part,18884,1149924570,1144688847,1075744473,3211820365,0,0
140,part,18885,1149919340,1144751900,1017285632,1051372158,0,0
140,part,18886,1149912462,1144709653,3214847491,3221370520,0,0
140,part,18887,1149933706,1144699500,1076469967,1024670704,0,0
140,part,18888,1149895918,1144740850,3233323864,3207440209,0,0
140,part,18889,1149942822,1144733968,1077179064,1044657538,0,0
140,part,18890,1149939672,1144691571,1074759044,3207636197,0,0
140,part,18891,1149946888,1144719446,1074010448,3213994230,0,0
140,part,18892,1149945202,1144672143,1071688230,3212312113,0,0
140,part,18893,1149137664,1144739706,3226697856,3228704612,0,0
140,part,18894,1149143982,1144768929,3224271715,1053353348,0,0
140,part,18895,1149145910,1144764281,3229718580,3225558968,0,0
140,part,18896,1149160298,1144788296,3224298049,1059739706,0,0
140,part,18897,1149173823,1144801052,1008846080,1051372158,0,0
140,part,18898,1149182862,1144769443,3221924297,3232886877,0,0
140,part,18899,1149180528,1144806758,3222821025,3206869122,0,0
140,part,18900,1149185490,1144785547,3220605297,3213560192,0,0
140,part,18901,1149244640,1144812604,1075748776,3185537696,0,0
140,part,18902,1149208522,1144781691,3215500538,3216522020,0,0
140,part,18903,1149073912,1144644528,1082882570,3227504058,0,0
140,part,18904,1148996994,1144670470,3224092045,1052876556,0,0
140,part,18905,1149053844,1144650943,1075928898,1035542776,0,0
140,part,18906,1149015336,1144556120,3212871914,3213599158,0,0
140,part,18907,1149012442,1144528618,3215094416,3206272976,0,0
140,part,18908,1149051932,1144660779,1081486153,3227555208,0,0
140,part,18909,1149025716,1144652200,1069095429,3215307306,0,0
140,part,18910,1148988334,1144629692,3221026232,3199588388,0,0
140,part,18911,1149016782,1144670142,1074279724,3229932732,0,0
140,part,18912,1149019480,1144705717,1075315830,1058728291,0,0
140,part,18913,1148996234,1144634689,1048374564,3216172782,0,0
140,part,18914,1148986152,1144620526,3207402145,3214467620,0,0
140,part,18915,1148992666,1144588640,3181587959,3213789858,0,0
140,part,18916,1149020502,1144704515,1075708324,3223343240,0,0
140,part,18917,1148955584,1144735568,3221013030,1051531729,0,0
140,part,18918,1148985194,1144703424,1060928526,3213716332,0,0
140,part,18919,1148960182,1144695726,3217481874,3198060962,0,0
140,part,18920,1148958274,1144686902,3218947139,1053023643,0,0
140,part,18921,1148987562,1144658666,1064564400,3207846033,0,0
140,part,18922,1148974018,1144640213,3197296299,3211023865,0,0
140,part,18923,1148993450,1144639038,1069481563,1056971744,0,0
140,part,18924,1148965816,1144598921,3213154144,3190848780,0,0
140,part,18925,1148974820,1144742018,1067756572,3205647596,0,0
140,part,18926,1148968376,1144722086,1060262477,3211096533,0,0
140,part,18927,1148977946,1144717822,1070157524,1046119586,0,0
140,part,18928,1148944788,1144687048,3216721584,1053471437,0,0
140,part,18929,1148970764,1144661855,1063930831,3201448124,0,0
140,part,18930,1148961378,1144595912,1030018790,3202699756,0,0
140,part,18931,1148931214,1144761476,3214562406,3197401552,0,0
140,part,18932,1148930254,1144747800,3215299544,3173792624,0,0
140,part,18933,1148929288,1144736061,3216042029,1053043919,0,0
140,part,18934,1148936300,1144710484,3208475984,3203055644,0,0
140,part,18935,1148951248,1144694176,1059118866,3202819224,0,0
140,part,18936,1148934768,1144620233,3210828572,1049542666,0,0
140,part,18937,1148950548,1144600459,1058044925,3170982912,0,0
140,part,18938,1149068418,1144649100,1062932848,3230827023,0,0
140,part,18939,1149070260,1144658091,1065556274,3232246461,0,0
140,part,18940,1149067604,1144650970,1061680778,3236759296,0,0
140,part,18941,1149066340,1144682702,1059739192,3233812528,0,0
140,part,18942,1149207614,1144778614,3225002780,3231126152,0,0
140,part,18943,1149253352,1144802421,1076147622,1055577602,0,0
140,part,18944,1149220462,1144768996,3218912618,3213688176,0,0
140,part,18945,1149219136,1144784792,3226869528,3233085730,0,0
140,part,18946,1149248104,1144792982,1038555463,3220433132,0,0
140,part,18947,1149238943,1144783635,3217302496,3215028736,0,0
140,part,18948,1149257912,1144773320,1072975934,3207897733,0,0
140,part,18949,1149242846,1144839224,3222693740,3221946777,0,0
140,part,18950,1149242716,1144849235,3222793610,3224393995,0,0
140,part,18954,1149059168,1144804641,1069622049,3222643840,0,0
140,part,18955,1149037560,1144768417,3203423443,3214132946,0,0
140,part,18956,1149060816,1144751052,1070886205,1048764375,0,0
140,part,18957,1149054300,1144823863,1065882710,3221553923,0,0
140,part,18961,1148727073,1144439263,3233688424,1039442520,1032560412,1075260744
140,part,18962,1148921115,1144455956,1077193328,1066617876,3189910634,3230524876
140,part,18963,1148561113,1144429258,3253939834,1051776387,1046191132,1087899278
140,part,18964,1148912031,1144443294,1090500148,1054287484,3190369254,3230954834
140,part,18965,1148976809,1144421036,1084030770,3190645076,1039480816,1081748648
140,part,18966,1149038321,1144429126,1091623892,3211904405,3191335558,3231860748
140,part,18967,1148925545,1144433479,1089915804,1062173768,3196930183,3237921861
140,part,18968,1148708679,1144430232,1091213674,1056793315,3186049498,3225716216
140,part,18974,1149259356,1144684160,3234593104,1097827520,0,0
140,part,18975,1149274603,1144597999,3228479844,1089464129,0,0
140,part,18976,1149277026,1144355936,3226716442,3243767515,0,0
140,part,18977,1149306245,1144438781,1071723458,3234463715,0,0
140,part,18978,1149283075,1144374183,3222315056,3242108053,0,0
140,part,18979,1149293739,1144599042,3201431055,1089653666,0,0
140,part,18980,1149347433,1144664796,1091733067,1096463613,0,0
140,part,18981,1149309620,1144710806,1075467902,1099837464,0,0
140,part,18982,1149249974,1144683218,3238243619,1098186811,0,0
140,part,18983,1149291373,1144706362,3210218301,1099629629,0,0
140,part,18984,1149261637,1144456267,3234120741,3231569758,0,0
140,part,18985,1149281859,1144525402,3223775598,1067594474,0,0
140,part,18986,1149269718,1144604842,3231306249,1091040384,0,0
140,part,18987,1149304245,1144552130,1069472222,1080931714,0,0
140,part,18988,1149280901,1144575828,3224453702,1086019036,0,0
140,part,18989,1149291397,1144467714,3210513486,3229644138,3200444539,3230437934
140,part,18990,1149288805,1144453222,3215658319,3232426783,3199679697,3228393621
140,part,18991,1149280611,1144513778,3224735018,1045413564,3193249198,1061728384
140,part,18992,1149280589,1144509739,3224751870,3190480580,3202767039,3234792640
140,part,18993,1149276581,1144583886,3227830006,1087628218,3203072595,3235365560
140,part,18994,1149261103,1144514653,3234665771,1050246351,3180319149,1084061628
140,part,18995,1149302013,1144466938,1066041970,3229793147,3193409544,1060525776
140,part,18996,1149269985,1144511579,3231255101,1038468576,3203885264,3236889320
140,part,18997,1149262709,1144466284,3234048885,3229918698,3201869015,3233108838
140,part,18998,1149263207,1144532108,3233857817,1072744380,3189375694,1075904159
140,part,18999,1149240011,1144426003,3240383883,3237652768,3189200584,1076232493
140,part,19000,1149302937,1144555228,1067462980,1082121012,3173549862,1085891168
140,part,19001,1149275235,1144587873,3227807120,1088393616,3190837076,1072586294
140,part,19002,1149279177,1144403362,3225836172,3240001272,3190696026,1073115230
140,part,19003,1149326207,1144429730,1085301991,3236937290,3188970868,1076663213
140,part,19004,1149287109,1144559217,3213656650,1082891742,3202865577,3234977398
140,part,19005,1149278119,1144516898,3226648702,1056581630,3199459699,3227568628
140,part,19006,1149275895,1144561125,3223183634,1083257962,3170913018,1086509180
140,part,19007,1149297729,1144558848,1050180418,1082820751,3189360042,1075933507
140,part,19008,1149263637,1144478770,3233692433,3225428912,3198378619,3223514559
140,part,19009,1149270307,1144494267,3231131247,3217730844,3201287323,3232018160
140,part,19010,1149231202,1144463285,3241298049,3230494604,3183176411,1082722282
140,part,19011,1149232663,1144443981,3241157821,3234200960,3190956582,1072138142
140,part,19012,1149261897,1144500248,3234360466,3205780000,3192194048,1067497628
140,part,19013,1149261817,1144771800,1093998329,1107772834,3198887129,1112898291
140,part,19014,1149270460,1144581045,3232235428,1089736931,3198161184,3221406231
140,part,19015,1149091074,1144742966,3217618978,3227452390,0,0
140,part,19016,1149113806,1144732755,3212652386,3233639574,0,0
140,part,19017,1149151242,1144760562,1075580603,3200210188,0,0
140,part,19018,1149124648,1144817436,996848128,1051372158,0,0
140,part,19019,1149124641,1144817436,997934080,1051372158,0,0
140,part,19020,1148979362,1144744536,1078785010,3226849480,0,0
140,part,19021,1148974588,1144761262,1082686636,3226718221,0,0
140,part,19022,1148914092,1144718745,3215129140,3214532540,0,0
140,part,19023,1148917650,1144701649,3211957891,3215079196,0,0
140,part,19024,1148947646,1144695738,1072052435,3198023302,0,0
140,part,19025,1148947748,1144682374,1072131146,3171091264,0,0
140,part,19026,1148911036,1144663036,3217475898,3197820680,0,0
140,part,19027,1148943810,1144633023,1069106530,3175988944,0,0
140,part,19028,1148946156,1144767602,1078616426,3230094754,0,0
140,part,19029,1148896652,1144781802,3215941099,3216436702,0,0
140,part,19030,1148895726,1144767465,3216651181,3214864040,0,0
140,part,19031,1148899120,1144750192,3214045709,3215547042,0,0
140,part,19032,1148916044,1144716801,1053790242,3216025728,0,0
140,part,19033,1148932778,1144718197,1073217139,1048420294,0,0
140,part,19034,1148894328,1144667827,3217725017,1040936808,0,0
140,part,19035,1148897536,1144633353,3215262064,3164870016,0,0
140,part,19036,1148920420,1144807333,1075025806,3221609986,0,0
140,part,19037,1148891250,1144794938,3199903058,3218930646,0,0
140,part,19038,1148879526,1144784810,3216511051,3214126448,0,0
140,part,19039,1148875450,1144774304,3219640166,3206386988,0,0
140,part,19040,1148872626,1144767006,3221517752,1046314558,0,0
140,part,19041,1148873290,1144753528,3221262432,1056370534,0,0
140,part,19042,1148877938,1144727365,3217730417,3201526920,0,0
140,part,19043,1148876842,1144715352,3218571458,3159400960,0,0
140,part,19044,1148879176,1144669709,3216778986,1050539243,0,0
140,part,19045,1148901210,1144643019,1057758177,3206713816,0,0
140,part,19046,1149065240,1144659251,1080304654,3228141816,0,0
140,part,19047,1149047716,1144672938,1079866689,3232541573,0,0
140,part,19048,1149035340,1144709678,1075114673,3204990128,0,0
140,part,19049,1149042390,1144706241,1077821647,3232438802,0,0
140,part,19050,1149013422,1144738929,1072237186,3229002694,0,0
140,part,19051,1148989674,1144745373,3199537075,3219248364,0,0
140,part,19052,1148976144,1144736601,3217805188,3213402202,0,0
140,part,19053,1148956282,1144758479,3220475868,3205528964,0,0
140,part,19054,1148954790,1144797890,3205241491,3216663404,0,0
140,part,19055,1148983464,1144801307,1074068519,1052154039,0,0
140,part,19056,1148944984,1144773056,3216569821,3208304501,0,0
140,part,19060,1148947422,1144724908,1086908069,3221803718,0,0
140,part,19061,1148891466,1144712302,1066655589,3219480814,0,0
140,part,19062,1148891164,1144637235,1066424096,3214217650,0,0
140,part,19063,1148914036,1144730204,1083643822,3218314592,0,0
140,part,19064,1148838908,1144721182,3221882459,3212484377,0,0
140,part,19065,1148892124,1144739591,1082582144,3222456964,0,0
140,part,19066,1148869976,1144709940,1074529175,3204587240,0,0
140,part,19067,1148887086,1144741329,1084760729,3221789678,0,0
140,part,19068,1148800252,1144753070,3224143708,1054966490,0,0
140,part,19069,1148825722,1144745156,1066496279,3219415200,0,0
140,part,19074,1148934010,1144770079,1084332845,3223332702,0,0
140,part,19075,1148903696,1144758034,1074894835,3206212012,0,0
140,part,19076,1148911026,1144782502,1083065910,3224853640,0,0
140,part,19077,1148872408,1144776746,1063851200,3220319374,0,0
140,part,19078,1148865154,1144760009,1048325306,3220590570,0,0
140,part,19079,1148903496,1144804930,1084765692,3222532727,0,0
140,part,19080,1148864000,1144797490,1070727795,3216970736,0,0
140,part,19081,1148828794,1144782175,3217724567,3216149820,0,0
140,part,19082,1148848158,1144761235,1044564763,3219649122,0,0
140,part,19083,1148870570,1144810455,1081048671,3226702556,0,0
140,part,19090,1149088850,1144800100,3196856022,3233292267,0,0
140,part,19091,1149089866,1144848478,3191407382,3224684533,0,0
140,part,19092,1149090196,1144871814,3189383191,3222015073,0,0
140,part,19093,1149089984,1144875948,3190681298,3226719337,0,0
140,part,19094,1148929604,1144758758,1083487060,3231792755,0,0
140,part,19095,1148895826,1144793558,1078164457,3226899704,0,0
140,part,19096,1148897598,1144792928,1083633268,3231523551,0,0
140,part,19097,1148870106,1144824947,1080870492,3227429196,0,0
140,part,19101,1149206006,1144615027,1060334192,1026685568,1082665086,3231165884
140,part,19102,1149243513,1144661753,1055028800,1068839510,1082727918,3228947811
140,part,19103,1149068853,1144736119,3245273497,1058899975,1082461450,3237275008
140,part,19104,1149212435,1144615162,1065851416,1061165482,1083011844,1046594264
140,part,19105,1149245375,1144669768,1083715880,1046771336,1082630472,3232204345
140,part,19106,1149260881,1144690488,1084586628,3178036592,1083099456,1069327534
140,part,19107,1149075968,1144769751,3238567205,1060629464,1083548932,1091236079
140,part,19111,1149229313,1144799783,3229253107,1046370582,0,0
140,part,19112,1149258402,1144752538,1056913045,3213745164,0,0
140,part,19113,1149264872,1144738966,1071084328,1059467085,0,0
140,part,19114,1149261254,1144694042,1065526340,3203230828,0,0
140,part,19115,1149250804,1144799840,3222872907,1046716292,0,0
140,part,19116,1149271724,1144776225,1069025509,3202425468,0,0
140,part,19117,1149271002,1144744292,1067917798,3199858764,0,0
140,part,19118,1149271352,1144730389,1068452604,3188415112,0,0
140,part,19119,1149257578,1144801342,3223962428,1052262377,0,0
140,part,19120,1149273812,1144754504,1050929470,3211634617,0,0
140,part,19121,1149269528,1144739319,3203249618,3209792545,0,0
140,part,19122,1149277002,1144726287,1063747722,3204644300,0,0
140,part,19123,1149269592,1144818974,3220827912,1056095286,0,0
140,part,19124,1149278338,1144787954,3199460850,3210586245,0,0
140,part,19125,1149281852,1144772164,1049997789,3209673789,0,0
140,part,19126,1149284488,1144758652,1061577381,3205262370,0,0
140,part,19127,1149286120,1144746149,1065973026,3192250768,0,0
140,part,19128,1149273914,1144732526,3214188152,1031006272,0,0
140,part,19129,1149274838,1144684474,3212701132,1042554060,0,0
140,part,19130,1149285708,1144670127,1065322759,1051823568,0,0
140,part,19131,1149276756,1144633687,3206811741,1009586688,0,0
140,part,19132,1149280102,1144817695,3217266919,1052165386,0,0
140,part,19133,1149295176,1144796628,1067297484,3180518464,0,0
140,part,19134,1149283442,1144777097,3211440461,3199745248,0,0
140,part,19135,1149285984,1144727050,3202806667,3202496960,0,0
140,part,19136,1149284458,1144713258,3208315432,3193008556,0,0
140,part,19137,1149294312,1144705469,1065972271,1058347510,0,0
140,part,19138,1149289196,1144678996,1040996528,3199123780,0,0
140,part,19139,1149292890,1144668103,1062220099,1042631440,0,0
140,part,19140,1149287440,1144647643,3191661106,3193493292,0,0
140,part,19141,1149292084,1144778408,3210058196,3195379968,0,0
140,part,19142,1149297054,1144711687,1033582770,3199358268,0,0
140,part,19143,1149292912,1144683424,3207514993,1032012016,0,0
140,part,19144,1149292618,1144668832,3208414912,1047111136,0,0
140,part,19145,1149044144,1144698572,1070666187,3233911252,0,0
140,part,19146,1149043196,1144720185,1069937034,3232907292,0,0
140,part,19147,1149036074,1144764298,1075396626,3225552342,0,0
140,part,19148,1149028484,1144755993,1071221960,3232323680,0,0
140,part,19149,1149004652,1144782269,1065502301,3216078068,0,0
140,part,19150,1148920560,1144797534,1081370442,3225372616,0,0
140,part,19151,1148896800,1144784094,1078538094,3233219732,0,0
140,part,19152,1148873066,1144829444,1075715578,3225702263,0,0
140,part,19153,1148867026,1144842107,1079688290,3227131304,0,0
140,part,19154,1149268006,1144649372,3235366449,3176836544,0,0
140,part,19155,1149273844,1144649853,3236270409,3155799488,0,0
140,part,19156,1149306906,1144649203,3229866294,3180143760,0,0
140,part,19157,1149144112,1144750030,3224222096,3230322753,0,0
140,part,19158,1149153162,1144762658,3227038349,3234189698,0,0
140,part,19159,1149166016,1144805524,3228393895,3228596044,0,0
140,part,19160,1149179550,1144829928,3229488261,3230711048,0,0
140,part,19161,1148896632,1144751966,1086593747,3223996560,0,0
140,part,19162,1148860808,1144753255,1082861029,3229703580,0,0
140,part,19163,1148835716,1144770394,1080247949,3229503256,0,0
140,part,19164,1148848504,1144792313,1086790221,3227377700,0,0
140,part,19165,1148789654,1144792077,1062568821,3221128024,0,0
140,part,19166,1148767940,1144778431,3214128784,3219025542,0,0
140,part,19167,1148806140,1144777297,1075181976,3199132184,0,0
140,part,19168,1148792360,1144748096,1066039484,3217156452,0,0
140,part,19169,1148800674,1144687674,1072424723,1055394332,0,0
140,part,19170,1148771323,1144667795,998943232,0,0,0
140,part,19171,1148772992,1144808426,1062142327,3221155152,0,0
140,part,19172,1148793238,1144820504,1076519527,1058880054,0,0
140,part,19173,1148764224,1144801052,1002358272,1051372158,0,0
140,part,19174,1148766378,1144761847,1045420272,3219179292,0,0
140,part,19175,1148786858,1144760770,1074069203,3199570220,0,0
140,part,19176,1148778724,1144721664,1068149441,3211744077,0,0
140,part,19177,1148781406,1144709940,1070209721,3204587290,0,0
140,part,19178,1148767722,1144686472,1051128169,3214152004,0,0
140,part,19179,1148781250,1144669004,1070090445,1048169044,0,0
140,part,19180,1148764188,1144653596,992699904,1051372158,0,0
140,part,19710,1148718399,1144800879,3197623488,1084134457,3230496469,1114663876
140,part,19182,1149130328,1144770389,3212439630,3235851117,0,0
140,part,19183,1149137240,1144807155,3199196398,3221678388,0,0
140,part,19184,1149149048,1144792942,1060949501,3220463502,0,0
140,part,19185,1149138338,1144776826,3195594108,3220257638,0,0
140,part,19186,1149167482,1144784810,1075525555,1051805565,0,0
140,part,19187,1149141142,1144884694,1012940288,3212913028,0,0
140,part,19188,1149141132,1144905753,1011929472,3205808385,0,0
140,part,19189,1149141084,1144917616,1007380416,3212752749,0,0
140,part,19190,1149076180,1144773778,1032296569,3235200252,0,0
140,part,19191,1149076220,1144825127,1032805142,3227359986,0,0
140,part,19192,1149076308,1144838240,1033872288,3228616258,0,0
140,part,19193,1149075814,1144873894,1023830171,3221206952,0,0
140,part,19194,1149064292,1144781815,1056222673,3236803060,0,0
140,part,19195,1149061970,1144841241,1049092859,3227463736,0,0
140,part,19196,1149062672,1144850616,1051247549,3229884618,0,0
140,part,19197,1149061212,1144886079,1044950396,3222828799,0,0
140,part,19198,1149203136,1144795091,3226722667,3231108212,0,0
140,part,19199,1149209060,1144806868,3224447468,3231992742,0,0
140,part,19200,1149232113,1144830715,3221886608,3230559922,0,0
140,part,19201,1149254730,1144915864,3201950600,1052001502,0,0
140,part,19202,1149030604,1144763147,1072850306,3234095701,0,0
140,part,19203,1148988716,1144899481,0,1051754398,0,0
140,part,19204,1148984295,1144899404,0,1051645046,0,0
140,part,19205,1148985846,1144899445,0,1051896958,0,0
140,part,19206,1149211484,1144821670,3213224729,3235442218,0,0
140,part,19207,1149226450,1144863199,3214313262,3230614421,0,0
140,part,19208,1149239312,1144932124,993776640,1051372158,0,0
140,part,19213,1149131670,1144477005,3233731910,1057437825,3208539095,3232129610
140,part,19214,1149204773,1144542080,3235581318,1068860400,3209184436,3234549646
140,part,19215,1149143955,1144484132,3235719466,1071480226,3204225522,1075061612
140,part,19216,1149172816,1144481850,3231126950,3205304406,3204861121,1068517904
140,part,19217,1149228066,1144555285,3231286228,1074333083,3208252061,3231053224
140,part,19218,1149224332,1144553245,3235095019,1050829279,3207723127,3228525345
140,part,19219,1149167636,1144473181,3236467969,3203904768,3205137699,1063385184
140,part,19220,1149223078,1144448477,1079985976,1054907082,3204898077,1067963560
140,part,19224,1149114867,1144516011,3230134634,1059581954,3189255408,3233833241
140,part,19225,1149052398,1144447696,3238066736,3208344337,3190918767,3228563445
140,part,19226,1149094605,1144607228,3235093398,1063968582,1028905130,1077952796
140,part,19227,1149002704,1144437052,3241342353,3207277809,3147846096,1067916618
140,part,19230,1149144094,1144445122,3240870253,3208566709,3207095039,3234840864
140,part,19231,1149219583,1144513319,3242156238,1070836632,3206656572,3233196606
140,part,19232,1149215013,1144440704,1074768104,3200748868,3206952514,3234306390
140,part,19233,1149125814,1144465277,3245469429,3191477468,3205779124,3229906162
140,part,19234,1149184545,1144523029,3247713615,1076331605,3206607333,3233011958
140,part,19235,1149243612,1144536379,3243701448,1072421874,3207073620,3234760540
140,part,19236,1149095112,1144472731,3248451073,1067167006,3206054509,3230938860
140,part,19237,1149193715,1144421458,3204140544,3204530562,3206600072,3232984730
140,part,19244,1149137765,1144609005,3238236035,3192160868,1083663751,1070585598
140,part,19245,1149160834,1144635474,3240681303,1057003675,1083213445,3231329464
140,part,19246,1149198637,1144729529,3238346123,1070092582,1083683823,1072994304
140,part,19247,1149176724,1144615832,3234244145,1072132946,1083240715,3230511334
140,part,19248,1149246309,1144678367,1077135968,1066995153,1082975057,3238241908
140,part,19249,1149185186,1144699126,3238176726,1072338202,1083703809,1074567226
140,part,19250,1149123858,1144778088,3239508184,1071327946,1083792269,1095998713
140,part,19253,1149227468,1144830909,1073046207,3225139760,0,0
140,part,19254,1149048374,1144804994,1073828156,3228799514,0,0
140,part,19255,1149046204,1144785400,1072247652,3213673134,0,0
140,part,19256,1149053468,1144812406,1075784458,3230929554,0,0
140,part,19257,1149022385,1144883099,0,1051761502,0,0
140,part,19258,1149029532,1144868302,1072026378,3223363504,0,0
140,part,19259,1149283544,1144762473,3229186150,3231079396,0,0
140,part,19260,1149295006,1144781920,3219542104,3216346030,0,0
140,part,19261,1149314246,1144766478,1071423482,3215622504,0,0
140,part,19262,1149314268,1144751819,1071457026,3214297736,0,0
140,part,19263,1149307680,1144729844,1057324378,3218591712,0,0
140,part,19264,1149303206,1144714301,3197656539,3217945498,0,0
140,part,19265,1149293530,1144715279,3221516978,3164581184,0,0
140,part,19266,1149310522,1144686909,1065705358,3213816566,0,0
140,part,19267,1149295524,1144679639,3218745359,3197147234,0,0
140,part,19268,1149302286,1144654224,3203314416,3213752804,0,0
140,part,19269,1149298148,1144788002,3224262335,3229032906,0,0
140,part,19270,1149308398,1144794215,3210268379,3219486232,0,0
140,part,19271,1149309120,1144763465,3208054495,3217936584,0,0
140,part,19272,1149325386,1144769348,1074847752,1054640550,0,0
140,part,19273,1149303788,1144740733,3218635124,3207621005,0,0
140,part,19274,1149308910,1144718225,3208698917,3214931976,0,0
140,part,19275,1149317592,1144703523,1062607449,3213640214,0,0
140,part,19276,1149309874,1144687276,3205735016,3213534606,0,0
140,part,19277,1149310166,1144656810,3204839544,3210697245,0,0
140,part,19278,1149301444,1144819674,3228021721,3223162555,0,0
140,part,19279,1149331974,1144821761,1073488455,3208991281,0,0
140,part,19280,1149319286,1144795846,3199532426,3218233722,0,0
140,part,19281,1149317164,1144781662,3208505987,3216544178,0,0
140,part,19282,1149328244,1144754747,1067759713,3211260293,0,0
140,part,19283,1149327808,1144739087,1067091469,3210149117,0,0
140,part,19284,1149324514,1144720302,1058709059,3213336948,0,0
140,part,19285,1149325130,1144705607,1060598988,3211242077,0,0
140,part,19286,1149316300,1144691604,3211164239,3207584805,0,0
140,part,19287,1149322750,1144673643,1049609569,3210006829,0,0
140,part,19288,1149316070,1144661984,3211871030,3201052896,0,0
140,part,19289,1149317352,1144836991,3222095691,3222804065,0,0
140,part,19290,1149319666,1144809488,3219413093,3200903512,0,0
140,part,19291,1149326146,1144768758,3206077887,3213871150,0,0
140,part,19292,1149320988,1144761937,3217381635,3195913792,0,0
140,part,19293,1149337802,1144747651,1069857417,3177461632,0,0
140,part,19294,1149321758,1144704198,3216199930,1055825002,0,0
140,part,19298,1148767697,1144459108,1079770476,1048636121,3198037487,3218238410
140,part,19299,1148876814,1144485941,1083632672,1052856022,3184136579,1083523885
140,part,19300,1148595778,1144347615,3243711925,3248125905,3190606820,1076099157
140,part,19301,1148852933,1144466603,1090872520,1045424792,3165861004,1088355149
140,part,19302,1148921370,1144483540,1085307314,1060255091,3201437677,3231048392
140,part,19303,1148945421,1144479399,1087671012,3209078245,3200834935,3229918246
140,part,19304,1148861398,1144446630,1089016048,3206396114,3188686124,1079700476
140,part,19305,1148676230,1144428287,1083863402,3193768960,3198484101,3221406752
140,part,19310,1148776506,1144607849,1062103256,1056054572,1083733758,1073714114
140,part,19311,1148779464,1144613430,1071654896,3197029710,1083481222,3218003182
140,part,19312,1148767759,1144690005,1055520256,3199095040,1083417264,3223451855
140,part,19313,1148643591,1144595753,3243462413,3224043144,1083248428,3231598075
140,part,19314,1148834677,1144668016,1088027568,1066881378,1084070790,1088040170
140,part,19315,1148822090,1144655927,1088234616,3210239793,1083406108,3224121269
140,part,19316,1148823496,1144758255,1074581381,1042865116,1083234236,3236756450
140,part,19320,1149258834,1144760041,3222997386,3231546318,0,0
140,part,19321,1149258534,1144787350,3223228632,3229283656,0,0
140,part,19322,1149262260,1144814716,3226658256,3225066463,0,0
140,part,19323,1149264648,1144826202,3224824084,3226947088,0,0
140,part,19324,1149308312,1144756234,3232472391,3222357486,0,0
140,part,19325,1149323090,1144770327,3229942890,3223237216,0,0
140,part,19326,1149341796,1144759976,3208335968,3220615928,0,0
140,part,19327,1149332508,1144762439,3223039644,3192827948,0,0
140,part,19328,1149343884,1144783359,3226884880,3224524709,0,0
140,part,19329,1149363666,1144775447,1049340449,3221271208,0,0
140,part,19330,1149376168,1144785056,1076099142,1052562356,0,0
140,part,19331,1149362206,1144818203,1008163584,1051372158,0,0
140,part,19332,1149381552,1144792380,1057765026,3220895474,0,0
140,part,19333,1149375732,1144818261,3221300380,3213601958,0,0
140,part,19334,1149243098,1144965028,3192916032,1052041118,0,0
140,part,19335,1149243121,1144971004,3185864600,1018002432,0,0
140,part,19336,1149240980,1144795887,3214443467,3234101158,0,0
140,part,19337,1149255688,1144948737,985331456,1051534352,0,0
140,part,19338,1149255742,1144956389,1010586112,3202608114,0,0
140,part,19339,1149255746,1144981494,1011032320,1052038942,0,0
140,part,19340,1148987528,1144803342,1081920939,3223142743,0,0
140,part,19341,1148943756,1144791701,3177945617,3221321170,0,0
140,part,19342,1148917270,1144797096,3223248872,3169603968,0,0
140,part,19343,1148973366,1144802687,1082452176,3229649757,0,0
140,part,19344,1148960198,1144840206,1083069419,3221569554,0,0
140,part,19345,1148917224,1144866689,1057271168,1051933430,0,0
140,part,19346,1149182468,1144804922,3207849363,3228827288,0,0
140,part,19347,1149185224,1144820683,3202788333,3229066592,0,0
140,part,19348,1149185902,1144821756,3200700650,3232280120,0,0
140,part,19349,1149185352,1144858633,3202394312,3227076592,0,0
140,part,19350,1149051257,1144932260,0,1051789534,0,0
140,part,19351,1149055679,1144932249,0,1051879006,0,0
140,part,19352,1149057398,1144941057,0,1008195584,0,0
140,part,19353,1149064618,1144918671,1073774250,3232546756,0,0
140,part,19354,1148972484,1144780037,1082282956,3225800121,0,0
140,part,19355,1148973534,1144803043,1085629961,3223257226,0,0
140,part,19356,1148927868,1144812840,1077885346,3225786747,0,0
140,part,19357,1148904864,1144847709,1075343140,3216151514,0,0
140,part,19358,1149251568,1144742437,3222286801,3234926368,0,0
140,part,19359,1149263906,1144833820,1003122176,1051372158,0,0
140,part,19360,1149257366,1144795962,3224124889,3230940903,0,0
140,part,19361,1149272090,1144866588,1000094720,1051372158,0,0
140,part,19362,1148991748,1144804978,1085981391,3222514413,0,0
140,part,19363,1148903908,1144847891,1081267656,3224910138,0,0
140,part,19364,1148895334,1144862280,1077975232,3225676288,0,0
140,part,19365,1149172412,1144751337,3187465918,3233217532,0,0
140,part,19366,1149172054,1144783316,3189764064,3230223260,0,0
140,part,19367,1149171902,1144806612,3190693774,3228178190,0,0
140,part,19368,1149172088,1144810537,3189550518,3231288359,0,0
140,part,19369,1148887302,1144802444,1084802072,3223487459,0,0
140,part,19370,1148855012,1144791995,1075074515,3204310108,0,0
140,part,19371,1148878972,1144806476,1086348572,3221939268,0,0
140,part,19372,1148867064,1144799717,1087208044,3224534686,0,0
140,part,19373,1150337030,1144788306,981513385,1059755503,0,0
140,part,19374,1150328834,1144788308,968407426,1059759228,0,0
140,part,19375,1148840007,1144263366,1083997003,3246665252,0,0
140,part,19376,1148898979,1144289367,1092621284,3244574633,0,0
140,part,19377,1148828545,1144315509,1082145074,3242555758,0,0
140,part,19378,1148915858,1144320358,1094499082,3242102181,0,0
140,part,19379,1148989308,1144270240,1100138583,3246590733,0,0
140,part,19380,1148920926,1144370574,1094973255,3236807515,0,0
140,part,19381,1148799554,1144407160,1069197252,3230193091,0,0
140,part,19382,1148774156,1144402492,3210604846,3231089399,0,0
140,part,19383,1148787732,1144472004,1084559242,1083606574,0,0
140,part,19384,1148809376,1144524183,1088714848,1092072010,0,0
140,part,19385,1148885360,1144522734,1096911405,1091932916,0,0
140,part,19386,1148577423,1144385671,3246965035,3218675408,0,0
140,part,19387,1148715059,1144354870,3230648437,3230696039,0,0
140,part,19388,1148336459,1143951739,3256655621,3257250296,0,0
140,part,19389,1148567163,1144253193,3247457520,3244110372,0,0
140,part,19390,1148701490,1144309548,3214584768,3227329344,1074770771,2147483648
140,part,19391,1148532893,1144293063,3249102420,3240282818,1076545011,2147483648
140,part,19392,1148719290,1144311634,3229151517,3238032067,0,0
140,part,19393,1148643343,1144379970,3240599721,3221649666,0,0
140,part,19394,1148881294,1144411514,1091797996,3249447922,0,0
140,part,19395,1148843434,1144466430,1085807941,3246811927,0,0
140,part,19396,1148788116,1144581033,1060136944,3234458703,0,0
140,part,19397,1148886548,1144482591,1101112267,1085639290,0,0
140,part,19398,1148831526,1144478992,1098034906,1084948323,0,0
140,part,19399,1148864204,1144442629,1100039752,1073802660,0,0
140,part,19400,1148671209,1144225426,3223897287,3244440006,0,0
140,part,19401,1148684101,1144188453,3217188918,3247096947,0,0
140,part,19402,1148636840,1144195714,3233342866,3247016512,0,0
140,part,19403,1148756923,1144211899,1084088960,3246127854,0,0
140,part,19404,1148618522,1144199949,3236769803,3246818474,0,0
140,part,19405,1148677613,1144103627,3221816692,3251323326,0,0
140,part,19406,1148686747,1144345510,3215865574,3229324282,0,0
140,part,19407,1148684680,1144333911,3217387923,3231643436,0,0
140,part,19408,1148381381,1144307051,3252442912,3238942209,0,0
140,part,19409,1148571371,1144258973,3240255392,3243557698,0,0
140,part,19410,1148039097,1144443413,3261826258,1080403816,0,0
140,part,19411,1148386961,1144268660,3252175021,3242627716,0,0
140,part,19412,1148626781,1144339805,3231869268,3233592850,1074702303,2147483648
140,part,19413,1148515269,1144369551,3245641112,3226149473,1077497462,2147483648
140,part,19414,1148374369,1144257066,3252001414,3242996947,0,0
140,part,19415,1148533630,1144183702,3243127384,3248030194,0,0
140,part,19416,1148748204,1144266225,1076299904,3247284523,0,0
140,part,19417,1148701732,1144275071,3216366369,3246882258,0,0
140,part,19418,1148657449,1144306482,3232574163,3244941234,0,0
140,part,19419,1148671121,1144261116,3230016591,3247788006,0,0
140,part,19420,1148756280,1144364941,1079633630,3239473156,0,0
140,part,19421,1148739005,1144374121,1072598058,3238614433,0,0
140,part,19422,1148698251,1144414556,3219625279,3231882813,0,0
140,part,19423,1148752984,1144403476,1078676179,3233999287,0,0
140,part,19424,1148883015,1144726370,1094128483,1092008684,0,0
140,part,19425,1148886389,1144679677,1094435366,1085005247,0,0
140,part,19426,1148932057,1144661885,1098982723,1081865367,0,0
140,part,19427,1148854678,1144737441,1091819901,1093325766,0,0
140,part,19428,1148865198,1144650028,1092803884,1077429179,0,0
140,part,19429,1148862872,1144662162,1092586330,1081969019,0,0
140,part,19430,1148809231,1144650431,1084849047,1077838469,0,0
140,part,19431,1148798421,1144659867,1082829615,1081525326,0,0
140,part,19432,1149170120,1144819321,3212781902,1099239873,0,0
140,part,19433,1149143102,1144813311,3226845903,1098966556,0,0
140,part,19434,1149121169,1144779538,3232532840,1096348054,0,0
140,part,19435,1149099304,1144800211,3236623253,1098281809,0,0
140,part,19436,1149190296,1144712076,1061572223,1089556433,0,0
140,part,19437,1149222573,1144746770,1080678586,1093282927,0,0
140,part,19438,1149118101,1144686184,3233358285,1084944929,0,0
140,part,19439,1149175537,1144708715,3205344721,1089249260,0,0
140,part,19440,1149196834,1144318848,1060341297,3244293501,0,0
140,part,19441,1149211000,1144332576,1073154374,3243044957,0,0
140,part,19442,1149205592,1144340539,1069568437,3242683001,0,0
140,part,19443,1149223471,1144288215,1078344908,3246984262,0,0
140,part,19444,1149262636,1144248611,1091224895,3248836477,0,0
140,part,19445,1149163599,1144418059,3222246546,3232861068,0,0
140,part,19446,1149158620,1144429733,3224405940,3230926012,0,0
140,part,19447,1149155156,1144432580,3225736366,3230379403,0,0
140,part,19448,1149241358,1144633060,1093532779,1078348897,0,0
140,part,19449,1149296849,1144634752,1101547397,1078998593,0,0
140,part,19450,1149267243,1144563706,1098502639,3226473402,0,0
140,part,19451,1149294894,1144293031,1090815138,3245441460,0,0
140,part,19452,1149273694,1144373236,1083398769,3238147146,0,0
140,part,19453,1149299484,1144315146,1091921261,3243824089,0,0
140,part,19454,1149304733,1144345781,1092903087,3240958507,0,0
140,part,19455,1149303578,1144212347,1092687202,3249915459,0,0
140,part,19456,1149347722,1144264770,1099926574,3247463691,0,0
140,part,19457,1149241672,1144431328,3212859216,3226559037,0,0
140,part,19458,1149267890,1144459178,1081283111,3208170845,0,0
140,part,19459,1149284857,1144689971,1092687198,1084809111,0,0
140,part,19460,1149284519,1144733738,1092625660,1091644416,0,0
140,part,19461,1149322779,1144711289,1099494923,1089112732,0,0
140,part,19462,1149319851,1144769432,1099221106,1095254411,0,0
140,part,19463,1149303344,1144786956,1096446332,1096893596,0,0
140,part,19464,1149285423,1144648727,1093093767,1071632388,0,0
140,part,19465,1149239731,1144688746,1075220129,1085131443,0,0
140,part,19466,1149258753,1144622584,1085942842,3206057480,0,0
140,part,19467,1149157397,1144500816,3249881443,3231855592,0,0
140,part,19468,1149266946,1144499962,3241215541,3232318301,0,0
140,part,19469,1149293323,1144530884,3234559395,3223452604,0,0
140,part,19470,1149390554,1144592666,1093333563,1077506728,0,0
140,part,19471,1149360547,1144575754,1085559915,1069308960,0,0
140,part,19472,1149352470,1144551111,1082537869,3208251300,0,0
140,part,19473,1149066365,1144683063,3233202836,1098470453,0,0
140,part,19474,1149069380,1144565327,3232980295,1085327970,0,0
140,part,19475,1149090428,1144525497,3228882472,1073840426,0,0
140,part,19476,1149255190,1144438173,3239786958,1100767695,0,0
140,part,19477,1149250714,1144307126,3240646594,1089575232,0,0
140,part,19478,1149290014,1144352648,3226784391,1094417270,0,0
140,part,19479,1149330588,1143719533,1099216144,3256526588,3195466992,3243662502
140,part,19480,1149393200,1143720057,1099516782,3256722474,3183155416,3238949781
140,part,19481,1149356412,1143583164,1101246168,3258949346,3195719314,3243780778
140,part,19482,1149395769,1143713395,1099282185,3258037198,3171437988,3236242858
140,part,19483,1149392407,1143631548,1101301189,3258237183,3193578584,3242777307
140,part,19484,1149352038,1143704614,1099815703,3256531737,3193858034,3242908300
140,part,19485,1149339325,1143805901,1096839350,3255833105,3196634313,3244479061
140,part,19486,1149886845,1144798946,1041165190,3176544536,0,0
140,part,19488,1148693433,1144217277,3231532533,3238516523,1026616765,3242672092
140,part,19489,1148521949,1144278542,3245833088,1073659744,1023410280,3228727122
140,part,19490,1148633598,1144311577,3237622981,1045899302,1019678548,3230045254
140,part,19491,1148630889,1144315958,3238333012,1065455648,1042166776,1080478634
140,part,19492,1148711354,1144316878,3211268736,1071145228,1029501590,3223016497
140,part,19494,1149562932,1144761381,3236914081,3211674989,0,0
140,part,19495,1149573751,1144763064,3234896850,3206503113,0,0
140,part,19496,1149582944,1144762733,3234128286,3207521957,0,0
140,part,19497,1149613540,1144762618,3229395469,3207875285,0,0
140,part,19499,1148433159,1144774988,1075385525,3216521866,0,0
140,part,19500,1148412022,1144791259,1069729338,3216695598,0,0
140,part,19501,1148397932,1144803677,1073251924,3222006062,0,0
140,part,19502,1148397881,1144800901,1073174469,1050443549,0,0
140,part,19503,1148390053,1144743077,1056929901,3215205556,0,0
140,part,19504,1148395082,1144731366,1068875096,3201989106,0,0
140,part,19505,1148385536,1144710971,3198683468,3214187418,0,0
140,part,19506,1148393789,1144698175,1066888950,3204515757,0,0
140,part,19507,1148385236,1144818297,1076329170,3223360537,0,0
140,part,19508,1148381352,1144815870,1072951560,1027501888,0,0
140,part,19509,1148372012,1144791022,1044918723,3217058412,0,0
140,part,19510,1148377127,1144777262,1066461405,3213029068,0,0
140,part,19511,1148361849,1144766834,3218417935,1032510948,0,0
140,part,19512,1148367220,1144743959,3207499534,3213850050,0,0
140,part,19513,1148373255,1144727511,1054385804,3213948886,0,0
140,part,19514,1148371982,1144711307,1044553904,3213672042,0,0
140,part,19515,1148372292,1144695416,1048365864,3212914896,0,0
140,part,19516,1148371448,1144679366,1035789067,3211967673,0,0
140,part,19517,1148365422,1144650912,3212930041,3189896310,0,0
140,part,19518,1148364071,1144817171,1071573072,1049738889,0,0
140,part,19519,1148348101,1144794641,3214368631,3210164187,0,0
140,part,19520,1148362493,1144765936,1069149958,3183865424,0,0
140,part,19521,1148351533,1144744647,3205358762,3212749877,0,0
140,part,19522,1148361323,1144717206,1067353035,3164572208,0,0
140,part,19523,1148357010,1144680664,1055241950,3207980075,0,0
140,part,19524,1148349034,1144668246,3212935642,1015108176,0,0
140,part,19525,1148353338,1144632401,3194302568,3205247287,0,0
140,part,19526,1148351122,1144617848,3206622549,3193536640,0,0
140,part,19527,1148356467,1144600774,1051905913,3199039468,0,0
140,part,19528,1148347030,1144832864,1070564001,1042412682,0,0
140,part,19529,1148346180,1144814522,1069258998,3192720968,0,0
140,part,19530,1148342366,1144794084,1061447366,3211873799,0,0
140,part,19531,1148330620,1144782972,3216053755,1018833024,0,0
140,part,19532,1148337211,1144744998,3191135270,3211671121,0,0
140,part,19533,1148332371,1144702580,3213365307,1050338435,0,0
140,part,19534,1148333390,1144683819,3210762334,3188185920,0,0
140,part,19535,1148333168,1144669476,3211444458,1047967662,0,0
140,part,19536,1148334330,1144620385,3207875847,1048648932,0,0
140,part,19537,1148334817,1144603517,3206378860,1042777156,0,0
140,part,19538,1148329450,1144831909,1068726868,3163025856,0,0
140,part,19539,1148318861,1144810496,3205064801,3211787405,0,0
140,part,19540,1148320320,1144794030,3196713375,3212040429,0,0
140,part,19541,1148328593,1144784208,1067410524,1048505722,0,0
140,part,19542,1148327862,1144751307,1066287909,1046874119,0,0
140,part,19543,1148321200,1144713784,3185447514,3206898237,0,0
140,part,19544,1148323819,1144682164,1052639442,3202293636,0,0
140,part,19545,1148317947,1144668044,3207870962,3165543232,0,0
140,part,19546,1148322289,1144649682,1035620551,3200539360,0,0
140,part,19547,1148324785,1144619618,1057771104,1038394872,0,0
140,part,19548,1148312774,1144880204,1068278318,3190929528,0,0
140,part,19549,1148305419,1144864768,989623296,0,0,0
140,part,19550,1148309049,1144843978,1059761335,3209595255,0,0
140,part,19551,1148306675,1144827053,1047367769,3211257191,0,0
140,part,19552,1148305424,1144815616,993661952,0,0,0
140,part,19553,1148310271,1144797160,1063515806,3200404232,0,0
140,part,19554,1148311175,1144783414,1065822325,1037326972,0,0
140,part,19555,1148308619,1144763728,1058439100,3204463484,0,0
140,part,19556,1148308690,1144731853,1058657143,3198991464,0,0
140,part,19557,1148305419,1144718007,990216192,0,0,0
140,part,19558,1148309259,1144685561,1060407747,1044297164,0,0
140,part,19559,1148308724,1144668563,1058763489,1033312012,0,0
140,part,19560,1148302817,1144651587,3203589898,3171777128,0,0
140,part,19561,1149392064,1144837386,3213296716,3221283041,0,0
140,part,19562,1149400207,1144794695,1073131654,3209997489,0,0
140,part,19563,1149408387,1144840933,1073096795,3215893002,0,0
140,part,19564,1149400789,1144821242,3210480283,3220972504,0,0
140,part,19565,1149399909,1144806334,3214362869,3218704706,0,0
140,part,19566,1149408962,1144797245,1074301909,3199881196,0,0
140,part,19567,1149405329,1144859439,3222050687,3212430079,0,0
140,part,19568,1149410694,1144821081,3194860915,3221219336,0,0
140,part,19569,1149417436,1144817130,1074735330,1049491732,0,0
140,part,19570,1149411374,1144789415,1015689399,3219527806,0,0
140,part,19571,1149244649,1144993429,3213170416,3227271268,0,0
140,part,19572,1149247499,1145024588,998857600,3208410462,0,0
140,part,19573,1148863632,1144901131,1078832824,3222658540,0,0
140,part,19574,1148731392,1144864797,0,1001344512,0,0
140,part,19709,1148770186,1144802440,1066744048,3234809353,3230496469,1114736411
140,part,19577,1148608101,1144530401,3249923220,1060617286,1031693727,1100918621
140,part,19578,1148664560,1144518342,3250293798,3199696820,985218019,1085100892
140,part,19579,1148561894,1144473996,3247852020,1063338906,3170614158,3220626072
140,part,19580,1148612320,1144598454,3244189490,3185788752,3160844606,3211654124
140,part,19581,1148726851,1144437917,1097253752,3213313152,3172408740,3222477105
140,part,19585,1149113157,1144833881,1063731042,1051746102,0,0
140,part,19586,1149110609,1144812349,1054840532,3206097115,0,0
140,part,19587,1149109084,1144795737,1042367136,3206797503,0,0
140,part,19588,1149161394,1144817287,1060919273,1050451515,0,0
140,part,19589,1149159925,1144780623,1055849372,3201342782,0,0
140,part,19590,1149162816,1144849375,1065287065,1043974572,0,0
140,part,19591,1150066688,1144817216,3101991108,1050018272,0,0
140,part,19592,1150058496,1144833583,3097402420,1049915149,0,0
140,part,19593,1150345219,1144801051,983859543,1051364816,0,0
140,part,19594,1150320642,1144768282,980332984,1051359771,0,0
140,part,19595,1150337026,1144801051,974820862,1051361827,0,0
140,part,19596,1148713510,1144663423,3184929856,3207165984,0,0
140,part,19597,1148713814,1144749219,3164269504,1101679934,0,0
140,part,19598,1148739384,1144664382,1079186660,3203993984,0,0
140,part,19599,1148713810,1144738534,3165877440,1100654159,0,0
140,part,19600,1148699467,1144763790,3223433810,3212873280,0,0
140,part,19601,1148713718,1144756837,3175225312,1102411272,0,0
140,part,19602,1148700779,1144675314,3222893819,1090005780,0,0
140,part,19603,1148698508,1144675089,3224638290,1089919404,0,0
140,part,19604,1148712836,1144335086,3246453724,3249507797,0,0
140,part,19605,1148776822,1144420483,3230458656,3234453074,0,0
140,part,19606,1148785800,1144431789,3224408379,3230111783,0,0
140,part,19607,1148752721,1144495895,1095617131,1060925356,0,0
140,part,19608,1148731348,1144541123,1091513585,1091586178,0,0
140,part,19609,1148694168,1144516652,1074331054,1083256321,0,0
140,part,19610,1148747798,1144847598,0,0,0,0
140,part,19611,1148747798,1144847598,0,0,0,0
140,part,19612,1148747798,1144847598,0,0,0,0
140,part,19613,1148747798,1144847598,0,0,0,0
140,part,19614,1148747798,1144847598,0,0,0,0
140,part,19615,1148747798,1144847598,0,0,0,0
140,part,19616,1148747798,1144847598,0,0,0,0
140,part,19617,1148747798,1144847598,0,0,0,0
140,part,19618,1148733529,1144343472,1100572733,1091844892,0,0
140,part,19619,1148704040,1144361576,1096576046,1095320822,0,0
140,part,19620,1148680158,1144297851,1091990565,1063860451,0,0
140,part,19621,1148712984,1144433370,3184896373,1096933006,0,0
140,part,19622,1148724546,1144417611,1073794850,1093907181,0,0
140,part,19623,1148681963,1144465472,3233356550,1101002058,0,0
140,part,19624,1148695991,1144451944,3226325240,1099703359,0,0
140,part,19625,1148696313,1144407511,3226077770,1091967984,0,0
140,part,19626,1148773118,1144442012,1093566695,1098592111,0,0
140,part,19627,1148721351,1144381770,1068940623,1083532224,0,0
140,part,19628,1148694640,1144391710,3227362721,1087349224,0,0
140,part,19629,1149132623,1144673472,3244034372,3243440487,0,0
140,part,19630,1149154422,1144691004,3239848792,3240074325,0,0
140,part,19631,1149122737,1144699475,3245932498,3238447839,0,0
140,part,19632,1149115405,1144663732,3246865740,3245310605,0,0
140,part,19633,1149075005,1144730893,3250744126,3224042842,0,0
140,part,19634,1149085854,1144711154,3249702682,3234408190,0,0
140,part,19635,1149169059,1144750384,3236074332,1063629316,0,0
140,part,19636,1149171307,1144744726,3235211332,3188594133,0,0
140,part,19637,1149061975,1144810764,3238896493,3235350524,0,0
140,part,19638,1149045033,1144804543,3242149463,3237739396,0,0
140,part,19639,1149021670,1144789736,3246513251,3240714035,0,0
140,part,19640,1149033111,1144771024,3244438381,3244306707,0,0
140,part,19641,1149073661,1144812606,3235302877,3234643246,0,0
140,part,19642,1149053514,1144791151,3240521133,3240442260,0,0
140,part,19643,1149078096,1144848574,3233599811,1044410300,0,0
140,part,19644,1149083252,1144821151,3231620087,3231362060,0,0
140,part,19645,1148988789,1144442643,3245347380,3233012253,1042035268,1086518606
140,part,19646,1149069300,1144533094,3243417705,3234695958,1049161832,1095749224
140,part,19647,1149028993,1144464105,3247122974,3246502671,1042135358,1086706276
140,part,19648,1149011482,1144404037,3246752228,3239457495,1035554634,1075290764
140,part,19649,1149030339,1144481051,3244133870,3236472272,1043777023,1089784410
140,part,19650,1149095659,1144448702,3243838478,3235044982,1049043710,1095527743
140,part,17042,1148727981,1144789697,1098170637,1059268790,1086307020,1115611074
140,part,19651,1146978304,1145077760,1055077375,3205362844,0,0
140,part,19652,1149878272,1144815616,1039302786,3192463909,0,0
140,part,19653,1149878272,1144832000,1033999125,3188289366,0,0
140,part,19654,1149837312,1144799232,3187769154,3201653357,0,0
140,part,19655,1149837312,1144782848,1058588607,3201648909,0,0
140,part,19656,1149837312,1144766464,3206689261,3197457334,0,0
140,part,19658,1149337600,1144832000,3207797487,3202183712,0,0
140,part,19659,1149337600,1144815616,3193204657,3208818111,0,0
140,part,19660,1149337600,1144799232,3208626402,3182464454,0,0
140,part,19661,1149345792,1144832000,1056727331,3206842704,0,0
140,part,19662,1149665280,1144750080,3233309699,3206766886,0,0
140,part,19663,1149665280,1144733696,1062814974,3221962466,0,0
140,part,19664,1149665280,1144717312,1074563989,3202161738,0,0
140,part,19665,1149665280,1144700928,1041413044,3221795783,0,0
140,part,19666,1149673472,1144733696,1074120513,3208981569,0,0
140,part,19667,1149673472,1144700928,1064620400,3219583458,0,0
140,part,19668,1149665280,1144766464,3198005619,3223749093,0,0
140,part,19669,1149681664,1144766464,1073084021,3214833562,0,0
140,part,19670,1149681664,1144733696,3210461560,3220482846,0,0
140,part,19671,1149689856,1144766464,1072547242,3212457878,0,0
140,part,19672,1149689856,1144750080,3221264006,3184072790,0,0
140,part,19673,1149689856,1144733696,3219419759,3208122350,0,0
140,part,19674,1149689856,1144717312,3201623721,3219455259,0,0
140,part,19675,1149689856,1144700928,3204462258,3218507324,0,0
140,part,19676,1149698048,1144750080,3219665841,3177788633,0,0
140,part,19677,1149698048,1144717312,1058498256,3217433994,0,0
140,part,19678,1149698048,1144700928,1068757652,3208093013,0,0
140,part,19679,1149706240,1144733696,1043456956,3218600039,0,0
140,part,19680,1149747200,1144782848,3217513073,3212111394,0,0
140,part,19681,1149763584,1144799232,1062600003,3217654567,0,0
140,part,19682,1149763584,1144782848,3212146191,3216307326,0,0
140,part,19683,1149108224,1144848384,1063036796,3193142170,0,0
140,part,19684,1148747776,1144668160,1067310249,3122436362,0,0
140,part,19685,1148747776,1144651776,993140908,3215965950,0,0
140,part,19686,1148747776,1144635392,1067588460,3199649069,0,0
140,part,19687,1148747776,1144619008,1064163388,3210304328,0,0
140,part,19688,1148731392,1144651776,1059923649,1043128184,0,0
140,part,19689,1150066688,1144832000,3098085488,3171054454,0,0
140,part,19690,1150050304,1144848384,3100769960,3170539266,0,0
140,part,19691,1150042112,1144848384,3099201066,3174178046,0,0
140,part,19692,1150058496,1144848384,3102542608,3172190667,0,0
140,part,19693,1150328832,1144799232,970077781,3103451922,0,0
140,part,19694,1148929233,1144511309,1121421491,3249564110,0,0
140,part,19695,1148614523,1144580321,3239203443,3220626796,1046984256,1084414700
140,part,19696,1148966999,1144501810,3168527382,1045915231,0,1114636288
140,part,19697,1148964741,1144492004,1033637973,1048733244,0,1114636288
140,part,19698,1150039008,1144782436,3231373870,3243950660,0,0
140,part,19699,1150039008,1144782436,1071693728,3246809137,0,0
140,part,19700,1150039008,1144782436,3205772100,3249929169,0,0
140,part,19701,1148718399,1144625115,3231163691,3247617034,0,0
140,part,19702,1148718399,1144625115,1074945282,3249088698,0,0
140,part,19703,1148718399,1144625115,3230740341,3245933774,0,0
140,part,19704,1148718399,1144625115,3229963018,3245870668,0,0
140,part,19705,1148718399,1144625115,3205381389,3241647914,0,0
141,part,17037,1148796950,1144880366,1020496678,1042452632,0,3215100963
141,part,17042,1148732867,1144784033,1055901544,3206266942,1086894403,1092374852
141,part,17052,1149248686,1144787257,1044633553,1063205948,3184067444,3221827499
141,part,17057,1149159473,1144880316,1029432738,1035109361,0,3215656640
141,part,17061,1149332080,1144492401,1080982771,3219683886,3196484910,3210364684
141,part,17067,1149975480,1144767838,3132420663,1069166052,3190149916,3226799300
141,part,17653,1156028086,1143528511,3227231328,1094714186,0,0
141,part,17654,1152048199,1145927278,3204808555,3180143200,1048863429,0
141,part,17655,1158134103,1131260140,1108492846,3226340320,1060432521,0
141,part,17878,1154420122,1141586388,0,0,0,0
141,part,17892,1147413017,1145028284,3153189496,3176677360,1084053852,1085616791
141,part,19753,1148684097,1144750700,3243093700,3243523254,0,0
141,part,17937,1150907799,1144815259,0,1051372158,1082698801,1086178793
141,part,17943,1136213132,1143352542,1058218342,1087806588,0,0
141,part,17944,1151707330,1145194580,1091685725,1093220297,1082569332,1086362963
141,part,17948,1149766677,1144784097,3120201752,1050563148,0,0
141,part,17951,1152392092,1143700269,0,0,0,0
141,part,17952,1146961998,1145080230,3219439180,3186904584,1079863373,1084232492
141,part,17956,1153730187,1143389223,3215363996,1047294588,0,0
141,part,17957,1154414072,1143262801,1029618304,1095600664,0,0
141,part,17958,1152767485,1143421907,0,0,0,0
141,part,17959,1146209240,1145171868,3221374800,3190500932,1079657532,1084439264
141,part,17962,1154413250,1143145128,1027972096,1095031322,0,0
141,part,17963,1154169680,1143273728,3223429346,1095724279,0,0
141,part,17965,1147711894,1144643067,3237536681,1087838708,1079336665,1085414400
141,part,17978,1153828476,1142917287,3234326440,1095496871,0,0
141,part,17981,1153715220,1142915306,3237069335,1095485690,0,0
141,part,17982,1154292336,1142186873,3215679704,1091557206,0,0
141,part,17983,1154271834,1142223665,3217533285,1091857496,0,0
141,part,17993,1155545021,1141050161,1097616440,1040810416,0,0
141,part,17994,1146943382,1145088099,3222655798,3188600068,1082121512,1087861682
141,part,17999,1151497648,1144361807,1088404161,1082908471,1081064110,1087857566
141,part,18005,1153947226,1142920954,3232822765,1094261662,0,0
141,part,18006,1153725258,1142946249,3238359120,1094423547,0,0
141,part,18007,1154074160,1142801599,3229992969,1093497785,0,0
141,part,18008,1154095072,1142785296,3229667487,1093393446,0,0
141,part,18012,1150546264,1144749126,0,0,0,0
141,part,19761,1148592970,1144443312,3246441859,1067615192,3200847902,3215237620
141,part,18016,1150220446,1144811759,0,1059676882,0,0
141,part,18017,1150303261,1144755335,0,3149866496,0,0
141,part,18018,1150210458,1144815256,0,3139652352,0,0
141,part,18019,1150255312,1144781482,0,1075126020,0,0
141,part,19760,1148519883,1144448506,3238243419,1062667382,3200847902,3223288157
141,part,18023,1150302650,1144753779,0,3149866496,0,0
141,part,18025,1150302537,1144754371,0,3149866496,0,0
141,part,18026,1150301248,1144755371,0,3149866496,0,0
141,part,19752,1148684097,1144750700,3235027235,3237599792,0,0
141,part,18029,1150260861,1144795998,0,1076531018,0,0
141,part,18030,1150301209,1144755087,0,3149866496,0,0
141,part,18031,1150300439,1144754191,0,3149866496,0,0
141,part,18032,1150294686,1144766581,0,1075139887,0,0
141,part,18034,1150206436,1144814957,0,3139652352,0,0
141,part,18036,1150209302,1144810496,0,1051204390,0,0
141,part,18041,1150224054,1144798576,0,3139652352,0,0
141,part,18049,1150283640,1144784436,0,1075139887,0,0
141,part,18051,1150278778,1144784577,0,1075139887,0,0
141,part,18052,1151557079,1144602496,3239492457,1092880505,0,0
141,part,18053,1151704732,1144613565,3237289324,1092953791,0,0
141,part,18054,1151770779,1144595987,3235756476,1092837405,0,0
141,part,18055,1151650414,1144624615,3238581887,1093026956,0,0
141,part,18056,1152138455,1144165268,3222859259,1089669395,0,0
141,part,18057,1152384376,1143716450,0,0,0,0
141,part,18067,1150629124,1144446674,1091127681,1083607066,1075965706,1085313658
141,part,18071,1150394375,1144765672,0,0,0,0
141,part,18072,1150204808,1144811132,0,1051204390,0,0
141,part,18073,1150184318,1144814626,0,3139652352,0,0
141,part,18075,1151253272,1144360152,1090941658,1082868680,1076208586,1085948224
141,part,18083,1150152449,1144831334,0,0,0,0
141,part,18087,1149890138,1144794588,3186328088,1067147914,0,0
141,part,18088,1150496036,1144753134,1099859106,1089100654,0,0
141,part,18089,1150056325,1144381322,1094316465,1083609233,0,0
141,part,18091,1151983347,1144220736,3238174593,1092074058,0,0
141,part,19751,1148684097,1144750700,3247262620,3229301192,0,0
141,part,18095,1150134276,1144848377,0,0,0,0
141,part,18097,1150132939,1144847439,0,0,0,0
141,part,19750,1148684097,1144750700,3245321539,3240903426,0,0
141,part,18111,1152758716,1143405386,0,0,0,0
141,part,18114,1152769139,1143405181,0,0,0,0
141,part,18117,1150153548,1144831417,0,0,0,0
141,part,18120,1150125437,1144847799,0,0,0,0
141,part,18121,1153365637,1143209038,3171301884,3159769984,0,0
141,part,18122,1147666880,1144472278,3238837646,1082444308,1074671208,1084544839
141,part,18125,1150124050,1144846677,0,0,0,0
141,part,18129,1150131617,1144848182,0,0,0,0
141,part,19749,1148684097,1144750700,3246818098,3242681578,0,0
141,part,18131,1150058486,1144864759,0,3126490112,0,0
141,part,18137,1146833761,1144590989,3238950037,1078898446,1076351334,1088284577
141,part,18140,1149656234,1144783556,3200953920,1076981914,0,0
141,part,18142,1149705812,1144719646,1090559164,1083124009,0,0
141,part,18143,1147444434,1144098726,3244563475,3207709473,0,0
141,part,18144,1149073753,1144726683,0,1065353149,0,0
141,part,18145,1149120531,1144773556,3170987648,1062175717,0,0
141,part,18147,1147897788,1144144285,3240606866,3198247542,1075886344,2147483648
141,part,18148,1149137906,1144650052,1061400160,1070008012,1077715405,2147483648
141,part,18151,1150225068,1144193162,1099193102,1071682012,0,0
141,part,18152,1150154469,1144392101,1098246056,1079656726,0,0
141,part,18153,1150234752,1144797633,0,1065353149,0,0
141,part,18154,1150115840,1144863613,0,0,0,0
141,part,18155,1147084810,1145087119,3204925408,3169792000,0,0
141,part,18156,1147931873,1144859338,3225299579,1086025717,0,0
141,part,18158,1148409028,1144245692,3237268328,1067945712,1074394441,1087551158
141,part,18163,1137452420,1143424584,1087046066,1089221726,0,0
141,part,18164,1150001152,1144787010,0,1073734802,0,0
141,part,18168,1149966489,1144799499,3202372051,1081466468,1087767707,3226137650
141,part,18169,1149881636,1144864359,3193981426,1060147902,1090786332,1071869721
141,part,18171,1149992245,1144744354,3167933696,1073684316,1088358303,3222407451
141,part,18173,1149723361,1144823733,1033699841,1064977700,1092831018,1090381988
141,part,18174,1149851499,1144810046,3194504561,1054659204,1092918009,1072012825
141,part,18183,1149945958,1144758964,1013900343,1064906853,0,0
141,part,18184,1149812717,1144781904,3085602714,3134742016,0,0
141,part,18185,1150042112,1144863625,0,3126490112,0,0
141,part,18187,1150418722,1144781529,0,0,0,0
141,part,18196,1150279181,1144767349,1084636129,1079239126,0,0
141,part,18197,1149992992,1144788070,0,1073720916,0,0
141,part,18201,1154007596,1141929474,1121152750,3250968611,0,0
141,part,18202,1147773735,1144670015,3239195876,1081055062,1071510798,1084329114
141,part,18204,1149055448,1144489470,3247737747,1082973590,0,0
141,part,18205,1149713246,1144734382,982629584,1050997772,0,0
141,part,18206,1149642820,1144623835,3237782804,1086008726,0,0
141,part,18207,1150124032,1144847318,0,0,0,0
141,part,18208,1150001159,1144787049,0,1073734802,0,0
141,part,18212,1150051498,1144864170,0,3126490112,0,0
141,part,18213,1150047224,1144864585,0,3126490112,0,0
141,part,18214,1150054030,1144863548,0,3126490112,0,0
141,part,18216,1150039870,1144863268,0,0,0,0
141,part,18217,1150045448,1144864577,0,3126490112,0,0
141,part,18219,1150036098,1144863171,0,0,0,0
141,part,18222,1150025736,1144851427,0,1065283489,0,0
141,part,18224,1151211388,1144133585,1089278702,3215890040,1073006339,1087934825
141,part,18226,1150124032,1144846752,0,0,0,0
141,part,18228,1150419454,1144798984,0,0,0,0
141,part,18229,1150402827,1144781589,0,0,0,0
141,part,18230,1150116152,1144847152,0,0,0,0
141,part,18231,1150419256,1144798145,0,0,0,0
141,part,18232,1154149962,1141807837,3237652574,1087911490,0,0
141,part,18233,1149995177,1144793801,0,1075114160,0,0
141,part,18234,1149971582,1144792196,1017001940,1070944172,0,0
141,part,18235,1150586892,1144726565,3163874560,0,0,0
141,part,18236,1150344384,1144571277,1058996026,1069903012,0,0
141,part,18237,1150328443,1144741623,3153192960,1082130367,0,0
141,part,18238,1150515952,1144737969,1084905255,1080067961,0,0
141,part,18239,1150261292,1144598021,3215674009,1072837314,0,0
141,part,18240,1150572199,1144682333,3166491648,1065353149,0,0
141,part,18241,1150247948,1144612821,3216803025,1074101442,0,0
141,part,18242,1150382894,1144643207,1073981662,1076667164,0,0
141,part,18243,1150343162,1144578063,1065502200,1074891019,0,0
141,part,18244,1150224120,1144643799,3221628306,1079395935,0,0
141,part,18245,1150220046,1144665121,3222076583,1081464363,0,0
141,part,18246,1150219304,1144698691,3222156708,1083167568,0,0
141,part,18248,1150279700,1144794682,0,1076537983,0,0
141,part,18249,1150160344,1144787802,0,3153406976,0,0
141,part,18250,1149965255,1144701160,3205284897,1071833418,0,0
141,part,18251,1150011702,1144720722,1065178450,1073943240,0,0
141,part,18252,1150000145,1144703833,1059713342,1073913424,0,0
141,part,18253,1150034034,1144819191,1072477793,1079760531,0,0
141,part,18254,1150037284,1144842505,1073245930,1082105812,0,0
141,part,18255,1150083216,1144830717,0,0,0,0
141,part,18256,1150081812,1144845819,0,1059760766,0,0
141,part,18258,1154935979,1141274660,0,1051205210,0,0
141,part,19748,1148684097,1144750700,3245630167,3237419594,0,0
141,part,18260,1155107309,1141217820,3152438784,0,0,0
141,part,18261,1154962068,1141134060,3220007092,1072963654,0,0
141,part,18262,1154802633,1141379961,1016841472,3160108032,0,0
141,part,18263,1155041132,1141112316,1050525777,1065986130,0,0
141,part,18264,1154992388,1141112364,3214344582,1070186590,0,0
141,part,18265,1155028508,1141086270,3181277084,1068943684,0,0
141,part,18266,1154990870,1141239824,0,1051177054,0,0
141,part,18267,1154981020,1141143506,3219349824,1072075542,0,0
141,part,18268,1155024634,1141189867,0,1051148462,0,0
141,part,18269,1155109936,1141212661,3151248384,1051067670,0,0
141,part,18270,1154967828,1141211388,3223024650,1078301770,0,0
141,part,18271,1155070776,1141099017,1060534635,1070575482,0,0
141,part,18272,1149977652,1144769376,1057513587,1075326287,0,0
141,part,18273,1149988060,1144808656,1066195279,1077840143,0,0
141,part,18274,1149996412,1144827466,1068333865,1080092639,0,0
141,part,18275,1149957308,1144766055,0,3126418944,0,0
141,part,18276,1149943815,1144762526,0,3146233600,0,0
141,part,18278,1150025728,1144775440,952362678,1082005868,0,0
141,part,18280,1150250373,1144438467,1091041220,1069569434,1068296991,1087599739
141,part,18281,1150025728,1144770140,3092984702,1080607685,0,0
141,part,18283,1150891313,1144167234,1091088590,3215537016,1065885202,1086702286
141,part,18284,1150465833,1144341411,3189367449,3209401093,0,1114636288
141,part,18286,1152856548,1143390790,3240448324,1082572212,0,0
141,part,18287,1153202198,1143203016,1075107738,1068477244,0,0
141,part,18288,1152940612,1143363181,3237695885,1082141190,0,0
141,part,18289,1152895574,1143383547,3239893477,1082923251,0,0
141,part,19747,1150000951,1144711992,3248622907,1091191012,0,0
141,part,18291,1152931466,1143394728,3238829614,1083352588,0,0
141,part,18292,1153205426,1143151547,1067401543,1054615630,0,0
141,part,18293,1153187566,1143131575,1058471727,1052410262,0,0
141,part,18294,1153116676,1143157134,3221251556,1068979468,0,0
141,part,18295,1153195228,1143131647,1058146540,1052453998,0,0
141,part,18296,1153103998,1143232295,3224457249,1075874770,0,0
141,part,18298,1153219250,1143132797,1066615224,1060096110,0,0
141,part,18299,1153261340,1143213898,0,3152087552,0,0
141,part,18300,1153202270,1143104229,1057441030,1061386142,0,0
141,part,18301,1153162742,1143153145,3214676010,1055596990,0,0
141,part,18302,1153131512,1143193493,3222747595,1069531074,0,0
141,part,18303,1153262821,1143215000,0,3150417920,0,0
141,part,18304,1153132242,1143182023,3222634791,1074530397,0,0
141,part,18305,1153206422,1143094817,1052959650,1063528262,0,0
141,part,18306,1153240154,1143156443,1068002122,1057293879,0,0
141,part,18307,1153270814,1143197077,1075581834,1072598140,0,0
141,part,18308,1153155044,1143149790,3219555961,1067851366,0,0
141,part,18309,1153212564,1143104195,1050432236,1061375942,0,0
141,part,18310,1153137084,1143226272,3223149741,1079187061,0,0
141,part,18311,1153193664,1143086342,3200647560,1065655502,0,0
141,part,18312,1153262804,1143225654,0,3139634944,0,0
141,part,18313,1153285896,1143209161,1076640450,1074098050,0,0
141,part,18314,1153137146,1143224213,3224399136,1076512354,0,0
141,part,18315,1153222616,1143088792,1052720802,1061677290,0,0
141,part,18316,1153240876,1143082121,1065707267,1067523738,0,0
141,part,18317,1153171058,1143164129,3219670971,1064688214,0,0
141,part,18318,1153231878,1143113113,1054036829,1059082511,0,0
141,part,18319,1153301650,1143222811,0,3149480960,0,0
141,part,18320,1153230410,1143097382,1030817332,1064316266,0,0
141,part,18321,1153191110,1143112968,3216027225,1069745342,0,0
141,part,18322,1153213362,1143150697,3210577385,1060561890,0,0
141,part,18323,1153278142,1143141623,1069606080,1069113462,0,0
141,part,18324,1153274212,1143110443,1068399206,1071873884,0,0
141,part,18325,1153194432,1143114713,3217524148,1074394186,0,0
141,part,18326,1153201996,1143241744,0,1065256413,0,0
141,part,18327,1153181164,1143225968,3222671004,1075388872,0,0
141,part,18328,1153203784,1143158187,3217165268,1069141182,0,0
141,part,18329,1153294374,1143165895,1072075800,1072841582,0,0
141,part,18330,1153219504,1143119767,3211839806,1068273206,0,0
141,part,18331,1153299584,1143177849,1073676190,1076726510,0,0
141,part,18332,1153248804,1143087687,1040696797,1068378780,0,0
141,part,18333,1153252134,1143067685,1048723613,1070339508,0,0
141,part,18334,1153276064,1143080841,1066452488,1074309300,0,0
141,part,18335,1153204244,1143111213,3217024938,1077900269,0,0
141,part,18336,1153240926,1143159029,3202974589,1063121386,0,0
141,part,18337,1153261296,1143147027,1049914588,1064467530,0,0
141,part,18338,1153287956,1143156150,1067586509,1068828368,0,0
141,part,18339,1153199206,1143207315,3221090643,1078989430,0,0
141,part,18340,1153217036,1143122808,3215611329,1073757567,0,0
141,part,18341,1153213036,1143119893,3216842241,1076050257,0,0
141,part,18342,1153249066,1143061092,3189880824,1071843428,0,0
141,part,18343,1153262358,1143164119,1022235653,1064685298,0,0
141,part,18344,1153203438,1143233634,3221766428,1075977520,0,0
141,part,18345,1153205538,1143221497,3221443795,1076303730,0,0
141,part,18346,1153232108,1143090663,3213497111,1075063756,0,0
141,part,18347,1153314163,1143200443,3147042560,0,0,0
141,part,18348,1153245540,1143152845,3210939302,1068320676,0,0
141,part,18349,1153283160,1143123877,1056648078,1068904474,0,0
141,part,18350,1153315620,1143185707,3147360256,3154247168,0,0
141,part,18351,1153313382,1143186102,1067848595,1068395784,0,0
141,part,18352,1153230718,1143215802,1001470976,1051175614,0,0
141,part,18354,1153229804,1143211915,0,3151870976,0,0
141,part,18355,1153231374,1143219351,3221250189,1077397282,0,0
141,part,18356,1153277386,1143170599,3206474297,1066014574,0,0
141,part,18357,1153313546,1143161138,1060376261,1067078002,0,0
141,part,18358,1153238536,1143221310,0,3154402048,0,0
141,part,18359,1153244186,1143192589,3219853055,1076600169,0,0
141,part,18360,1153256106,1143145655,3216192124,1074253921,0,0
141,part,18361,1149861888,1144781517,0,1051316552,0,0
141,part,18364,1149480274,1144440885,1088382284,1049471344,0,0
141,part,18365,1149493084,1144595003,1089366369,1078349973,0,0
141,part,18366,1149768234,1144087865,1099708049,3234201270,0,0
141,part,18367,1149088341,1144684522,1061408576,1073452654,0,0
141,part,18368,1148121448,1144229642,3249429192,3229651064,0,0
141,part,18369,1148768199,1144560195,3240049470,1073888602,0,0
141,part,18370,1147159118,1144325804,3256723780,3222302804,0,0
141,part,18371,1148132288,1144208502,3249325186,3230462837,1077086925,2147483648
141,part,18372,1149040645,1144662165,1049638238,1065031912,1079483329,2147483648
141,part,18376,1147409842,1145022621,1038666492,1046547996,0,0
141,part,18377,1149095125,1144867165,1032368444,1076742571,0,0
141,part,18378,1153315263,1143186410,1057271275,1066922272,0,0
141,part,19759,1148544963,1144387959,3229554932,1063890718,3200847902,3227878016
141,part,18380,1153336269,1143172407,1068480449,1074729584,0,0
141,part,18381,1153298264,1143176054,3204565168,1067951092,0,0
141,part,18382,1153283648,1143168580,3213690247,1072267846,0,0
141,part,18383,1153297103,1143139646,3205353359,1070125932,0,0
141,part,18384,1153300424,1143124967,3201723668,1070417050,0,0
141,part,18385,1153359187,1143205994,0,3150946304,0,0
141,part,18386,1153285486,1143172878,3215857324,1074769725,0,0
141,part,18387,1153311201,1143178239,3206916184,1068324128,0,0
141,part,18388,1153290368,1143217187,0,3152322048,0,0
141,part,18389,1153357353,1143174504,1067288359,1073278992,0,0
141,part,18390,1153299402,1143157871,3213903100,1073236368,0,0
141,part,18391,1153358055,1143155992,1067530429,1074726916,0,0
141,part,18392,1153302201,1143129734,3212949023,1073884309,0,0
141,part,18393,1153367570,1143191495,1067980165,1073382598,0,0
141,part,18394,1153323578,1143151092,3203664504,1069283278,0,0
141,part,18395,1153366229,1143167128,1067521880,1074279095,0,0
141,part,18396,1153367137,1143192177,3140579328,0,0,0
141,part,18397,1153358167,1143166214,1058598496,1069067958,0,0
141,part,18398,1153333336,1143150630,3201531071,1069204342,0,0
141,part,18399,1153307893,1143189845,3216597146,1077615660,0,0
141,part,18400,1153366993,1143144895,3137557248,1051372158,0,0
141,part,18401,1153362849,1143138976,1055439914,1070011602,0,0
141,part,18402,1153367808,1143046009,1059588616,1075128338,0,0
141,part,18403,1153335651,1143034577,3207004600,1075550958,0,0
141,part,18404,1153351790,1143176568,3198705716,1068038836,0,0
141,part,18405,1153367162,1143150635,1050138719,1069205178,0,0
141,part,18406,1153327306,1143187499,997479936,3152700416,0,0
141,part,18407,1153341269,1143063284,3208757828,1075204426,0,0
141,part,18408,1153367090,1143036503,3138459648,1070945566,0,0
141,part,18411,1148927688,1144644227,1080677164,1090638945,0,0
141,part,18412,1149244127,1144784601,3207956000,1082328040,0,0
141,part,18413,1149001848,1144542264,1084567930,1086408441,0,0
141,part,18415,1150218036,1144772034,1086897546,1068739856,1061713800,1086648336
141,part,18416,1149851378,1144785190,3210071168,1063756886,0,1114636288
141,part,18418,1150083872,1144845815,0,1059760766,0,0
141,part,18419,1149093928,1144861123,1027827611,1074615198,0,0
141,part,18420,1149095640,1144877859,1035079886,1074649055,0,0
141,part,18421,1149912155,1144799117,3148447744,3137320960,0,0
141,part,18422,1149882920,1144787191,1091397592,1080100713,0,0
141,part,18423,1149889936,1144789196,1092127626,1080293151,0,0
141,part,18424,1149861708,1144783652,1075313200,1064559880,0,0
141,part,18425,1151580047,1143866692,1121605994,3240921076,0,0
141,part,18426,1148434467,1144340820,3238896691,3211109649,1064653808,1086767261
141,part,18427,1149184108,1144361332,1041127563,3206212459,0,1114636288
141,part,19746,1150000951,1144711992,3242192491,3205431218,0,0
141,part,18429,1150636542,1144553116,1090040687,3224078436,1064826996,1086121034
141,part,18430,1150288101,1144787963,0,3192704152,0,1114636288
141,part,18432,1150083676,1144830925,0,0,0,0
141,part,19745,1150000951,1144711992,3250694393,3228772458,0,0
141,part,18435,1149076380,1144870531,0,1065353149,0,0
141,part,18436,1149080265,1144874818,1040246202,1074245303,0,0
141,part,18437,1149084206,1144864186,1047158172,1074876344,0,0
141,part,18438,1149083590,1144847171,1046073481,1074807144,0,0
141,part,18439,1149075463,1144805450,959652352,1073741758,0,0
141,part,18440,1149075463,1144789079,952691200,1073741758,0,0
141,part,18441,1149721736,1144814165,0,0,0,0
141,part,18442,1150312253,1144782793,0,1059704842,0,0
141,part,18443,1150346293,1144763446,3154006528,1059760766,0,0
141,part,18444,1150262748,1144723562,3223742114,1060905662,0,0
141,part,18445,1150344872,1144647826,1071194932,1055894574,0,0
141,part,18446,1150340105,1144630092,1069101103,1054709254,0,0
141,part,18447,1150312148,1144782793,0,1059704842,0,0
141,part,18448,1150322428,1144685061,1064527418,3207816629,0,0
141,part,18449,1150255704,1144720320,3223490359,1059482919,0,0
141,part,18450,1150274947,1144642816,3217310609,1051497198,0,0
141,part,18451,1150349070,1144686083,1075186771,1072881218,0,0
141,part,18452,1150312057,1144781747,0,1051232350,0,0
141,part,18453,1150339702,1144716729,1074928300,1040361136,0,0
141,part,18454,1150240442,1144767701,3225041552,1075075935,0,0
141,part,18455,1150298920,1144645868,1041815796,3202443716,0,0
141,part,18456,1150345757,1144764551,3163631616,1065353149,0,0
141,part,18457,1150235491,1144748220,3224330073,1064537038,0,0
141,part,18458,1150320870,1144683369,1071446455,1038456768,0,0
141,part,18459,1150319590,1144781203,0,1051288272,0,0
141,part,18460,1150241159,1144734570,3221289882,1042919168,0,0
141,part,18461,1150333447,1144787082,1077150975,1073472430,0,0
141,part,18462,1150254676,1144682836,3215421448,1036586528,0,0
141,part,18463,1150309468,1144779082,0,1051254982,0,0
141,part,18464,1150263543,1144697989,3201623251,3199837516,0,0
141,part,18465,1150252119,1144681308,3212948725,1030643840,0,0
141,part,18466,1150311498,1144777626,1075930218,1067802458,0,0
141,part,18467,1150265991,1144701243,1041270548,3196982070,0,0
141,part,18468,1150283470,1144787369,3151308288,1059696040,0,0
141,part,18469,1150213809,1144739078,3218975575,1060524806,0,0
141,part,18470,1150284082,1144739969,1073276815,1066729684,0,0
141,part,18471,1150176178,1144805501,3222966029,1073830464,0,0
141,part,18472,1150177907,1144793124,3222586026,1074270050,0,0
141,part,18473,1150176939,1144779189,3220776346,1063747414,0,0
141,part,18474,1150174790,1144766523,3221472419,1072556456,0,0
141,part,18475,1150242814,1144778699,1073141834,1063532510,0,0
141,part,18476,1150235448,1144781440,1073504652,1064735338,0,0
141,part,18477,1150233565,1144766350,1072678235,1065303278,0,0
141,part,18478,1150196428,1144743326,1052225785,3171584944,0,0
141,part,18479,1150141973,1144787795,3221483410,1066438726,0,0
141,part,18480,1150345230,1144768277,977759738,1075139137,0,0
141,part,18481,1150116204,1144847302,0,0,0,0
141,part,18483,1150862492,1144738388,0,1051372158,0,0
141,part,18485,1150886174,1144766268,1057257432,1068099201,0,0
141,part,18486,1150875842,1144745534,3186074180,1066985670,0,0
141,part,18487,1149730816,1144812623,0,1051260310,0,0
141,part,18488,1149714432,1144812141,0,1051260310,0,0
141,part,18493,1148951096,1144325593,1091142300,1073967669,1043650854,1077954052
141,part,18494,1148665716,1144389305,3244655947,1074949509,3202408820,3226065900
141,part,18495,1148729364,1144378043,3242619229,1073273920,994955264,1067614573
141,part,18496,1148939808,1144358506,3236433377,1069058756,1042854954,1077456612
141,part,18498,1150088164,1144789683,3207620504,1073917611,0,0
141,part,18499,1150098126,1144762488,3205810664,3197334606,0,0
141,part,18500,1150078140,1144776223,3219557642,1059164923,0,0
141,part,18501,1150070224,1144787874,3219416600,1056519038,0,0
141,part,18502,1150084618,1144753866,3211253290,3176234032,0,0
141,part,18503,1150134490,1144799229,1074321407,1072342818,0,0
141,part,18504,1150028930,1144829195,3222503403,1071625480,0,0
141,part,18505,1150030922,1144807490,3221992259,1070263584,0,0
141,part,18506,1149988226,1144806637,3219456391,1057959735,0,0
141,part,18507,1150053602,1144836925,1074586071,1073604588,0,0
141,part,18508,1150010342,1144661602,3202409983,1059199003,0,0
141,part,18509,1150019660,1144646304,1040494330,1059755035,0,0
141,part,18510,1150019852,1144633114,1041293521,1061390838,0,0
141,part,18511,1149992556,1144803126,3213043721,3175347504,0,0
141,part,18512,1149976140,1144826251,3221336464,1066677676,0,0
141,part,18513,1149983340,1144792444,3217761139,1059081263,0,0
141,part,18514,1150026096,1144751902,1065543184,1053237430,0,0
141,part,18515,1150035780,1144752646,1070499521,1068806324,0,0
141,part,18516,1149988476,1144693213,3215133716,1070368732,0,0
141,part,18517,1150026886,1144815955,1070140909,1051718878,0,0
141,part,18518,1149971170,1144814571,3219799457,1062021836,0,0
141,part,18519,1149998446,1144769110,3190369512,3182427608,0,0
141,part,18520,1150009270,1144757672,1056807506,1032139232,0,0
141,part,18521,1149971902,1144783190,3219425790,1068236982,0,0
141,part,18522,1150024444,1144751760,1068891668,1063416882,0,0
141,part,18523,1150029650,1144856980,1074745320,1070350114,0,0
141,part,18524,1149973826,1144793500,3214244838,1042430416,0,0
141,part,18525,1150026878,1144829112,1074036351,1071604558,0,0
141,part,18526,1149970454,1144773845,3215970177,1057947611,0,0
141,part,18527,1149972618,1144778938,999867136,1051261206,0,0
141,part,18528,1150009958,1144740051,1065666602,1057421887,0,0
141,part,18529,1149979320,1144796948,3198832744,3195143788,0,0
141,part,18530,1150019940,1144844219,1074357290,1071277604,0,0
141,part,18531,1150004256,1144769276,1066942165,1054251558,0,0
141,part,18532,1149969312,1144751249,3211885666,1052569318,0,0
141,part,18533,1149960915,1144775656,999238912,0,0,0
141,part,18534,1149964788,1144842013,1001502208,1065353149,0,0
141,part,18535,1149971668,1144783991,3197727468,3188126700,0,0
141,part,18536,1149999100,1144787223,1068495706,1055852198,0,0
141,part,18537,1149985558,1144759227,1057776499,1038508544,0,0
141,part,18538,1149962812,1144769453,998899968,1059739079,0,0
141,part,18539,1149997546,1144747854,1067701827,1061417328,0,0
141,part,18540,1150345234,1144771918,983434652,1073739940,0,0
141,part,18541,1150320644,1144766408,0,1059704846,0,0
141,part,18542,1149597417,1144524674,1103058004,1057665266,0,0
141,part,18543,1147655362,1144477249,3237364862,3225493762,1056731806,1084417128
141,part,18544,1148280490,1144592528,1053333160,3202249985,0,1114636288
141,part,18547,1149124997,1143849554,3212868723,3244048266,0,0
141,part,18548,1148928179,1143813743,3234367974,3245052397,0,0
141,part,18549,1149265015,1144005785,1079731817,3239667646,0,0
141,part,18550,1149351822,1143703851,1090593138,3247262545,0,0
141,part,18551,1149069812,1144229430,3224645468,3229931004,0,0
141,part,18552,1149088675,1144302558,3222291005,3220773566,0,0
141,part,18553,1149486672,1144485418,1098959372,3222219992,0,0
141,part,18554,1149508182,1144614731,1099647667,1071302472,0,0
141,part,18555,1149439026,1144615112,1095961734,1071400018,0,0
141,part,18556,1150075396,1144846374,0,0,0,0
141,part,18557,1150885898,1144794308,0,3143267328,0,0
141,part,18558,1150885598,1144773403,3165423224,1064023823,0,0
141,part,18559,1150895115,1144777933,1033570485,1066080441,0,0
141,part,18560,1149981589,1144867283,1064805070,1061305996,0,0
141,part,18561,1149961467,1144864599,995118080,1059760766,0,0
141,part,18562,1149984404,1144850566,1066806236,1068260514,0,0
141,part,18563,1149970929,1144811635,1044298578,1057314991,0,0
141,part,18564,1149963699,1144797842,3199189629,1058906857,0,0
141,part,18566,1149960654,1144771431,3205561082,1062812685,0,0
141,part,18567,1149965882,1144865768,1054168094,1060375052,0,0
141,part,18568,1149960207,1144866588,981862656,1068149374,0,0
141,part,18569,1149960207,1144850204,982768896,1068149374,0,0
141,part,18570,1149960202,1144817436,974887680,1068149374,0,0
141,part,18571,1149965157,1144783904,0,1051344287,0,0
141,part,18572,1149960217,1144785848,989795328,1068149374,0,0
141,part,18573,1148183021,1144617209,3233141275,1072070544,0,0
141,part,18574,1150345231,1144793760,982457628,1070942536,0,0
141,part,18575,1150337034,1144793762,979608338,1070942930,0,0
141,part,18577,1149082344,1144340495,3236974158,3230455191,1048198512,1085071672
141,part,18578,1149442066,1144538640,1034862996,3201196667,0,1114636288
141,part,18579,1149442227,1144548894,1041852749,3193589061,0,1114636288
141,part,18580,1149442892,1144543955,1042602480,3193711733,0,1114636288
141,part,18581,1149722320,1144813744,3169138103,1066731675,0,0
141,part,18582,1149722624,1144827620,936997888,1065353149,0,0
141,part,18583,1148744868,1144605869,3239977388,1068696360,0,0
141,part,18584,1148789340,1144605617,3238629123,1068599542,0,0
141,part,18585,1149041468,1144569884,1077701969,1067461265,0,0
141,part,18586,1149016800,1144508222,1072189373,3209840853,0,0
141,part,18587,1148848780,1144605774,3235121970,1068660098,0,0
141,part,18588,1149034404,1144537830,1072658616,3212267373,0,0
141,part,18589,1148940416,1144539590,3223036016,3188372124,0,0
141,part,18590,1149029260,1144507884,1070682222,3210099761,0,0
141,part,18591,1148951160,1144561182,3224118676,1062886427,0,0
141,part,18592,1149001044,1144498893,3201302948,3214921054,0,0
141,part,18595,1149043668,1144585677,3217256112,3209077996,0,0
141,part,18596,1148883495,1144620163,3239460199,3189446593,3153688108,3250822470
141,part,18597,1148927752,1144500686,3236732855,3232840527,3153688108,1113314529
141,part,18598,1149034533,1144440707,3223657663,3238257319,3153688108,3253769286
141,part,18599,1149145301,1144445465,1076511184,3238032390,3153688108,3250327000
141,part,18600,1149101681,1144640844,3211636056,1074479932,3153688108,1106623606
141,part,18601,1149094438,1144623631,3223934176,3140270696,3153688108,1111904648
141,part,18602,1149103236,1144704164,3222751988,1079551139,3153688108,1107275126
141,part,18603,1149132402,1144750220,1072339294,1085722047,3153688108,1101565393
141,part,18604,1149028877,1144811293,3224727441,1091008029,3153688108,1112262343
141,part,18605,1148922243,1144743602,3237253873,1085096273,3153688108,1109854081
141,part,18616,1149258829,1145024930,3207309424,3214696760,3213516554,1117695157
141,part,18617,1149226123,1144140690,1083684683,3247037844,1067831686,1104667101
141,part,18618,1149077932,1144680419,1062786688,3206836350,1081477420,1105994405
141,part,18626,1148910028,1144133106,3233326461,3246181118,1073161754,1124169884
141,part,18627,1148953520,1144680560,3230601562,3204682973,1083036927,1130750671
141,part,18628,1149375843,1144340825,1096135607,3239265058,1058290075,1131108021
141,part,18629,1148616258,1144475886,3245445710,3231533693,1077329591,1127531596
141,part,18631,1149169669,1144140932,1075730170,3245920507,1068777195,1130365259
141,part,18634,1149074458,1144600867,1061365984,1048449720,1075028432,1124360276
141,part,18635,1149122281,1144930719,1065819108,3217807811,3217128122,1128022146
141,part,18638,1149338468,1144855815,1093646808,1088733137,3206236649,1118817543
141,part,18639,1148990704,1144217985,3226294355,3243355032,1072227947,1131309899
141,part,18641,1149353470,1144524440,1094645754,3226986862,1047801862,1127756608
141,part,18642,1148739836,1144491512,3241331179,3230493117,1077105888,1125912185
141,part,18643,1149144012,1144929667,3188979122,3209881952,3214910538,1131512797
141,part,18644,1149226484,1144304255,1082713650,3240482656,1066717526,1109661810
141,part,18646,1149283247,1144965269,3196904912,1044900054,0,0
141,part,18647,1148881206,1144898586,3229998497,1086866982,0,0
141,part,18648,1149054900,1144918804,0,1051372158,0,0
141,part,18649,1149278223,1144927231,3190886992,1054011068,0,0
141,part,18654,1148154854,1143261903,3256749663,3261363868,0,0
141,part,18659,1149157288,1144912422,0,1065353149,0,0
141,part,18660,1148869883,1144903517,1045468818,1054161756,0,0
141,part,18661,1148953472,1144902853,1041157424,1053631916,0,0
141,part,18663,1148422858,1143277516,3252204375,3260577249,0,0
141,part,18664,1149267407,1143169095,1090333036,3261730262,0,0
141,part,18667,1148770106,1144913276,1051580896,1051280124,0,0
141,part,18669,1147876815,1144144647,3256999158,3242977129,0,0
141,part,18670,1149124402,1144944630,3147353362,3165729536,0,0
141,part,18671,1148817978,1144896396,0,0,0,0
141,part,18672,1149360701,1144879016,1085031307,1068646893,0,0
141,part,18673,1148967679,1144999838,1030024224,1043195068,0,0
141,part,18674,1148816505,1144923345,0,1059760766,0,0
141,part,18675,1149787949,1144814507,1104062612,1082255734,0,0
141,part,18676,1148268064,1143094689,3255903292,3263540104,0,0
141,part,18677,1148137219,1143174140,3257414297,3262994199,0,0
141,part,18678,1148095792,1143286755,3257892696,3261693702,0,0
141,part,18679,1148229397,1143066829,3256349827,3263700968,0,0
141,part,18680,1149263828,1144961574,0,1065353149,0,0
141,part,18681,1148718793,1144906961,0,1059760766,0,0
141,part,18682,1149094075,1142988813,1037147692,3264151433,0,0
141,part,18683,1149170237,1144964134,3182061088,1050336774,0,0
141,part,18684,1149079059,1144929457,0,0,0,0
141,part,18685,1149057120,1144976371,3188397098,1058756750,0,0
141,part,18686,1149286469,1144977958,3190659700,3160096928,0,0
141,part,18687,1148970545,1145015752,1040014400,1049938620,0,0
141,part,18688,1148932853,1144609274,1085356178,3205528191,0,0
141,part,18689,1149328241,1144361497,1107887870,3242242046,0,0
141,part,18690,1148777762,1144851134,1060071994,3213767698,0,0
141,part,18691,1148843417,1144632932,1088060221,1069297601,0,0
141,part,18692,1147804053,1143660682,3261611499,3257627442,0,0
141,part,18693,1147993879,1143510768,3259338538,3259537187,0,0
141,part,18694,1148166748,1143322462,3257381606,3261762905,0,0
141,part,18695,1148415353,1143270110,3253992223,3262381702,0,0
141,part,18696,1148613114,1143102247,3249381394,3263767151,0,0
141,part,18697,1148875534,1143115742,3240345104,3263687397,0,0
141,part,18698,1149101995,1143097200,1057362883,3263796969,0,0
141,part,18699,1149302177,1142995443,1094918950,3264398342,0,0
141,part,18700,1149120141,1144507302,3224830869,3223691083,0,0
141,part,18701,1148647183,1144574060,3245750609,1086341975,0,0
141,part,18702,1148778255,1144788664,1059518752,1098760159,0,0
141,part,18703,1149050673,1144373529,3230978651,3240537677,0,0
141,part,18704,1149057258,1144409390,3228951039,3237591325,0,0
141,part,18705,1149053802,1144728286,3229748755,1097136661,0,0
141,part,18706,1149345427,1144588799,1090701155,3234957218,0,0
141,part,18707,1148773259,1144729179,3233780800,1099461279,0,0
141,part,18708,1148686472,1144639282,3246073238,1057300581,0,0
141,part,18709,1149042598,1144863914,3162611280,3203820256,0,0
141,part,18710,1149219386,1144650587,1079896073,1055126276,0,0
141,part,18711,1149285751,1144876370,1083045039,1096282263,0,0
141,part,18712,1149206280,1144638734,1060685657,1067677744,0,0
141,part,18713,1149235582,1144766245,3220898150,3221150548,0,0
141,part,18714,1149239115,1144806388,3219358234,3223263804,0,0
141,part,18715,1149515504,1144724914,1106871901,3223303267,0,0
141,part,18716,1149138764,1144831324,3211365348,3233314398,0,0
141,part,18717,1149283614,1144732782,1092913997,3224294264,0,0
141,part,18718,1149078033,1144791024,3205616482,3233778723,0,0
141,part,18719,1149068106,1144797465,1056294658,3224951390,0,0
141,part,18720,1148990042,1144901903,3189333367,1046874112,0,0
141,part,18721,1148959364,1144879836,3177557179,1046295456,0,0
141,part,18722,1149007810,1144745165,1070423595,3221952472,0,0
141,part,18723,1148912282,1144803444,1081664864,3228902011,0,0
141,part,18724,1148908610,1144753756,1075831790,3219432068,0,0
141,part,18725,1148871532,1144845802,3211721191,3224050357,0,0
141,part,18726,1148951862,1144895888,3206529545,3218808425,0,0
141,part,18727,1149094310,1144884015,3214619488,1094006272,0,0
141,part,18730,1149134963,1144609828,3215300389,1049677390,0,0
141,part,18731,1149196017,1144611311,1064176664,3187053169,3153688108,3255343759
141,part,18732,1149194709,1144602613,1063170912,3202397186,3153688108,3254784088
141,part,18733,1149209200,1144600251,1067254484,1034133422,3153688108,1107601194
141,part,18734,1149195465,1144608674,1063752868,1043080297,3153688108,3254505718
141,part,18735,1149206845,1144614967,1066530408,3187842541,3153688108,3254797154
141,part,18736,1149205883,1144614577,1060277312,3150595940,3153688108,1102460352
141,part,18737,1149199808,1144600522,3207237912,3222891814,3153688108,3256653465
141,part,18738,1149236425,1144643690,1072456908,3189066586,3153688108,3249474986
141,part,18739,1149119958,1144780649,3223379389,1089468629,3153688108,3247873504
141,part,18740,1149044944,1144706629,3233589942,1082469592,3153688108,1107340374
141,part,18745,1149467819,1144748167,3189580928,1082849571,3195718249,1119649328
141,part,18747,1149136719,1144835706,1044776258,3218968166,1083089755,1124206169
141,part,18749,1148651078,1144589128,3247707755,3213559313,1078386240,1117327446
141,part,18750,1149342775,1144882439,3206084544,3215872992,3209440021,1119506510
141,part,18752,1148884134,1144870868,1065683000,3211067648,1081593100,1119727670
141,part,18758,1149396595,1144766417,1096122715,1084582623,3201047719,1109407588
141,part,18761,1149135380,1144839801,1045701304,3220606370,1083088097,1107614188
141,part,18764,1149284518,1144861962,3202794073,3216688059,3212182893,1124534627
141,part,18766,1148821811,1144913642,1064297664,3208595888,1081454740,1127489499
141,part,18767,1149443465,1144566167,1097843342,3219185199,1034887727,1116281296
141,part,18770,1149325302,1144224226,1089430605,3242841153,1065509312,1115587970
141,part,18771,1148752736,1144684206,1057810160,3181594000,1079273585,1117215632
141,part,18772,1149391867,1144829561,1094407492,1087597035,3205183061,1129138189
141,part,18775,1149399607,1144498473,1094922865,3229220969,1049394221,1124197180
141,part,18776,1148810325,1144479576,3241779441,3230675833,1077126454,1124456607
141,part,18778,1149263586,1144266887,1080292037,3241420713,1067466273,1122007070
141,part,18780,1149359425,1144691784,1092247118,1074714567,3196840359,1125993922
141,part,18781,1149255995,1145006933,1068584296,1050567196,0,0
141,part,18783,1148573932,1143187945,3251431740,3262082292,0,0
141,part,18785,1149212978,1144867482,1050613552,1052068784,0,0
141,part,18786,1147980710,1143389082,3259574034,3259851123,0,0
141,part,18787,1148036884,1143363379,3259051082,3260136232,0,0
141,part,19758,1148522480,1144485050,3234355736,1049993514,3200847902,1086040089
141,part,18789,1148933858,1145026464,0,1051372158,0,0
141,part,18790,1149772931,1144847094,0,0,0,0
141,part,18791,1149341948,1144892217,3197818944,1051743738,0,0
141,part,18795,1148296595,1144929608,0,1051372158,0,0
141,part,18796,1149293139,1144940935,3194963328,1049656316,0,0
141,part,18797,1149436099,1144926895,0,0,0,0
141,part,18798,1149844265,1143864029,1112451251,3253627698,0,0
141,part,18799,1149876524,1143832766,1113137356,3254286958,0,0
141,part,18800,1149254866,1145057967,0,0,0,0
141,part,18801,1149261497,1145024347,3183417152,1052503580,0,0
141,part,18802,1148854082,1144943279,0,0,0,0
141,part,19744,1150296064,1144766464,975766663,3113162124,0,0
141,part,18804,1149850625,1143697441,1112586515,3255991574,0,0
141,part,18805,1148942650,1143122067,3239834838,3262132642,0,0
141,part,18806,1149897918,1144051757,1113592400,3249831467,0,0
141,part,18807,1148017528,1143690579,3258708159,3255971191,0,0
141,part,18808,1149046232,1145039146,1037106304,1053029905,0,0
141,part,18809,1148869291,1144929233,1051454888,1052642524,0,0
141,part,18810,1150051780,1144033233,1117046046,3251154427,0,0
141,part,18811,1149285897,1144943279,0,0,0,0
141,part,18812,1148797215,1144961145,0,0,0,0
141,part,18813,1149829732,1143514730,1113278790,3258954873,0,0
141,part,18814,1148331523,1143003448,3256139965,3264013852,0,0
141,part,18815,1149693480,1143224421,1110131893,3262307385,0,0
141,part,18816,1149190007,1144912331,0,1051372158,0,0
141,part,18817,1149632646,1143109533,1108726838,3263401322,0,0
141,part,18818,1150004214,1143848817,1116496753,3255096810,0,0
141,part,18819,1150007489,1143856227,1116534578,3255011250,0,0
141,part,18820,1150085606,1144334583,1117436656,3241997542,0,0
141,part,18821,1148723444,1144895793,1054621728,1053126636,0,0
141,part,18822,1148170545,1143932483,3253470127,3252599816,0,0
141,part,18823,1149305246,1144598458,1107782252,3205187580,0,0
141,part,18824,1148779960,1144827269,1054747264,3221457832,0,0
141,part,18825,1149083761,1144111596,1100244545,3250390599,0,0
141,part,18826,1148841548,1144870609,3221077334,3222688008,0,0
141,part,18827,1149081685,1144854666,1085189335,1101352552,0,0
141,part,18828,1149267435,1143489400,1096706142,3259707834,0,0
141,part,18829,1149111976,1144550214,1095022881,1084110811,0,0
141,part,18830,1149106682,1144505494,1091168477,1077613781,0,0
141,part,18831,1149139901,1144421365,1086847776,3216521175,0,0
141,part,18832,1148931315,1143028266,3240902449,3264150032,0,0
141,part,18833,1149195154,1143051702,1057571965,3264011529,0,0
141,part,18834,1148631395,1143779830,3255599150,3252301208,0,0
141,part,18835,1149452408,1144413006,1102485469,1090889728,0,0
141,part,18836,1149587712,1144439191,1107776147,1091490592,0,0
141,part,18837,1149655297,1143395865,1109534859,3260786646,0,0
141,part,18838,1149810948,1143424380,1113181659,3260449614,0,0
141,part,18839,1149896857,1143625738,1115203619,3258042502,0,0
141,part,18840,1149903387,1143909736,1115357970,3254452117,0,0
141,part,18841,1149944063,1144156219,1116002189,3249025227,0,0
141,part,18842,1149964884,1144394845,1116248292,3240398762,0,0
141,part,18843,1149964229,1144629837,3252407620,1057639211,0,0
141,part,18844,1149758896,1144797245,3224716373,3203465832,0,0
141,part,18845,1149416116,1144747403,3224628705,3211783274,0,0
141,part,18846,1149415121,1144844664,1037321023,3224121002,0,0
141,part,18847,1149309580,1144763294,3222562776,3218808353,0,0
141,part,18848,1149338645,1144892675,1033969344,1042519968,0,0
141,part,18849,1149275122,1144840261,1032167871,3222406364,0,0
141,part,18850,1149274229,1144895679,1037044466,1099285500,0,0
141,part,18851,1149240933,1144905601,1024067184,3209797120,0,0
141,part,18852,1149246737,1144897905,3202116939,1101179832,0,0
141,part,18853,1149176206,1144779480,1019082320,3234001020,0,0
141,part,18854,1149135036,1144757458,1055492813,3232736914,0,0
141,part,18855,1148777488,1144742575,1063858400,3224297836,0,0
141,part,18856,1149050784,1144812131,1067666085,3223143535,0,0
141,part,18857,1149026216,1144886549,1071198862,3222477545,0,0
141,part,18858,1148876411,1144922756,3198740736,1051089811,0,0
141,part,18859,1148872367,1144842764,1074962588,3226577787,0,0
141,part,18860,1148814275,1144831035,1076322690,3215417134,0,0
141,part,18861,1148813865,1144831938,1077085436,3210913736,0,0
141,part,18862,1148961940,1144829602,3205347760,3201987488,0,0
141,part,18863,1150328836,1144784666,967041504,1068148745,0,0
141,part,18864,1150328960,1144604348,1010692857,1068112514,0,0
141,part,19757,1148531347,1144506457,3226172200,1072650444,3200847902,3227190072
141,part,19756,1148508419,1144390556,3228363864,1064232596,3200847902,3221880410
141,part,18867,1149032412,1144539721,3238066768,3209600300,0,0
141,part,18868,1149022169,1144627906,3238521213,1077619582,0,0
141,part,18869,1149108096,1144681081,3231414431,1084593822,0,0
141,part,18870,1149121048,1144479682,3230265056,3226877964,0,0
141,part,18871,1148768241,1144638779,3244117266,1075779097,0,0
141,part,19755,1148684097,1144750700,3233512630,1061050268,0,0
141,part,18873,1148837435,1144522850,3242356194,3222124305,0,0
141,part,18874,1148901891,1144501464,3239496259,3225920018,0,0
141,part,18875,1149003053,1144608260,3232012351,1068707631,0,0
141,part,18876,1148982989,1144627837,3233792907,1074699339,0,0
141,part,18877,1150083417,1144838568,1026308688,1060893781,0,0
141,part,18878,1150905743,1144789907,1054403044,1061396993,0,0
141,part,18879,1149888264,1144787841,1046533455,1059280940,0,0
141,part,18882,1149850966,1144709848,3234507633,3213862266,0,0
141,part,18883,1149842571,1144723524,3238377985,3197319026,0,0
141,part,18884,1149931335,1144685537,1075744473,3206227982,0,0
141,part,18885,1149919394,1144755541,1017285632,1059760766,0,0
141,part,18886,1149909077,1144700362,3214847491,3218719376,0,0
141,part,18887,1149940943,1144701517,1076469967,1052578300,0,0
141,part,18888,1149880165,1144738966,3233323864,3199247396,0,0
141,part,18889,1149950521,1144736835,1077179064,1057383072,0,0
141,part,18890,1149945796,1144689623,1074759044,3199639372,0,0
141,part,18891,1149952524,1144715052,1074010448,3209559213,0,0
141,part,18892,1149949995,1144668673,1071688230,3206719730,0,0
141,part,18893,1149119616,1144720865,3226697856,3227306516,0,0
141,part,18894,1149129093,1144772892,3224271715,1060751361,0,0
141,part,18895,1149123793,1144749536,3229718580,3224160872,0,0
141,part,18896,1149145375,1144793750,3224298049,1065332089,0,0
141,part,18897,1149173877,1144804693,1008846080,1059760766,0,0
141,part,18898,1149171029,1144740895,3221924297,3232187829,0,0
141,part,18899,1149167528,1144805060,3222821025,3198105222,0,0
141,part,18900,1149174971,1144781435,3220605297,3208691137,0,0
141,part,18901,1149251408,1144813829,1075748776,1046846380,0,0
141,part,18902,1149201327,1144775651,3215500538,3213725828,0,0
141,part,18903,1149097716,1144627251,1082882570,3226105962,0,0
141,part,18904,1148982339,1144674356,3224092045,1060512965,0,0
141,part,18905,1149067614,1144653257,1075928898,1054405308,0,0
141,part,18906,1149009852,1144551983,3212871914,3208769069,0,0
141,part,18907,1149005511,1144527114,3215094416,3196912930,0,0
141,part,18908,1149072938,1144643435,1081486153,3226157112,0,0
141,part,18909,1149033614,1144646951,1069095429,3212185365,0,0
141,part,18910,1148977541,1144629573,3221026232,3165837920,0,0
141,part,18911,1149028405,1144649287,1074279724,3228853288,0,0
141,part,18912,1149032452,1144710842,1075315830,1064320674,0,0
141,part,18913,1148997583,1144628876,1048374564,3213376590,0,0
141,part,18914,1148982460,1144615823,3207402145,3210505993,0,0
141,part,18915,1148992231,1144584379,3181587959,3209150469,0,0
141,part,18916,1149033985,1144692655,1075708324,3221945144,0,0
141,part,18917,1148944800,1144739235,3221013030,1059840552,0,0
141,part,18918,1148989215,1144699211,1060928526,3209003417,0,0
141,part,18919,1148951697,1144695855,3217481874,1019350464,0,0
141,part,18920,1148948835,1144690812,3218947139,1060586508,0,0
141,part,18921,1148992767,1144656650,1064564400,3200059044,0,0
141,part,18922,1148972451,1144637162,3197296299,3205431482,0,0
141,part,18923,1149001599,1144643591,1069481563,1062564127,0,0
141,part,18924,1148960148,1144599800,3213154144,1042601968,0,0
141,part,18925,1148981846,1144740717,1067756572,3195264692,0,0
141,part,18926,1148972180,1144719012,1060262477,3205504150,0,0
141,part,18927,1148986535,1144720808,1070157524,1057748584,0,0
141,part,18928,1148936798,1144691031,3216721584,1060810406,0,0
141,part,18929,1148975762,1144661433,1063930831,3181263096,0,0
141,part,18930,1148961683,1144595286,1030018790,3186269624,0,0
141,part,18931,1148924629,1144761713,3214562406,1026655600,0,0
141,part,18932,1148923189,1144749391,3215299544,1049961232,0,0
141,part,18933,1148921740,1144739974,3216042029,1060596646,0,0
141,part,18934,1148932258,1144709800,3208475984,3187682108,0,0
141,part,18935,1148954680,1144693531,1059118866,3186747496,0,0
141,part,18936,1148929960,1144623576,3210828572,1058846020,0,0
141,part,18937,1148953630,1144602107,1058044925,1050312446,0,0
141,part,18938,1149073091,1144625916,1062932848,3230127975,0,0
141,part,18939,1149075854,1144631211,1065556274,3231547413,0,0
141,part,18940,1149071870,1144612338,1061680778,3236060248,0,0
141,part,18941,1149069974,1144651744,1059739192,3233113480,0,0
141,part,18942,1149191773,1144754652,3225002780,3230427104,0,0
141,part,18943,1149260380,1144806746,1076147622,1061863488,0,0
141,part,18944,1149211045,1144764801,3218912618,3208947105,0,0
141,part,18945,1149200864,1144755726,3226869528,3232386682,0,0
141,part,18946,1149248412,1144784396,1038555463,3217636940,0,0
141,part,18947,1149230574,1144778567,3217302496,3211628225,0,0
141,part,18948,1149263124,1144771287,1072975934,3200162444,0,0
141,part,18949,1149233562,1144829183,3222693740,3219871890,0,0
141,part,18950,1149233172,1144836007,3222793610,3222995899,0,0
141,part,18954,1149067408,1144793692,1069622049,3221245744,0,0
141,part,18955,1149034996,1144763932,3203423443,3209836645,0,0
141,part,18956,1149069880,1144754268,1070886205,1058456874,0,0
141,part,18957,1149060106,1144814333,1065882710,3219086182,0,0
141,part,18961,1148694618,1144444209,3233688424,1055380244,1037844406,1075260744
141,part,18962,1148936532,1144464061,1077193328,1069414068,3194870296,3230524876
141,part,18963,1148395102,1144432965,3253939834,1059962880,1051158872,1087899278
141,part,18964,1148955672,1144447409,1090500148,1061218429,3195558226,3230954834
141,part,18965,1149003603,1144421932,1084030770,1042805672,1044206202,1081748648
141,part,18966,1149087766,1144425789,1091623892,3206312022,3196533665,3231860748
141,part,18967,1148967665,1144439726,1089915804,1066559684,3201382536,3237921861
141,part,18968,1148574283,1144359090,3242509506,3251520050,3190294749,3225716216
141,part,18974,1149243692,1144759375,3233255811,1096571747,0,0
141,part,18975,1149265438,1144636485,3226914927,1088520391,0,0
141,part,18976,1149268894,1144291233,3225327935,3242037053,0,0
141,part,18977,1149310569,1144409394,1070246989,3232510251,0,0
141,part,18978,1149277522,1144317259,3221366861,3240543603,0,0
141,part,18979,1149292731,1144637972,3200054509,1088690967,0,0
141,part,18980,1149371189,1144737443,1091252745,1096078711,0,0
141,part,18981,1149315876,1144804747,1074961967,1099537379,0,0
141,part,18982,1149217955,1144764391,3237621254,1097715715,0,0
141,part,18983,1149289184,1144798246,3209510088,1099339940,0,0
141,part,18984,1149245686,1144432406,3233475722,3230388257,0,0
141,part,18985,1149274737,1144534143,3223775598,1070390666,0,0
141,part,18986,1149256723,1144652586,3231205401,1091297276,0,0
141,part,18987,1149308316,1144574235,1069472222,1082230121,0,0
141,part,18988,1149273414,1144609282,3224337487,1086588270,0,0
141,part,18989,1149289044,1144447611,3210513486,3228276100,3202901186,3230437934
141,part,18990,1149285156,1144425872,3215658319,3231727735,3201753923,3228393621
141,part,18991,1149272865,1144516706,3224735018,1057572078,3192372376,1061728384
141,part,18992,1149272832,1144510648,3224751870,1042970168,3205416596,3234792640
141,part,18993,1149266820,1144621869,3227830006,1088327266,3205645763,3235365560
141,part,18994,1149243603,1144518111,3234665771,1059197862,1010903728,1084061628
141,part,18995,1149304968,1144446447,1066041970,3228574118,3192612895,1060525776
141,part,18996,1149256926,1144514012,3231255101,1055136758,3206255265,3236889320
141,part,18997,1149246012,1144445466,3234048885,3228825220,3204743078,3233108838
141,part,18998,1149246759,1144544202,3233857817,1074641198,3185453200,1075904159
141,part,18999,1149184634,1144385044,3240383883,3236953720,3184927870,1076232493
141,part,19000,1149306354,1144578881,1067462980,1082824770,1029895420,1085891168
141,part,19001,1149265489,1144627849,3227807120,1089092664,3188754193,1072586294
141,part,19002,1149270714,1144351083,3225836172,3239651748,3188542618,1073115230
141,part,19003,1149341259,1144390634,1085301991,3236238242,3184238722,1076663213
141,part,19004,1149284111,1144584865,3213656650,1083590790,3205490499,3234977398
141,part,19005,1149269127,1144521387,3226648702,1062365502,3201423926,3227568628
141,part,19006,1149269159,1144587727,3223183634,1083957010,1032824734,1086509180
141,part,19007,1149298542,1144584311,1050180418,1083519799,3185406244,1075933507
141,part,19008,1149247404,1144464195,3233692433,3224030816,3199802306,3223514559
141,part,19009,1149257409,1144487440,3231131247,3214934652,3204165362,3232018160
141,part,19010,1149170348,1144440967,3241298049,3229795556,3164930488,1082722282
141,part,19011,1149172540,1144412011,3241157821,3233501912,3188933452,1072138142
141,part,19012,1149244794,1144498904,3234360466,3195794308,3190789651,1067497628
141,part,19013,1149277414,1144829609,3199815480,3268644876,3163009294,3269701235
141,part,19014,1149256124,1144624519,3232235428,1090435979,3199303762,3221406231
141,part,19015,1149082499,1144725756,3217618978,3226054294,0,0
141,part,19016,1149108405,1144702247,3212652386,3232940526,0,0
141,part,19017,1149164559,1144760342,1075580603,3173340272,0,0
141,part,19018,1149124668,1144821077,996848128,1059760766,0,0
141,part,19019,1149124662,1144821077,997934080,1059760766,0,0
141,part,19020,1148996851,1144728111,1078785010,3225451384,0,0
141,part,19021,1148997882,1144745008,1082686636,3225320125,0,0
141,part,19022,1148907138,1144714000,3215129140,3210635833,0,0
141,part,19023,1148912475,1144696548,3211957891,3211729145,0,0
141,part,19024,1148957469,1144695873,1072052435,1019953024,0,0
141,part,19025,1148957622,1144684020,1072131146,1050298902,0,0
141,part,19026,1148902554,1144663204,3217475898,1023194976,0,0
141,part,19027,1148951715,1144634569,1069106530,1049686692,0,0
141,part,19028,1148963426,1144746325,1078616426,3229177332,0,0
141,part,19029,1148889170,1144775817,3215941099,3213640510,0,0
141,part,19030,1148887781,1144762504,3216651181,3211298833,0,0
141,part,19031,1148892872,1144744787,3214045709,3212664837,0,0
141,part,19032,1148918258,1144711084,1053790242,3213229536,0,0
141,part,19033,1148943359,1144721370,1073217139,1058323760,0,0
141,part,19034,1148885684,1144670391,3217725017,1055941170,0,0
141,part,19035,1148890496,1144635064,3215262064,1050700070,0,0
141,part,19036,1148933014,1144797730,1075025806,3219198308,0,0
141,part,19037,1148889259,1144787330,3199903058,3216134454,0,0
141,part,19038,1148871673,1144780330,3216511051,3209823649,0,0
141,part,19039,1148865559,1144772763,3219640166,3197140954,0,0
141,part,19040,1148861323,1144770008,3221517752,1057797326,0,0
141,part,19041,1148862319,1144757982,3221262432,1062259954,0,0
141,part,19042,1148869291,1144726930,3217730417,3181578280,0,0
141,part,19043,1148867647,1144717103,3218571458,1050944878,0,0
141,part,19044,1148871148,1144673214,3216778986,1059344308,0,0
141,part,19045,1148904199,1144641371,1057758177,3197794610,0,0
141,part,19046,1149084708,1144641143,1080304654,3226743720,0,0
141,part,19047,1149066614,1144645290,1079866689,3231842525,0,0
141,part,19048,1149048050,1144708591,1075114673,3192634820,0,0
141,part,19049,1149058625,1144678860,1077821647,3231739754,0,0
141,part,19050,1149023365,1144719700,1072237186,3227604598,0,0
141,part,19051,1148987743,1144737558,3199537075,3216452172,0,0
141,part,19052,1148967448,1144732592,3217805188,3208375157,0,0
141,part,19053,1148945847,1144757217,3220475868,3194790164,0,0
141,part,19054,1148951801,1144791758,3205241491,3213867212,0,0
141,part,19055,1148994812,1144805075,1074068519,1060151706,0,0
141,part,19056,1148937092,1144770890,3216569821,3200975980,0,0
141,part,19060,1148981709,1144715053,1086908069,3219585772,0,0
141,part,19061,1148897775,1144704336,1066655589,3216684622,0,0
141,part,19062,1148897322,1144632695,1066424096,3210006053,0,0
141,part,19063,1148939822,1144722997,1083643822,3215518400,0,0
141,part,19064,1148827130,1144717656,3221882459,3206891994,0,0
141,part,19065,1148915146,1144728885,1082582144,3220892264,0,0
141,part,19066,1148881924,1144708985,1074529175,3191023268,0,0
141,part,19067,1148915781,1144731492,1084760729,3219557692,0,0
141,part,19068,1148785530,1144757296,3224143708,1061557932,0,0
141,part,19069,1148831927,1144737232,1066496279,3216619008,0,0
141,part,19074,1148961591,1144758233,1084332845,3221934606,0,0
141,part,19075,1148916120,1144756550,1074894835,3196791002,0,0
141,part,19076,1148935307,1144768676,1083065910,3223455544,0,0
141,part,19077,1148877380,1144768234,1063851200,3217523182,0,0
141,part,19078,1148866499,1144751320,1048325306,3217794378,0,0
141,part,19079,1148932204,1144794126,1084765692,3221043790,0,0
141,part,19080,1148872960,1144791158,1070727795,3214174544,0,0
141,part,19081,1148820151,1144776377,3217724567,3213353628,0,0
141,part,19082,1148849197,1144753159,1044564763,3216852930,0,0
141,part,19083,1148891007,1144794221,1081048671,3225304460,0,0
141,part,19090,1149087355,1144770497,3196856022,3232593219,0,0
141,part,19091,1149088879,1144834872,3191407382,3223286437,0,0
141,part,19092,1149089374,1144861684,3189383191,3220008482,0,0
141,part,19093,1149089056,1144859692,3190681298,3225321241,0,0
141,part,19094,1148954982,1144733060,1083487060,3231093707,0,0
141,part,19095,1148912507,1144777068,1078164457,3225501608,0,0
141,part,19096,1148923357,1144767931,1083633268,3230824503,0,0
141,part,19097,1148890311,1144807767,1080870492,3226031100,0,0
141,part,19101,1149209834,1144617085,1060334192,1052830158,1082499413,3231165884
141,part,19102,1149244721,1144671304,1055028800,1071635702,1082593661,3228947811
141,part,19103,1148987294,1144741300,3245273497,1064492358,1082193959,3237275008
141,part,19104,1149218221,1144621081,1065851416,1066055540,1083019550,1046594264
141,part,19105,1149258362,1144672807,1083715880,1057911521,1082447492,3232204345
141,part,19106,1149275002,1144691992,1084586628,1049430736,1083150968,1069327534
141,part,19107,1149032426,1144775246,3234388208,1063159322,1084042282,1106461708
141,part,19111,1149207938,1144802789,3229253107,1057811332,0,0
141,part,19112,1149259763,1144748306,1056913045,3209061081,0,0
141,part,19113,1149269468,1144744332,1071084328,1065059468,0,0
141,part,19114,1149264041,1144693330,1065526340,3188032476,0,0
141,part,19115,1149244270,1144802874,3222872907,1057897760,0,0
141,part,19116,1149275650,1144775644,1069025509,3185172472,0,0
141,part,19117,1149274567,1144744129,1067917798,3170163936,0,0
141,part,19118,1149275092,1144731466,1068452604,1045035636,0,0
141,part,19119,1149250335,1144805128,3223962428,1060205876,0,0
141,part,19120,1149274686,1144751254,1050929470,3206042234,0,0
141,part,19121,1149268260,1144736669,3203249618,3203952068,0,0
141,part,19122,1149279471,1144725313,1063747722,3191251508,0,0
141,part,19123,1149264260,1144823384,3220827912,1062122330,0,0
141,part,19124,1149277379,1144785046,3199460850,3204993862,0,0
141,part,19125,1149282650,1144769553,1049997789,3203714556,0,0
141,part,19126,1149286604,1144757477,1061577381,3193723788,0,0
141,part,19127,1149289052,1144746914,1065973026,1041199980,0,0
141,part,19128,1149270743,1144734672,3214188152,1053370246,0,0
141,part,19129,1149272129,1144687170,3212701132,1056749796,0,0
141,part,19130,1149288434,1144673841,1065322759,1059986471,0,0
141,part,19131,1149275006,1144635565,3206811741,1051726606,0,0
141,part,19132,1149275929,1144821465,3217266919,1060157380,0,0
141,part,19133,1149298540,1144798057,1067297484,1048965998,0,0
141,part,19134,1149280939,1144776952,3211440461,3168347680,0,0
141,part,19135,1149284752,1144726457,3202806667,3185458440,0,0
141,part,19136,1149282463,1144713961,3208315432,1040442192,0,0
141,part,19137,1149297244,1144710470,1065972271,1063939893,0,0
141,part,19138,1149289570,1144678952,1040996528,3154303168,0,0
141,part,19139,1149295111,1144670805,1062220099,1056788486,0,0
141,part,19140,1149286936,1144648307,3191661106,1039727520,0,0
141,part,19141,1149289806,1144778918,3210058196,1035954168,0,0
141,part,19142,1149297261,1144711605,1033582770,3161806784,0,0
141,part,19143,1149291048,1144685594,3207514993,1053522618,0,0
141,part,19144,1149290607,1144671899,3208414912,1057996471,0,0
141,part,19145,1149053064,1144667357,1070666187,3233212204,0,0
141,part,19146,1149051642,1144691584,1069937034,3232208244,0,0
141,part,19147,1149049151,1144749562,1075396626,3224154246,0,0
141,part,19148,1149037766,1144728912,1071221960,3231624632,0,0
141,part,19149,1149010210,1144776518,1065502301,3213281876,0,0
141,part,19150,1148941416,1144783032,1081370442,3223974520,0,0
141,part,19151,1148913968,1144754680,1078538094,3232520684,0,0
141,part,19152,1148886559,1144814513,1075715578,3224304167,0,0
141,part,19153,1148885691,1144825315,1079688290,3225733208,0,0
141,part,19154,1149249593,1144650901,3235366449,1049580742,0,0
141,part,19155,1149254254,1144651622,3236270409,1051057424,0,0
141,part,19156,1149295655,1144650647,3229866294,1049059674,0,0
141,part,19157,1149129288,1144728160,3224222096,3229623705,0,0
141,part,19158,1149134671,1144730718,3227038349,3233490650,0,0
141,part,19159,1149145760,1144786825,3228393895,3227197948,0,0
141,part,19160,1149157869,1144807047,3229488261,3230012000,0,0
141,part,19161,1148930100,1144739256,1086593747,3222598464,0,0
141,part,19162,1148884556,1144732997,1082861029,3228394984,0,0
141,part,19163,1148855110,1144750513,1080247949,3228105160,0,0
141,part,19164,1148882484,1144775200,1086790221,3225979604,0,0
141,part,19165,1148794209,1144783038,1062568821,3218331832,0,0
141,part,19166,1148767956,1144770761,993858048,0,0,0
141,part,19167,1148818938,1144777252,1075181976,3154572096,0,0
141,part,19168,1148798268,1144741643,1066039484,3214360260,0,0
141,part,19169,1148810739,1144691970,1072424723,1061771853,0,0
141,part,19170,1148771346,1144669615,998943232,1051372158,0,0
141,part,19171,1148777408,1144799370,1062142327,3218358960,0,0
141,part,19172,1148807777,1144825679,1076519527,1064472437,0,0
141,part,19173,1148764256,1144804693,1002358272,1059760766,0,0
141,part,19174,1148767487,1144754077,1045420272,3216383100,0,0
141,part,19175,1148798207,1144760654,1074069203,3165547232,0,0
141,part,19176,1148786006,1144718379,1068149441,3206151694,0,0
141,part,19177,1148790029,1144708985,1070209721,3191023468,0,0
141,part,19178,1148769503,1144681975,1051128169,3209874761,0,0
141,part,19179,1148789795,1144672157,1070090445,1058260948,0,0
141,part,19180,1148764202,1144657237,992699904,1059760766,0,0
141,part,19182,1149124996,1144734122,3212439630,3235152069,0,0
141,part,19183,1149135364,1144797463,3199196398,3219335112,0,0
141,part,19184,1149153076,1144784336,1060949501,3217667310,0,0
141,part,19185,1149137011,1144768354,3195594108,3217461446,0,0
141,part,19186,1149180727,1144788521,1075525555,1059977470,0,0
141,part,19187,1149141217,1144881004,1012940288,3207396809,0,0
141,part,19188,1149141202,1144904400,1011929472,3195907848,0,0
141,part,19189,1149141130,1144914002,1007380416,3207160366,0,0
141,part,19190,1149076542,1144739206,1032296569,3234501204,0,0
141,part,19191,1149076602,1144808037,1032805142,3225961890,0,0
141,part,19192,1149076734,1144819514,1033872288,3227218162,0,0
141,part,19193,1149075993,1144864804,1023830171,3218410760,0,0
141,part,19194,1149066902,1144743069,1056222673,3236104012,0,0
141,part,19195,1149063419,1144824016,1049092859,3226065640,0,0
141,part,19196,1149064472,1144829887,1051247549,3228757060,0,0
141,part,19197,1149062282,1144874889,1044950396,3221430703,0,0
141,part,19198,1149185056,1144771175,3226722667,3230409164,0,0
141,part,19199,1149193942,1144780649,3224447468,3231293694,0,0
141,part,19200,1149220330,1144808227,3221886608,3229860874,0,0
141,part,19201,1149253568,1144919607,3201950600,1060075438,0,0
141,part,19202,1149040946,1144731451,1072850306,3233396653,0,0
141,part,19203,1148988716,1144903184,0,1059951886,0,0
141,part,19204,1148984295,1144903089,0,1059897210,0,0
141,part,19205,1148985846,1144903171,0,1060023166,0,0
141,part,19206,1149205770,1144786468,3213224729,3234743170,0,0
141,part,19207,1149220027,1144840569,3214313262,3229915373,0,0
141,part,19208,1149239320,1144935765,993776640,1059760766,0,0
141,part,19213,1149099101,1144481710,3233731910,1063030208,3209992974,3232129610
141,part,19214,1149167388,1144551645,3235581318,1071656592,3210960986,3234549646
141,part,19215,1149106210,1144495403,3235719466,1074009121,3202931074,1075061612
141,part,19216,1149147031,1144480661,3231126950,3193891932,3204476013,1068517904
141,part,19217,1149201866,1144568798,3231286228,1075731179,3209562423,3231053224
141,part,19218,1149188214,1144556798,3235095019,1059489326,3208769022,3228525345
141,part,19219,1149127942,1144472359,3236467969,3189380356,3204890880,1063385184
141,part,19220,1149240713,1144452693,1079985976,1061528228,3204531447,1067963560
141,part,19224,1149091666,1144521414,3230134634,1065174337,3195979525,3233833241
141,part,19225,1149008374,1144445518,3238066736,3201055652,3195112505,3228563445
141,part,19226,1149058491,1144614059,3235093398,1067457090,1037071706,1077952796
141,part,19227,1148941619,1144435221,3241342353,3198922596,1015688382,1067916618
141,part,19230,1149085468,1144442871,3240870253,3201500396,3208910417,3234840864
141,part,19231,1149154260,1144524171,3242156238,1073632824,3208252717,3233196606
141,part,19232,1149227272,1144440396,1074768104,3177649712,3208696630,3234306390
141,part,19233,1149043234,1144466105,3245469429,1041973280,3206936545,3229906162
141,part,19234,1149083390,1144539144,3247713615,1077729701,3208178858,3233011958
141,part,19235,1149174557,1144548263,3243701448,1074479945,3208878289,3234760540
141,part,19236,1148986275,1144481194,3248451073,1069963198,3207349622,3230938860
141,part,19237,1149191034,1144420521,3204140544,3190796556,3208167967,3232984730
141,part,19244,1149092859,1144609777,3238236035,1041289880,1083720505,1070585598
141,part,19245,1149103192,1144640038,3240681303,1062596058,1083045046,3231329464
141,part,19246,1149153158,1144739896,3238346123,1072888774,1083750613,1072994304
141,part,19247,1149142821,1144627528,3234244145,1074335481,1083085951,3230511334
141,part,19248,1149253980,1144686718,1077135968,1069791344,1082687464,3238241908
141,part,19249,1149140589,1144710955,3238176726,1074438109,1083780592,1074567226
141,part,19250,1149072326,1144789260,3239508184,1073932981,1084254543,1095998713
141,part,19253,1149237938,1144816710,1073046207,3223741664,0,0
141,part,19254,1149059409,1144786030,1073828156,3227401418,0,0
141,part,19255,1149056154,1144781215,1072247652,3208917021,0,0
141,part,19256,1149067050,1144788955,1075784458,3230230506,0,0
141,part,19257,1149022385,1144886803,0,1059955438,0,0
141,part,19258,1149039338,1144856416,1072026378,3221965408,0,0
141,part,19259,1149272900,1144738632,3229186150,3230380348,0,0
141,part,19260,1149290093,1144775995,3219542104,3213549838,0,0
141,part,19261,1149318953,1144761024,1071423482,3212815761,0,0
141,part,19262,1149318986,1144747227,1071457026,3210166225,0,0
141,part,19263,1149309104,1144722456,1057324378,3215795520,0,0
141,part,19264,1149302393,1144707334,3197656539,3215149306,0,0
141,part,19265,1149287879,1144716993,3221516978,1050718122,0,0
141,part,19266,1149313367,1144682630,1065705358,3209203885,0,0
141,part,19267,1149290870,1144679917,3218745359,1028690144,0,0
141,part,19268,1149301013,1144649987,3203314416,3209076361,0,0
141,part,19269,1149290710,1144768734,3224262335,3227634810,0,0
141,part,19270,1149306085,1144786245,3210268379,3216690040,0,0
141,part,19271,1149307168,1144756504,3208054495,3215140392,0,0
141,part,19272,1149331567,1144773521,1074847752,1061394962,0,0
141,part,19273,1149299170,1144738790,3218635124,3199608988,0,0
141,part,19274,1149306853,1144713220,3208698917,3211434705,0,0
141,part,19275,1149319876,1144699359,1062607449,3208851181,0,0
141,part,19276,1149308299,1144683181,3205735016,3208639965,0,0
141,part,19277,1149308737,1144653866,3204839544,3205104862,0,0
141,part,19278,1149291558,1144808050,3228021721,3221764459,0,0
141,part,19279,1149337353,1144819372,1073488455,3202349540,0,0
141,part,19280,1149318321,1144788692,3199532426,3215437530,0,0
141,part,19281,1149315138,1144775608,3208505987,3213747986,0,0
141,part,19282,1149331758,1144751619,1067759713,3205667910,0,0
141,part,19283,1149331104,1144736321,1067091469,3204556734,0,0
141,part,19284,1149326163,1144716336,1058709059,3208244649,0,0
141,part,19285,1149327087,1144702485,1060598988,3205649694,0,0
141,part,19286,1149313842,1144689673,3211164239,3199536588,0,0
141,part,19287,1149323517,1144670923,1049609569,3204380636,0,0
141,part,19288,1149313497,1144661626,3211871030,3179682184,0,0
141,part,19289,1149311324,1144825833,3222095691,3221405969,0,0
141,part,19290,1149314795,1144809155,3219413093,3178886864,0,0
141,part,19291,1149324515,1144764444,3206077887,3209313053,0,0
141,part,19292,1149316778,1144762404,3217381635,1034886520,0,0
141,part,19293,1149341999,1144749167,1069857417,1049502606,0,0
141,part,19294,1149317933,1144708564,3216199930,1061987188,0,0
141,part,19298,1148786469,1144462304,1079770476,1058392748,3198956827,3218238410
141,part,19299,1148902571,1144489823,1083632672,1060502698,3165351000,1083523885
141,part,19300,1148522352,1144243986,3243711925,3247951143,3187741247,1076099157
141,part,19301,1148898465,1144469532,1090872520,1057574885,1036061562,1088355149
141,part,19302,1148951488,1144489162,1085307314,1065600345,3204057112,3231048392
141,part,19303,1148981695,1144476982,1087671012,3202523468,3203152999,3229918246
141,part,19304,1148901174,1144445086,1089016048,3197159206,3182049366,1079700476
141,part,19305,1148639875,1144429955,1096730664,1039176184,3199626748,3221406752
141,part,19310,1148780909,1144612252,1062103256,1062101973,1083803547,1073714114
141,part,19311,1148789028,1144613727,1071654896,1029630336,1083424743,3218003182
141,part,19312,1148770255,1144689966,1055520256,3152650368,1083328806,3223451855
141,part,19313,1148593367,1144587148,3239257091,3222645048,1083075552,3231598075
141,part,19314,1148871879,1144676293,1088027568,1069677570,1084309095,1088040170
141,part,19315,1148859831,1144653132,1088234616,3204647410,1083312072,3224121269
141,part,19316,1148835512,1144760976,1074581381,1056905324,1082975387,3236756450
141,part,19320,1149252219,1144734984,3222997386,3230847270,0,0
141,part,19321,1149251769,1144767755,3223228632,3227885560,0,0
141,part,19322,1149253262,1144800613,3226658256,3223668367,0,0
141,part,19323,1149256844,1144809650,3224824084,3225548992,0,0
141,part,19324,1149293668,1144745658,3232472391,3220693308,0,0
141,part,19325,1149311739,1144758605,3229942890,3221839120,0,0
141,part,19326,1149339798,1144751271,3208335968,3217819736,0,0
141,part,19327,1149325866,1144763157,3223039644,1040622800,0,0
141,part,19328,1149334738,1144769961,3226884880,3223126613,0,0
141,part,19329,1149364411,1144766285,1049340449,3218520752,0,0
141,part,19330,1149383164,1144788891,1076099142,1060355865,0,0
141,part,19331,1149362231,1144821844,1008163584,1059760766,0,0
141,part,19332,1149383048,1144783493,1057765026,3218099282,0,0
141,part,19333,1149370222,1144814122,3221300380,3208774669,0,0
141,part,19334,1149242543,1144968778,3192916032,1060095246,0,0
141,part,19335,1149242816,1144972940,3185864600,1052082750,0,0
141,part,19336,1149236157,1144764177,3214443467,3233402110,0,0
141,part,19337,1149255692,1144952404,985331456,1059841863,0,0
141,part,19338,1149255773,1144955778,1010586112,3185903056,0,0
141,part,19339,1149255779,1144985243,1011032320,1060094158,0,0
141,part,19340,1149009100,1144791743,1081920939,3221744647,0,0
141,part,19341,1148943442,1144782474,3177945617,3218620676,0,0
141,part,19342,1148903713,1144798759,3223248872,1050404198,0,0
141,part,19343,1148996049,1144782569,1082452176,3228287338,0,0
141,part,19344,1148984489,1144830656,1083069419,3219117444,0,0
141,part,19345,1148920054,1144870421,1057271168,1060041402,0,0
141,part,19346,1149178630,1144785922,3207849363,3227429192,0,0
141,part,19347,1149182764,1144801371,3202788333,3227668496,0,0
141,part,19348,1149183781,1144794788,3200700650,3231581072,0,0
141,part,19349,1149182956,1144841912,3202394312,3225678496,0,0
141,part,19350,1149051257,1144935969,0,1059969454,0,0
141,part,19351,1149055679,1144935972,0,1060014190,0,0
141,part,19352,1149057398,1144942928,0,1051683134,0,0
141,part,19353,1149075583,1144891009,1073774250,3231847708,0,0
141,part,19354,1148994726,1144764978,1082282956,3224402025,0,0
141,part,19355,1149004493,1144791295,1085629961,3221859130,0,0
141,part,19356,1148944186,1144797799,1077885346,3224388651,0,0
141,part,19357,1148917872,1144841910,1075343140,3213355322,0,0
141,part,19358,1149245416,1144708578,3222286801,3234227320,0,0
141,part,19359,1149263923,1144837461,1003122176,1059760766,0,0
141,part,19360,1149250017,1144772482,3224124889,3230241855,0,0
141,part,19361,1149272103,1144870229,1000094720,1059760766,0,0
141,part,19362,1149023622,1144794198,1085981391,3221007162,0,0
141,part,19363,1148924630,1144833991,1081267656,3223512042,0,0
141,part,19364,1148911769,1144847382,1077975232,3224278192,0,0
141,part,19365,1149171738,1144721928,3187465918,3232518484,0,0
141,part,19366,1149171201,1144761705,3189764064,3229434344,0,0
141,part,19367,1149170973,1144788457,3190693774,3226780094,0,0
141,part,19368,1149171252,1144786152,3189550518,3230589311,0,0
141,part,19369,1148916105,1144790397,1084802072,3222089363,0,0
141,part,19370,1148867670,1144791107,1075074515,3190191036,0,0
141,part,19371,1148911802,1144796444,1086348572,3219856872,0,0
141,part,19372,1148902132,1144786306,1087208044,3223136590,0,0
141,part,19373,1150337033,1144793766,981513385,1065347886,0,0
141,part,19374,1150328835,1144793769,968407426,1065351611,0,0
141,part,19375,1148864041,1144183797,1082971079,3244891451,0,0
141,part,19376,1148948153,1144220881,1091571783,3242763427,0,0
141,part,19377,1148849334,1144253206,1081319058,3241576377,0,0
141,part,19378,1148977056,1144260299,1093880405,3241145488,0,0
141,part,19379,1149084499,1144186986,1099657415,3245598985,0,0
141,part,19380,1148984470,1144333755,1094330860,3235364023,0,0
141,part,19381,1148807518,1144385627,1069197252,3229374006,0,0
141,part,19382,1148769421,1144378625,3210604846,3230390351,0,0
141,part,19383,1148815902,1144499514,1084559242,1084305622,0,0
141,part,19384,1148848368,1144577782,1088714848,1092421534,0,0
141,part,19385,1148962344,1144575609,1096911405,1092282440,0,0
141,part,19386,1148484066,1144378229,3246965035,3215879216,0,0
141,part,19387,1148690520,1144332028,3230648437,3229996991,0,0
141,part,19388,1148122620,1143727331,3256655621,3257162915,0,0
141,part,19389,1148468676,1144179512,3247457520,3243760848,0,0
141,part,19390,1148694891,1144292498,3214584768,3225931248,1074770771,2147483648
141,part,19391,1148417271,1144239317,3249102420,3239933294,1076545011,2147483648
141,part,19392,1148700172,1144273815,3227519406,3235748066,0,0
141,part,19393,1148591850,1144371281,3239500722,3217794140,0,0
141,part,19394,1148931646,1144294114,1091797996,3249273160,0,0
141,part,19395,1148874856,1144376488,1085807941,3246637165,0,0
141,part,19396,1148791879,1144548392,1060136944,3233759655,0,0
141,part,19397,1148996894,1144515394,1101112267,1086338338,0,0
141,part,19398,1148914361,1144509996,1098034906,1085647371,0,0
141,part,19399,1148963378,1144455451,1100039752,1075200756,0,0
141,part,19400,1148658248,1144157571,3222790807,3242642269,0,0
141,part,19401,1148676636,1144104837,3215914347,3245668468,0,0
141,part,19402,1148606863,1144108246,3232736756,3246399622,0,0
141,part,19403,1148782521,1144131922,1083571398,3244969797,0,0
141,part,19404,1148580067,1144114441,3235992279,3246031683,0,0
141,part,19405,1148666505,1143973541,3221367523,3250491010,0,0
141,part,19406,1148679314,1144325863,3215865574,3227926186,0,0
141,part,19407,1148676256,1144308601,3217387923,3230944388,0,0
141,part,19408,1148230963,1144260288,3252442912,3238592685,0,0
141,part,19409,1148515948,1144188171,3240255392,3243208174,0,0
141,part,19410,1147717537,1144464830,3261826258,1081801912,0,0
141,part,19411,1148239333,1144202701,3252175021,3242278192,0,0
141,part,19412,1148599063,1144309419,3231869268,3232893802,1074702303,2147483648
141,part,19413,1148431795,1144354037,3245641112,3224751377,1077497462,2147483648
141,part,19414,1148243137,1144195975,3250600987,3241343573,0,0
141,part,19415,1148470289,1144091337,3241775518,3246869767,0,0
141,part,19416,1148761032,1144180850,1075204802,3246006090,0,0
141,part,19417,1148694749,1144193467,3215174086,3245282045,0,0
141,part,19418,1148629374,1144232376,3232006504,3243842532,0,0
141,part,19419,1148649373,1144166014,3229539642,3247132526,0,0
141,part,19420,1148773944,1144317890,1078919327,3238647966,0,0
141,part,19421,1148748674,1144331318,1071816076,3237661705,0,0
141,part,19422,1148688370,1144388623,3219625279,3231183765,0,0
141,part,19423,1148770158,1144372346,1078542896,3233179443,0,0
141,part,19424,1148939253,1144774310,1092928203,1091335025,0,0
141,part,19425,1148944066,1144707713,1093204385,1084507574,0,0
141,part,19426,1149015810,1144684039,1098211095,1082249014,0,0
141,part,19427,1148902620,1144794563,1091335236,1093097819,0,0
141,part,19428,1148918008,1144666695,1092270000,1078153305,0,0
141,part,19429,1148914606,1144684444,1092063328,1082298247,0,0
141,part,19430,1148837867,1144668327,1084737931,1079097676,0,0
141,part,19431,1148822087,1144682745,1082829615,1082526927,0,0
141,part,19432,1149162247,1144848039,3211109014,3214695536,0,0
141,part,19433,1149120252,1144859929,3225444444,3214380680,0,0
141,part,19434,1149093196,1144851613,3231967248,1095968932,0,0
141,part,19435,1149061211,1144881854,3235853059,1097805961,0,0
141,part,19436,1149194315,1144752929,1060922155,1089429471,0,0
141,part,19437,1149240413,1144803680,1079912014,1093057122,0,0
141,part,19438,1149086821,1144716869,3233236909,1085524908,0,0
141,part,19439,1149172545,1144750497,3205251833,1089786179,0,0
141,part,19440,1149200281,1144251680,1059164301,3242510420,0,0
141,part,19441,1149220486,1144271260,1071534756,3241386780,0,0
141,part,19442,1149213387,1144277606,1068937996,3241697255,0,0
141,part,19443,1149239419,1144201066,1077695066,3246346674,0,0
141,part,19444,1149285135,1144143134,1090769992,3248128553,0,0
141,part,19445,1149151960,1144391003,3221775876,3231614976,0,0
141,part,19446,1149143556,1144406292,3224405940,3230226964,0,0
141,part,19447,1149138360,1144410562,3225736366,3229680355,0,0
141,part,19448,1149271051,1144651802,1093532779,1079746993,0,0
141,part,19449,1149354288,1144654340,1101547397,1080396689,0,0
141,part,19450,1149309879,1144547771,1098502639,3225075306,0,0
141,part,19451,1149315248,1144220482,1089373607,3243543537,0,0
141,part,19452,1149285010,1144334877,1082432692,3235955199,0,0
141,part,19453,1149323706,1144246567,1091431526,3242781266,0,0
141,part,19454,1149331383,1144291380,1092364241,3240059020,0,0
141,part,19455,1149329694,1144096193,1092159154,3249153564,0,0
141,part,19456,1149394269,1144172877,1099456011,3246824433,0,0
141,part,19457,1149238572,1144415281,3212859216,3225160941,0,0
141,part,19458,1149278261,1144457056,1081283111,3200708668,0,0
141,part,19459,1149309598,1144717547,1091631103,1084331060,0,0
141,part,19460,1149309116,1144779971,1091575722,1091007199,0,0
141,part,19461,1149367190,1144751044,1099045951,1089007964,0,0
141,part,19462,1149360727,1144818454,3206641136,3204054464,0,0
141,part,19463,1149338760,1144861730,1095730254,1096487186,0,0
141,part,19464,1149312545,1144659528,1092545383,1073555036,0,0
141,part,19465,1149246090,1144719912,1075121421,1085709556,0,0
141,part,19466,1149274481,1144621164,1085820783,3196393794,0,0
141,part,19467,1149046039,1144477541,3248693097,3230163044,0,0
141,part,19468,1149237194,1144474249,3240635238,3231099358,0,0
141,part,19469,1149276830,1144519482,3233892435,3221593443,0,0
141,part,19470,1149416810,1144608546,1092212806,1077549127,0,0
141,part,19471,1149375165,1144585118,1084968776,1071347825,0,0
141,part,19472,1149363350,1144549070,1082065353,3200209390,0,0
141,part,19473,1149038294,1144761291,3232004625,1097150362,0,0
141,part,19474,1149040300,1144595719,3232392321,1085412515,0,0
141,part,19475,1149069535,1144538368,3228882472,1075238522,0,0
141,part,19476,1149218100,1144546750,3239786958,1100942457,0,0
141,part,19477,1149204671,1144350179,3240646594,1090274280,0,0
141,part,19478,1149280934,1144418462,3226784391,1094766794,0,0
141,part,19479,1149375885,1143510202,1099216144,3256439207,3203255782,3243662502
141,part,19480,1149440063,1143506645,1099516782,3256635093,3195371270,3238949781
141,part,19481,1149412282,1143323359,1101246168,3258861965,3203445024,3243780778
141,part,19482,1149441410,1143472593,1099282185,3257949817,3189524866,3236242858
141,part,19483,1149448564,1143386580,1101301189,3258149802,3201839476,3242777307
141,part,19484,1149400458,1143495176,1099815703,3256444356,3202049064,3242908300
141,part,19485,1149377629,1143611018,1096839350,3255745724,3204505264,3244479061
141,part,19486,1149887226,1144800481,1041165190,1049617243,0,0
141,part,19488,1148666592,1144172731,3231532533,3238166999,3190312124,3242672092
141,part,19489,1148437475,1144291232,3245833088,1075098880,3171066046,3228727122
141,part,19490,1148590896,1144314545,3237622981,1057693512,3174797882,3230045254
141,part,19491,1148585478,1144323306,3238333012,1068251840,1046200205,1080478634
141,part,19492,1148706403,1144327931,3211268736,1073841622,1012731512,3223016497
141,part,19494,1149542504,1144758118,3236914081,3206082606,0,0
141,part,19495,1149555950,1144761485,3234896850,3197373204,0,0
141,part,19496,1149566144,1144760822,3234128286,3199410892,0,0
141,part,19497,1149602760,1144760592,3229395469,3200117548,0,0
141,part,19499,1148446222,1144768948,1075385525,3213725674,0,0
141,part,19500,1148420332,1144785106,1069729338,3213899406,0,0
141,part,19501,1148408536,1144793558,1073251924,3219990460,0,0
141,part,19502,1148408434,1144804391,1073174469,1059296462,0,0
141,part,19503,1148392778,1144737894,1056929901,3211981865,0,0
141,part,19504,1148402836,1144730856,1068875096,3183427024,0,0
141,part,19505,1148383744,1144706451,3198683468,3209945589,0,0
141,part,19506,1148400250,1144697243,1066888950,3190737336,0,0
141,part,19507,1148399528,1144806415,1076329170,3221962441,0,0
141,part,19508,1148391760,1144817944,1072951560,1052932198,0,0
141,part,19509,1148373080,1144784633,1044918723,3214262220,0,0
141,part,19510,1148383310,1144773496,1066461405,3207628889,0,0
141,part,19511,1148352754,1144769025,3218417935,1053647351,0,0
141,part,19512,1148363496,1144739658,3207499534,3209270853,0,0
141,part,19513,1148375566,1144723146,1054385804,3209468525,0,0
141,part,19514,1148373020,1144707122,1044553904,3208914837,0,0
141,part,19515,1148373640,1144691724,1048365864,3207400545,0,0
141,part,19516,1148371952,1144676008,1035789067,3206375290,0,0
141,part,19517,1148359900,1144651869,3212930041,1043554438,0,0
141,part,19518,1148373582,1144820546,1071573072,1058944132,0,0
141,part,19519,1148341642,1144791870,3214368631,3204571804,0,0
141,part,19520,1148370426,1144767229,1069149958,1047682516,0,0
141,part,19521,1148348506,1144741034,3205358762,3207157494,0,0
141,part,19522,1148368086,1144718920,1067353035,1050718683,0,0
141,part,19523,1148359460,1144678604,1055241950,3200327128,0,0
141,part,19524,1148343508,1144670153,3212935642,1051901859,0,0
141,part,19525,1148352116,1144631231,3194302568,3193663456,0,0
141,part,19526,1148347684,1144618508,3206622549,1039640824,0,0
141,part,19527,1148358374,1144600744,1051905913,3149093760,0,0
141,part,19528,1148355884,1144835548,1070564001,1056679107,0,0
141,part,19529,1148354184,1144815249,1069258998,1040729780,0,0
141,part,19530,1148346556,1144790757,1061447366,3206281416,0,0
141,part,19531,1148323064,1144784917,3216053755,1052134662,0,0
141,part,19532,1148336246,1144741737,3191135270,3206078738,0,0
141,part,19533,1148326566,1144706053,3213365307,1059243904,0,0
141,part,19534,1148328604,1144684915,3210762334,1045264828,0,0
141,part,19535,1148328160,1144672612,3211444458,1058210602,0,0
141,part,19536,1148330484,1144623583,3207875847,1058399153,0,0
141,part,19537,1148331458,1144606231,3206378860,1056861344,0,0
141,part,19538,1148337108,1144833639,1068726868,1050815330,0,0
141,part,19539,1148315930,1144807197,3205064801,3206195022,0,0
141,part,19540,1148318848,1144790648,3196713375,3206448046,0,0
141,part,19541,1148335394,1144787388,1067410524,1058345118,0,0
141,part,19542,1148333932,1144754354,1066287909,1057937217,0,0
141,part,19543,1148320608,1144712076,3185447514,3198163452,0,0
141,part,19544,1148325846,1144681604,1052639442,3184645144,0,0
141,part,19545,1148314102,1144669748,3207870962,1050657994,0,0
141,part,19546,1148322786,1144649408,1035620551,3175973648,0,0
141,part,19547,1148327778,1144622048,1057771104,1055118332,0,0
141,part,19548,1148320140,1144881077,1068278318,1042521220,0,0
141,part,19549,1148305430,1144866588,989623296,1051372158,0,0
141,part,19550,1148312690,1144841392,1059761335,3203557488,0,0
141,part,19551,1148307942,1144823926,1047367769,3205664808,0,0
141,part,19552,1148305440,1144817436,993661952,1051372158,0,0
141,part,19553,1148315134,1144796908,1063515806,3174892624,0,0
141,part,19554,1148316942,1144785801,1065822325,1054851357,0,0
141,part,19555,1148311830,1144762813,1058439100,3190528244,0,0
141,part,19556,1148311972,1144731831,1058657143,3146021504,0,0
141,part,19557,1148305430,1144719827,990216192,1051372158,0,0
141,part,19558,1148313110,1144688399,1060407747,1057292978,0,0
141,part,19559,1148312040,1144670786,1058763489,1053847617,0,0
141,part,19560,1148300226,1144653219,3203589898,1050213169,0,0
141,part,19561,1149389184,1144828209,3213296716,3218544418,0,0
141,part,19562,1149405470,1144791978,1073131654,3204361956,0,0
141,part,19563,1149413638,1144835302,1073096795,3213096810,0,0
141,part,19564,1149398442,1144812304,3210480283,3218176312,0,0
141,part,19565,1149396682,1144798873,3214362869,3215908514,0,0
141,part,19566,1149414788,1144797078,1074301909,3170522848,0,0
141,part,19567,1149399330,1144855931,3222050687,3206837696,0,0
141,part,19568,1149410060,1144811983,3194860915,3218423144,0,0
141,part,19569,1149417421,1144820465,3149348352,0,0,0
141,part,19570,1149411420,1144781418,1015689399,3216731614,0,0
141,part,19571,1149241810,1144976455,3213170416,3225873172,0,0
141,part,19572,1149247510,1145022388,998857600,3201187902,0,0
141,part,19573,1148881184,1144890163,1078832824,3221260444,0,0
141,part,19574,1148731392,1144866647,0,1051551670,0,0
141,part,19754,1148684097,1144750700,3217632819,3230382146,0,0
141,part,19578,1148664560,1144518342,3250293798,3167572832,985218019,1085100892
141,part,19579,1148459297,1144487248,3247852020,1067142252,3179332278,3220626072
141,part,19580,1148618095,1144602147,1082341528,1046720852,3169991932,3211654124
141,part,19581,1148805618,1144433966,1097253752,3208197057,3180987028,3222477105
141,part,19585,1149118090,1144837583,1063731042,1059947738,0,0
141,part,19586,1149112994,1144810902,1054840532,3196561208,0,0
141,part,19587,1149109944,1144794062,1042367136,3197961984,0,0
141,part,19588,1149165412,1144820778,1060919273,1059300444,0,0
141,part,19589,1149162474,1144780218,1055849372,3180841728,0,0
141,part,19590,1149168256,1144852186,1065287065,1057212330,0,0
141,part,19591,1150066688,1144820637,3101991108,1059083823,0,0
141,part,19592,1150058496,1144836987,3097402420,1059032262,0,0
141,part,19593,1150345222,1144804691,983859543,1059757095,0,0
141,part,19594,1150320644,1144771921,980332984,1059754572,0,0
141,part,19595,1150337028,1144804690,974820862,1059755600,0,0
141,part,19596,1148712939,1144661628,3184929856,3198698946,0,0
141,part,19597,1148713671,1144796086,3163253812,3209117760,0,0
141,part,19598,1148757396,1144663546,1079186660,3189558788,0,0
141,part,19599,1148713637,1144785571,3165289166,3208596192,0,0
141,part,19600,1148685669,1144760125,3223433810,3207317313,0,0
141,part,19601,1148713294,1144786139,3174589055,3210732800,0,0
141,part,19602,1148687815,1144719046,3222793209,1090527085,0,0
141,part,19603,1148683295,1144718599,3224520229,1090449618,0,0
141,part,19604,1148633611,1144228869,3244825275,3248199552,0,0
141,part,19605,1148753980,1144389489,3229996814,3233127350,0,0
141,part,19606,1148770733,1144410468,3224408379,3229211390,0,0
141,part,19607,1148815937,1144501151,1094267927,1064722855,0,0
141,part,19608,1148777774,1144589637,1091044242,1091445244,0,0
141,part,19609,1148705273,1144541919,1073881984,1083444490,0,0
141,part,19610,1148747798,1144847598,0,0,0,0
141,part,19611,1148747798,1144847598,0,0,0,0
141,part,19612,1148747798,1144847598,0,0,0,0
141,part,19613,1148747798,1144847598,0,0,0,0
141,part,19614,1148747798,1144847598,0,0,0,0
141,part,19615,1148747798,1144847598,0,0,0,0
141,part,19616,1148747798,1144847598,0,0,0,0
141,part,19617,1148747798,1144847598,0,0,0,0
141,part,19618,1148838255,1144395888,1100572733,1092194416,0,0
141,part,19619,1148779277,1144432096,1096576046,1095670346,0,0
141,part,19620,1148731513,1144304647,1091990565,1067403025,0,0
141,part,19621,1148712471,1144504392,3183495564,1095766720,0,0
141,part,19622,1148734438,1144474450,1072158881,1093043597,0,0
141,part,19623,1148651952,1144570937,3232749756,1100643720,0,0
141,part,19624,1148679307,1144544558,3225650554,1099409982,0,0
141,part,19625,1148679935,1144457915,3225415463,1091807952,0,0
141,part,19626,1148829702,1144525190,1092994655,1098100741,0,0
141,part,19627,1148729070,1144408813,1068820815,1084126336,0,0
141,part,19628,1148675915,1144428594,3227217405,1087905151,0,0
141,part,19629,1149065031,1144610302,3242591772,3241742741,0,0
141,part,19630,1149106449,1144643612,3238824915,3238713329,0,0
141,part,19631,1149041997,1144657497,3245116254,3237345183,0,0
141,part,19632,1149027700,1144587798,3246422412,3244193427,0,0
141,part,19633,1148948921,1144718761,3250106802,3222154158,0,0
141,part,19634,1148970076,1144680271,3249117451,3233084711,0,0
141,part,19635,1149130777,1144757037,3235925784,1067184188,0,0
141,part,19636,1149135250,1144745778,3235071418,1044725985,0,0
141,part,19637,1149018466,1144779298,3237933080,3233308344,0,0
141,part,19638,1148986276,1144767479,3240895428,3235458234,0,0
141,part,19639,1148937453,1144736545,3245783813,3239826777,0,0
141,part,19640,1148959763,1144700057,3243696872,3243239744,0,0
141,part,19641,1149038835,1144781141,3234598728,3233308010,0,0
141,part,19642,1148999548,1144739305,3239975564,3239568596,0,0
141,part,19643,1149046194,1144851392,3233476018,1057233775,0,0
141,part,19644,1149056183,1144796574,3231620087,3230663012,0,0
141,part,19645,1148906845,1144413769,3245347380,3232313205,1048712762,1086518606
141,part,19646,1148997406,1144499835,3243417705,3233996910,1056425159,1095749224
141,part,19647,1148933990,1144377384,3247122974,3246264522,1048812852,1086706276
141,part,19648,1148920341,1144354590,3246752228,3239107971,1040521015,1075290764
141,part,19649,1148954715,1144443166,3244133870,3235773224,1050454518,1089784410
141,part,19650,1149021574,1144414534,3243838478,3234345934,1056188914,1095527743
141,part,19651,1146980727,1145076552,1055077375,3194125684,0,0
141,part,19652,1149878595,1144816364,1039302786,1040986839,0,0
141,part,19653,1149878487,1144833087,1033999125,1045161382,0,0
141,part,19654,1149837313,1144799232,967164416,0,0,0
141,part,19655,1149838942,1144782393,1058588607,3182066236,0,0
141,part,19656,1149835582,1144766692,3206689261,1026209344,0,0
141,part,19658,1149335690,1144831458,3207797487,3184205448,0,0
141,part,19659,1149337034,1144813283,3193204657,3202003200,0,0
141,part,19660,1149335555,1144800582,3208626402,1048383001,0,0
141,part,19661,1149347138,1144830310,1056727331,3198052386,0,0
141,part,19662,1149649545,1144748415,3233309699,3197900750,0,0
141,part,19663,1149667598,1144723634,1062814974,3219903268,0,0
141,part,19664,1149671277,1144716774,1074563989,3184117552,0,0
141,part,19665,1149665671,1144691083,1041413044,3219569902,0,0
141,part,19666,1149679180,1144731310,1074120513,3202330116,0,0
141,part,19667,1149676083,1144692895,1064620400,3216787266,0,0
141,part,19668,1149664439,1144754076,3198005619,3222350997,0,0
141,part,19669,1149686911,1144761523,1073084021,3211237877,0,0
141,part,19670,1149679320,1144725077,3210461560,3217686654,0,0
141,part,19671,1149694928,1144762946,1072547242,3206865495,0,0
141,part,19672,1149684370,1144751364,3221264006,1047578833,0,0
141,part,19673,1149684982,1144731590,3219419759,3200611678,0,0
141,part,19674,1149688721,1144709362,3201623721,3216659068,0,0
141,part,19675,1149688488,1144693595,3204462258,3215711132,0,0
141,part,19676,1149693094,1144751589,3219665841,1049461731,0,0
141,part,19677,1149699663,1144710678,1058498256,3214637802,0,0
141,part,19678,1149701887,1144698831,1068757652,3200553004,0,0
141,part,19679,1149706714,1144726303,1043456956,3215803848,0,0
141,part,19680,1149742947,1144779443,3217513073,3206519011,0,0
141,part,19681,1149765867,1144792455,1062600003,3214858376,0,0
141,part,19682,1149760966,1144776948,3212146191,3213511134,0,0
141,part,19683,1149112931,1144849077,1063036796,1040308578,0,0
141,part,19684,1148754511,1144669977,1067310249,1051352113,0,0
141,part,19685,1148747791,1144646098,993140908,3213169758,0,0
141,part,19686,1148754693,1144635263,1067588460,3166808816,0,0
141,part,19687,1148752850,1144616192,1064163388,3204711945,0,0
141,part,19688,1148735086,1144654518,1059923649,1057000733,0,0
141,part,19689,1150066688,1144833646,3098085488,1050303503,0,0
141,part,19690,1150050304,1144850037,3100769960,1050345742,0,0
141,part,19691,1150042112,1144849967,3099201066,1049913054,0,0
141,part,19692,1150058496,1144850007,3102542608,1050161477,0,0
141,part,19693,1150328833,1144801052,970077781,1051368143,0,0
141,part,19694,1149378539,1144392698,1121421491,3249389348,0,0
141,part,19695,1148564579,1144571609,3239203443,3217830604,1050626217,1084414700
141,part,19696,1148966852,1144502595,3168527382,1041441324,0,1114636288
141,part,19697,1148965157,1144493213,1033637973,1046653535,0,1114636288
141,part,19698,1150025794,1144709587,3231373870,3243601136,0,0
141,part,19699,1150043803,1144692523,1071693728,3246634375,0,0
141,part,19700,1150037427,1144660023,3205772100,3249754407,0,0
141,part,19701,1148695107,1144536623,3230169476,3246497940,0,0
141,part,19702,1148729639,1144522827,1073985696,3247822379,0,0
141,part,19703,1148694860,1144546098,3230264409,3244785425,0,0
141,part,19704,1148696783,1144546410,3229437855,3244725476,0,0
141,part,19705,1148715516,1144567303,3204915117,3240713943,0,0
141,part,19706,1148753568,1144562153,1087246635,3241702761,0,0
141,part,19707,1148699427,1144605122,3227407212,3228191321,0,0
141,part,19708,1148710265,1144597722,3216942703,3231744432,0,0
141,part,19709,1148776553,1144768886,1066744048,3234110305,3227157872,1114736411
141,part,19710,1148718399,1144800879,0,0,3227177214,1114663876
141,part,19711,1148620448,1144792665,3240130198,1094602239,3226763863,1115949406
141,part,19712,1148759205,1144822842,0,0,3227369636,1113942292
141,part,19713,1148740362,1144760074,0,0,3227031960,1115208582
141,part,19714,1148589579,1144810456,3245703051,1090178102,3226668039,1116129077
141,part,19715,1148712098,1144715072,3252414551,1085257898,3230496469,1115815732
141,part,19718,1150025728,1144832000,3124439848,3197470855,0,0
141,part,19719,1150025728,1144848384,3124362914,3198924152,0,0
141,part,19720,1148665856,1144782848,3212920962,3213664361,0,0
141,part,19721,1148682240,1144782848,3210559280,3210505942,0,0
141,part,19722,1148698624,1144782848,3213593812,3202590143,0,0
141,part,19723,1148698624,1144766464,1060662380,3211822816,0,0
141,part,19724,1148649472,1144766464,1052915922,3211854584,0,0
141,part,19725,1148633088,1144782848,1054966423,3205807513,0,0
141,part,19726,1148649472,1144782848,1053690244,3206066675,0,0
141,part,19727,1149960192,1144782848,1023867214,3200557749,0,0
141,part,19728,1149853696,1144782848,3202282523,3197143988,0,0
141,part,19729,1149353984,1144832000,1052867668,3207333673,0,0
141,part,19730,1149353984,1144815616,3207110100,3198902637,0,0
141,part,19731,1149771776,1144766464,3216338827,3214919955,0,0
141,part,19732,1149779968,1144766464,3215647945,3214135552,0,0
141,part,19734,1149771776,1144815616,3209342412,3211068464,0,0
141,part,19735,1148616704,1144782848,1061693098,3207407627,0,0
141,part,19736,1148616704,1144750080,1065508529,3206320088,0,0
141,part,19737,1148600320,1144799232,1067501465,3210296473,0,0
141,part,19738,1148600320,1144782848,1059886173,3214838266,0,0
141,part,19739,1148600320,1144766464,1064793057,3211904648,0,0
141,part,19740,1148583936,1144799232,1071163585,3209981758,0,0
141,part,19741,1148583936,1144766464,3210163375,3212287727,0,0
141,part,19742,1148583936,1144750080,3204914537,3213729061,0,0
141,part,19743,1150304256,1144766464,981497264,3113362238,0,0
