2026-09-11T05:08:15.952779+00:00 git rev-parse HEAD
exit=0
60cb6981462d30400d372ca778d440c82a5bcbe3

2026-09-11T05:08:16.022058+00:00 git status --porcelain
exit=0
 M Data/Tests.rte/Activities.ini
 M RTEA.vcxproj
 M RTEA.vcxproj.filters
 M Source/Activities/GameActivity.cpp
 M Source/Activities/GameActivity.h
 M Source/CI/meson.build
 M Source/Entities/ACraft.cpp
 M Source/Entities/ACraft.h
 M Source/Entities/AHuman.cpp
 M Source/Entities/Activity.cpp
 M Source/Entities/Activity.h
 M Source/Entities/MovableObject.cpp
 M Source/Entities/MovableObject.h
 M Source/GUI/GUICheckpoint.h
 M Source/GUI/GUIControlManager.cpp
 M Source/Main.cpp
 M Source/Managers/ActivityMan.cpp
 M Source/Managers/ActivityMan.h
 M Source/Managers/FrameMan.cpp
 M Source/Managers/FrameMan.h
 M Source/Managers/LuaMan.cpp
 M Source/Managers/LuaMan.h
 M Source/Managers/MenuMan.cpp
 M Source/Managers/MenuMan.h
 M Source/Managers/MovableMan.cpp
 M Source/Managers/MovableMan.h
 M Source/Managers/PresetMan.cpp
 M Source/Managers/UInputMan.cpp
 M Source/Managers/UInputMan.h
 M Source/Menus/InventoryMenuGUI.cpp
 M Source/Menus/MainMenuGUI.cpp
 M Source/Menus/MainMenuGUI.h
 M Source/Menus/SceneEditorGUI.cpp
 M Source/Menus/SceneEditorGUI.h
 M Source/Menus/meson.build
 M Source/Network/NetGameCommand.cpp
 M Source/Network/NetGameCommand.h
 M Source/Network/NetLobbyProtocol.cpp
 M Source/Network/NetLobbyProtocol.h
 M Source/Network/NetLobbySession.cpp
 M Source/Network/NetLobbySession.h
 M Source/Network/NetLockstep.cpp
 M Source/Network/NetLockstep.h
 M Source/Network/NetLockstepSelfTest.cpp
 M Source/Network/NetMatchRunner.cpp
 M Source/Network/NetMatchRunner.h
 M Source/Network/NetMatchSelfTest.cpp
 M Source/Network/NetMatchService.cpp
 M Source/Network/NetMatchService.h
 M Source/Network/NetReconnectSession.cpp
 M Source/Network/NetReconnectSession.h
 M Source/Network/NetReconnectSessionSelfTest.cpp
 M Source/Network/NetReconnectTicketStore.cpp
 M Source/Network/NetReconnectTicketStore.h
 M Source/Network/NetReconnectTxCache.cpp
 M Source/Network/NetReconnectTxCache.h
 M Source/Network/NetReconnectUx.cpp
 M Source/Network/NetReconnectUx.h
 M Source/Network/NetSession.cpp
 M Source/Network/NetSession.h
 M Source/Network/meson.build
 M Source/System/Controller.cpp
 M Source/System/Controller.h
 M Source/System/ScenarioRunner.cpp
 M Source/System/ScenarioRunner.h
 M "external/sources/allegro 4.4.3.1-custom/_Bin/allegro-release.lib"
 M external/sources/luabind-0.7.1/_Bin/luabind-release.lib
 M tools/compare_snapshots.py
?? Data/Tests.rte/Activities/NetLifecycleTest.lua
?? Source/CI/NetModerationGUIProbe.cpp
?? Source/CI/NetModerationGUIProbe.h
?? Source/Menus/NetModerationGUI.cpp
?? Source/Menus/NetModerationGUI.h
?? Source/Network/NetA7Journal.cpp
?? Source/Network/NetA7Journal.h
?? Source/Network/NetRecoveryJournal.cpp
?? Source/Network/NetRecoveryJournal.h
?? Source/Network/NetResyncRuntimeSelfTest.cpp
?? Source/Network/NetResyncRuntimeSelfTest.h
?? Source/Network/NetResyncSelfTest.cpp
?? Source/Network/NetResyncSelfTest.h
?? Source/Network/NetResyncState.cpp
?? Source/Network/NetResyncState.h
?? tools/test_snapshot_inventory_roles.py

2026-09-11T05:08:16.043729+00:00 git rev-parse w1-split-attempt1
exit=0
aaf7057e5dfef135a9b9f09fbc6831672e091895

2026-09-11T05:08:16.076038+00:00 git stash list
exit=0
stash@{0}: WIP on experiment/cross-arch-combat: 845f50c1a Route ExpDecay through the deterministic exp poly

git apply -R --check D:\Projects\reviews\takeover-20260909\handoff-20260910\post-positive20.patch
exit=0
git apply -R D:\Projects\reviews\takeover-20260909\handoff-20260910\post-positive20.patch
exit=0
2026-09-11T05:11:43.352610+00:00 cwd=D:\Projects\takeover-fixes
git status --porcelain
exit=0
--- stdout ---
 M Data/Tests.rte/Activities.ini
 M RTEA.vcxproj
 M RTEA.vcxproj.filters
 M Source/Activities/GameActivity.cpp
 M Source/Activities/GameActivity.h
 M Source/CI/meson.build
 M Source/Entities/ACraft.cpp
 M Source/Entities/ACraft.h
 M Source/Entities/AHuman.cpp
 M Source/Entities/Activity.cpp
 M Source/Entities/Activity.h
 M Source/Entities/MovableObject.cpp
 M Source/Entities/MovableObject.h
 M Source/GUI/GUICheckpoint.h
 M Source/GUI/GUIControlManager.cpp
 M Source/Main.cpp
 M Source/Managers/ActivityMan.cpp
 M Source/Managers/ActivityMan.h
 M Source/Managers/FrameMan.cpp
 M Source/Managers/FrameMan.h
 M Source/Managers/LuaMan.cpp
 M Source/Managers/LuaMan.h
 M Source/Managers/MenuMan.cpp
 M Source/Managers/MenuMan.h
 M Source/Managers/MovableMan.cpp
 M Source/Managers/MovableMan.h
 M Source/Managers/PresetMan.cpp
 M Source/Managers/UInputMan.cpp
 M Source/Managers/UInputMan.h
 M Source/Menus/InventoryMenuGUI.cpp
 M Source/Menus/MainMenuGUI.cpp
 M Source/Menus/MainMenuGUI.h
 M Source/Menus/SceneEditorGUI.cpp
 M Source/Menus/SceneEditorGUI.h
 M Source/Menus/meson.build
 M Source/Network/NetGameCommand.cpp
 M Source/Network/NetGameCommand.h
 M Source/Network/NetLobbyProtocol.cpp
 M Source/Network/NetLobbyProtocol.h
 M Source/Network/NetLobbySession.cpp
 M Source/Network/NetLobbySession.h
 M Source/Network/NetLockstep.cpp
 M Source/Network/NetLockstep.h
 M Source/Network/NetLockstepSelfTest.cpp
 M Source/Network/NetMatchRunner.cpp
 M Source/Network/NetMatchRunner.h
 M Source/Network/NetMatchSelfTest.cpp
 M Source/Network/NetMatchService.cpp
 M Source/Network/NetMatchService.h
 M Source/Network/NetReconnectSession.cpp
 M Source/Network/NetReconnectSession.h
 M Source/Network/NetReconnectSessionSelfTest.cpp
 M Source/Network/NetReconnectTicketStore.cpp
 M Source/Network/NetReconnectTicketStore.h
 M Source/Network/NetReconnectUx.cpp
 M Source/Network/NetReconnectUx.h
 M Source/Network/NetSession.cpp
 M Source/Network/NetSession.h
 M Source/Network/meson.build
 M Source/System/Controller.cpp
 M Source/System/Controller.h
 M Source/System/ScenarioRunner.cpp
 M Source/System/ScenarioRunner.h
 M "external/sources/allegro 4.4.3.1-custom/_Bin/allegro-release.lib"
 M external/sources/luabind-0.7.1/_Bin/luabind-release.lib
 M tools/compare_snapshots.py
?? Data/Tests.rte/Activities/NetLifecycleTest.lua
?? Source/CI/NetModerationGUIProbe.cpp
?? Source/CI/NetModerationGUIProbe.h
?? Source/Menus/NetModerationGUI.cpp
?? Source/Menus/NetModerationGUI.h
?? Source/Network/NetA7Journal.cpp
?? Source/Network/NetA7Journal.h
?? Source/Network/NetResyncRuntimeSelfTest.cpp
?? Source/Network/NetResyncRuntimeSelfTest.h
?? Source/Network/NetResyncSelfTest.cpp
?? Source/Network/NetResyncSelfTest.h
?? Source/Network/NetResyncState.cpp
?? Source/Network/NetResyncState.h
?? tools/test_snapshot_inventory_roles.py

2026-09-11T05:11:43.404905+00:00 cwd=D:\Projects\takeover-fixes
git add -- Source/Network/NetGameCommand.h Source/Network/NetGameCommand.cpp
exit=0

2026-09-11T05:11:43.453176+00:00 cwd=D:\Projects\takeover-fixes
git diff --cached --name-only
exit=0
--- stdout ---
Source/Network/NetGameCommand.cpp
Source/Network/NetGameCommand.h

2026-09-11T05:11:43.678080+00:00 cwd=D:\Projects\takeover-fixes
git commit -F D:\Projects\reviews\takeover-20260909\grok-workers\w1-commit-split\scratch\commit-msgs\01.txt
exit=0
--- stdout ---
[stage2/takeover-next 407660b40b] Carry player-binding observations on the command wire
 2 files changed, 30 insertions(+), 2 deletions(-)

2026-09-11T05:11:43.711140+00:00 cwd=D:\Projects\takeover-fixes
git rev-parse HEAD
exit=0
--- stdout ---
407660b40bd27cf17e9a71dc94773b9e7b493417

2026-09-11T05:11:43.752321+00:00 cwd=D:\Projects\takeover-fixes
git log -1 --format=%s
exit=0
--- stdout ---
Carry player-binding observations on the command wire

2026-09-11T05:11:43.811692+00:00 cwd=D:\Projects\takeover-fixes
git add -- Source/Network/NetLobbyProtocol.h Source/Network/NetLobbyProtocol.cpp Source/Network/NetResyncState.h Source/Network/NetResyncState.cpp Source/Network/NetResyncSelfTest.h Source/Network/NetResyncSelfTest.cpp
exit=0

2026-09-11T05:11:43.857309+00:00 cwd=D:\Projects\takeover-fixes
git hash-object -w D:\Projects\reviews\takeover-20260909\grok-workers\w1-commit-split\scratch\tmp-index-blob
exit=0
--- stdout ---
9d2071f0c339f7b4076650ecb5a39ebb827cc475

2026-09-11T05:11:43.897875+00:00 cwd=D:\Projects\takeover-fixes
git update-index --cacheinfo 100644,9d2071f0c339f7b4076650ecb5a39ebb827cc475,RTEA.vcxproj
exit=0

2026-09-11T05:11:43.942169+00:00 cwd=D:\Projects\takeover-fixes
git hash-object -w D:\Projects\reviews\takeover-20260909\grok-workers\w1-commit-split\scratch\tmp-index-blob
exit=0
--- stdout ---
a81320ae8c591cb62cfd2823e16cf64ef2008ad6

2026-09-11T05:11:43.985482+00:00 cwd=D:\Projects\takeover-fixes
git update-index --cacheinfo 100644,a81320ae8c591cb62cfd2823e16cf64ef2008ad6,RTEA.vcxproj.filters
exit=0

2026-09-11T05:11:44.036330+00:00 cwd=D:\Projects\takeover-fixes
git hash-object -w D:\Projects\reviews\takeover-20260909\grok-workers\w1-commit-split\scratch\tmp-index-blob
exit=0
--- stdout ---
ed41fd8f6086596e441b96b3ae12d40667f2f696

2026-09-11T05:11:44.077196+00:00 cwd=D:\Projects\takeover-fixes
git update-index --cacheinfo 100644,ed41fd8f6086596e441b96b3ae12d40667f2f696,Source/Network/meson.build
exit=0

2026-09-11T05:11:44.121410+00:00 cwd=D:\Projects\takeover-fixes
git diff --cached --name-only
exit=0
--- stdout ---
RTEA.vcxproj
RTEA.vcxproj.filters
Source/Network/NetLobbyProtocol.cpp
Source/Network/NetLobbyProtocol.h
Source/Network/NetResyncSelfTest.cpp
Source/Network/NetResyncSelfTest.h
Source/Network/NetResyncState.cpp
Source/Network/NetResyncState.h
Source/Network/meson.build

2026-09-11T05:11:44.357189+00:00 cwd=D:\Projects\takeover-fixes
git commit -F D:\Projects\reviews\takeover-20260909\grok-workers\w1-commit-split\scratch\commit-msgs\02.txt
exit=0
--- stdout ---
[stage2/takeover-next 2ce183842c] Bound a resync envelope around archive, acks and pending commands
 9 files changed, 1093 insertions(+), 9 deletions(-)
 create mode 100644 Source/Network/NetResyncSelfTest.cpp
 create mode 100644 Source/Network/NetResyncSelfTest.h
 create mode 100644 Source/Network/NetResyncState.cpp
 create mode 100644 Source/Network/NetResyncState.h

2026-09-11T05:11:44.391308+00:00 cwd=D:\Projects\takeover-fixes
git rev-parse HEAD
exit=0
--- stdout ---
2ce183842c6cec402b7350df361dfbc879ad6e2f

2026-09-11T05:11:44.428546+00:00 cwd=D:\Projects\takeover-fixes
git log -1 --format=%s
exit=0
--- stdout ---
Bound a resync envelope around archive, acks and pending commands

2026-09-11T05:11:44.495646+00:00 cwd=D:\Projects\takeover-fixes
git add -- Source/Network/NetLockstep.h Source/Network/NetLockstep.cpp Source/Network/NetLockstepSelfTest.cpp Source/System/ScenarioRunner.h Source/System/ScenarioRunner.cpp Source/Network/NetResyncRuntimeSelfTest.h Source/Network/NetResyncRuntimeSelfTest.cpp
exit=0
--- stderr ---
warning: in the working copy of 'Source/Network/NetLockstep.cpp', CRLF will be replaced by LF the next time Git touches it
warning: in the working copy of 'Source/Network/NetLockstep.h', CRLF will be replaced by LF the next time Git touches it
warning: in the working copy of 'Source/Network/NetLockstepSelfTest.cpp', CRLF will be replaced by LF the next time Git touches it

2026-09-11T05:11:44.538283+00:00 cwd=D:\Projects\takeover-fixes
git hash-object -w D:\Projects\reviews\takeover-20260909\grok-workers\w1-commit-split\scratch\tmp-index-blob
exit=0
--- stdout ---
202483beecdba51c22e15d5d92d0264fb1287dad

2026-09-11T05:11:44.580747+00:00 cwd=D:\Projects\takeover-fixes
git update-index --cacheinfo 100644,202483beecdba51c22e15d5d92d0264fb1287dad,RTEA.vcxproj
exit=0

2026-09-11T05:11:44.622613+00:00 cwd=D:\Projects\takeover-fixes
git hash-object -w D:\Projects\reviews\takeover-20260909\grok-workers\w1-commit-split\scratch\tmp-index-blob
exit=0
--- stdout ---
46e56da22815239e45a1e8a38db4d6cd77d923b5

2026-09-11T05:11:44.664888+00:00 cwd=D:\Projects\takeover-fixes
git update-index --cacheinfo 100644,46e56da22815239e45a1e8a38db4d6cd77d923b5,RTEA.vcxproj.filters
exit=0

2026-09-11T05:11:44.709667+00:00 cwd=D:\Projects\takeover-fixes
git hash-object -w D:\Projects\reviews\takeover-20260909\grok-workers\w1-commit-split\scratch\tmp-index-blob
exit=0
--- stdout ---
38430dae0f2912674e6fff29c7c43c7af3cb78e1

2026-09-11T05:11:44.749598+00:00 cwd=D:\Projects\takeover-fixes
git update-index --cacheinfo 100644,38430dae0f2912674e6fff29c7c43c7af3cb78e1,Source/Network/meson.build
exit=0

2026-09-11T05:11:44.788343+00:00 cwd=D:\Projects\takeover-fixes
git diff --cached --name-only
exit=0
--- stdout ---
RTEA.vcxproj
RTEA.vcxproj.filters
Source/Network/NetLockstep.cpp
Source/Network/NetLockstep.h
Source/Network/NetLockstepSelfTest.cpp
Source/Network/NetResyncRuntimeSelfTest.cpp
Source/Network/NetResyncRuntimeSelfTest.h
Source/Network/meson.build
Source/System/ScenarioRunner.cpp
Source/System/ScenarioRunner.h

2026-09-11T05:11:45.017423+00:00 cwd=D:\Projects\takeover-fixes
git commit -F D:\Projects\reviews\takeover-20260909\grok-workers\w1-commit-split\scratch\commit-msgs\03.txt
exit=0
--- stdout ---
[stage2/takeover-next 8a0fcae45f] Restore complete input, drop-map ownership and exact-target priming
 10 files changed, 4292 insertions(+), 271 deletions(-)
 create mode 100644 Source/Network/NetResyncRuntimeSelfTest.cpp
 create mode 100644 Source/Network/NetResyncRuntimeSelfTest.h

2026-09-11T05:11:45.048116+00:00 cwd=D:\Projects\takeover-fixes
git rev-parse HEAD
exit=0
--- stdout ---
8a0fcae45f07dfdca23a67bfcef6fc60ea066190

2026-09-11T05:11:45.084384+00:00 cwd=D:\Projects\takeover-fixes
git log -1 --format=%s
exit=0
--- stdout ---
Restore complete input, drop-map ownership and exact-target priming

2026-09-11T05:11:45.141200+00:00 cwd=D:\Projects\takeover-fixes
git add -- Source/Managers/LuaMan.h Source/Managers/LuaMan.cpp
exit=0

2026-09-11T05:11:45.183119+00:00 cwd=D:\Projects\takeover-fixes
git diff --cached --name-only
exit=0
--- stdout ---
Source/Managers/LuaMan.cpp
Source/Managers/LuaMan.h

2026-09-11T05:11:45.393781+00:00 cwd=D:\Projects\takeover-fixes
git commit -F D:\Projects\reviews\takeover-20260909\grok-workers\w1-commit-split\scratch\commit-msgs\04.txt
exit=0
--- stdout ---
[stage2/takeover-next 1f184512ad] Restore typed native aliases and isolate craft-fixture clones
 2 files changed, 262 insertions(+), 19 deletions(-)

2026-09-11T05:11:45.425393+00:00 cwd=D:\Projects\takeover-fixes
git rev-parse HEAD
exit=0
--- stdout ---
1f184512ad42a72a88f5790ea161febbe1638ca9

2026-09-11T05:11:45.471911+00:00 cwd=D:\Projects\takeover-fixes
git log -1 --format=%s
exit=0
--- stdout ---
Restore typed native aliases and isolate craft-fixture clones

2026-09-11T05:11:45.529613+00:00 cwd=D:\Projects\takeover-fixes
git add -- Source/Entities/MovableObject.h Source/Entities/MovableObject.cpp
exit=0

2026-09-11T05:11:45.572277+00:00 cwd=D:\Projects\takeover-fixes
git diff --cached --name-only
exit=0
--- stdout ---
Source/Entities/MovableObject.cpp
Source/Entities/MovableObject.h

2026-09-11T05:11:45.789769+00:00 cwd=D:\Projects\takeover-fixes
git commit -F D:\Projects\reviews\takeover-20260909\grok-workers\w1-commit-split\scratch\commit-msgs\05.txt
exit=0
--- stdout ---
[stage2/takeover-next 039a42c72e] Skip registry mutation when privately adopting a persisted UniqueID
 2 files changed, 61 insertions(+)

2026-09-11T05:11:45.823777+00:00 cwd=D:\Projects\takeover-fixes
git rev-parse HEAD
exit=0
--- stdout ---
039a42c72ed780ef2b5ffa14821b8e99747544e4

2026-09-11T05:11:45.865678+00:00 cwd=D:\Projects\takeover-fixes
git log -1 --format=%s
exit=0
--- stdout ---
Skip registry mutation when privately adopting a persisted UniqueID

2026-09-11T05:11:45.927546+00:00 cwd=D:\Projects\takeover-fixes
git add -- Source/Entities/ACraft.h Source/Entities/ACraft.cpp Source/Entities/AHuman.cpp
exit=0

2026-09-11T05:11:45.969773+00:00 cwd=D:\Projects\takeover-fixes
git diff --cached --name-only
exit=0
--- stdout ---
Source/Entities/ACraft.cpp
Source/Entities/ACraft.h
Source/Entities/AHuman.cpp

2026-09-11T05:11:46.185248+00:00 cwd=D:\Projects\takeover-fixes
git commit -F D:\Projects\reviews\takeover-20260909\grok-workers\w1-commit-split\scratch\commit-msgs\06.txt
exit=0
--- stdout ---
[stage2/takeover-next debd386305] Keep ACraft exit selection and AHuman inventory across checkpoint load
 3 files changed, 8 insertions(+), 1 deletion(-)

2026-09-11T05:11:46.220579+00:00 cwd=D:\Projects\takeover-fixes
git rev-parse HEAD
exit=0
--- stdout ---
debd38630573b82a6f53e41920b4ef783262f997

2026-09-11T05:11:46.261434+00:00 cwd=D:\Projects\takeover-fixes
git log -1 --format=%s
exit=0
--- stdout ---
Keep ACraft exit selection and AHuman inventory across checkpoint load

2026-09-11T05:11:46.318654+00:00 cwd=D:\Projects\takeover-fixes
git add -- Source/Network/NetA7Journal.h Source/Network/NetA7Journal.cpp
exit=0

2026-09-11T05:11:46.357375+00:00 cwd=D:\Projects\takeover-fixes
git hash-object -w D:\Projects\reviews\takeover-20260909\grok-workers\w1-commit-split\scratch\tmp-index-blob
exit=0
--- stdout ---
33aae11ed4d04d39093767b01c75dce998ce4bb2

2026-09-11T05:11:46.399397+00:00 cwd=D:\Projects\takeover-fixes
git update-index --cacheinfo 100644,33aae11ed4d04d39093767b01c75dce998ce4bb2,RTEA.vcxproj
exit=0

2026-09-11T05:11:46.462414+00:00 cwd=D:\Projects\takeover-fixes
git hash-object -w D:\Projects\reviews\takeover-20260909\grok-workers\w1-commit-split\scratch\tmp-index-blob
exit=0
--- stdout ---
28daad995dcdba8e005eb53c35ed45837db980b8

2026-09-11T05:11:46.501709+00:00 cwd=D:\Projects\takeover-fixes
git update-index --cacheinfo 100644,28daad995dcdba8e005eb53c35ed45837db980b8,RTEA.vcxproj.filters
exit=0

2026-09-11T05:11:46.543588+00:00 cwd=D:\Projects\takeover-fixes
git hash-object -w D:\Projects\reviews\takeover-20260909\grok-workers\w1-commit-split\scratch\tmp-index-blob
exit=0
--- stdout ---
bc071f6984965841366eca01c0c7823b0c73b406

2026-09-11T05:11:46.588749+00:00 cwd=D:\Projects\takeover-fixes
git update-index --cacheinfo 100644,bc071f6984965841366eca01c0c7823b0c73b406,Source/Network/meson.build
exit=0

2026-09-11T05:11:46.629838+00:00 cwd=D:\Projects\takeover-fixes
git diff --cached --name-only
exit=0
--- stdout ---
RTEA.vcxproj
RTEA.vcxproj.filters
Source/Network/NetA7Journal.cpp
Source/Network/NetA7Journal.h
Source/Network/meson.build

2026-09-11T05:11:46.841523+00:00 cwd=D:\Projects\takeover-fixes
git commit -F D:\Projects\reviews\takeover-20260909\grok-workers\w1-commit-split\scratch\commit-msgs\07.txt
exit=0
--- stdout ---
[stage2/takeover-next 72fe9734c5] Add A7 journal helpers for recovery-arm traces
 5 files changed, 432 insertions(+)
 create mode 100644 Source/Network/NetA7Journal.cpp
 create mode 100644 Source/Network/NetA7Journal.h

2026-09-11T05:11:46.874780+00:00 cwd=D:\Projects\takeover-fixes
git rev-parse HEAD
exit=0
--- stdout ---
72fe9734c5da8eb65396e61f59bb6f452638ad96

2026-09-11T05:11:46.916515+00:00 cwd=D:\Projects\takeover-fixes
git log -1 --format=%s
exit=0
--- stdout ---
Add A7 journal helpers for recovery-arm traces

2026-09-11T05:11:47.004192+00:00 cwd=D:\Projects\takeover-fixes
git add -- Source/Menus/NetModerationGUI.h Source/Menus/NetModerationGUI.cpp Source/CI/NetModerationGUIProbe.h Source/CI/NetModerationGUIProbe.cpp Source/Menus/MainMenuGUI.h Source/Menus/MainMenuGUI.cpp Source/Managers/MenuMan.h Source/Managers/MenuMan.cpp Source/Managers/UInputMan.h Source/Managers/UInputMan.cpp Source/Main.cpp Source/Network/NetReconnectUx.h Source/Network/NetReconnectUx.cpp Source/Network/NetReconnectSession.h Source/Network/NetReconnectSession.cpp Source/Network/NetReconnectSessionSelfTest.cpp Source/Network/NetMatchService.h Source/Network/NetMatchService.cpp Source/CI/meson.build Source/Menus/meson.build
exit=0
--- stderr ---
warning: in the working copy of 'Source/Network/NetReconnectSessionSelfTest.cpp', CRLF will be replaced by LF the next time Git touches it

2026-09-11T05:11:47.046035+00:00 cwd=D:\Projects\takeover-fixes
git hash-object -w D:\Projects\reviews\takeover-20260909\grok-workers\w1-commit-split\scratch\tmp-index-blob
exit=0
--- stdout ---
d4d516f89f111a1e43b8335dd56c7cc5f1ac7e5d

2026-09-11T05:11:47.090760+00:00 cwd=D:\Projects\takeover-fixes
git update-index --cacheinfo 100644,d4d516f89f111a1e43b8335dd56c7cc5f1ac7e5d,RTEA.vcxproj
exit=0

2026-09-11T05:11:47.135277+00:00 cwd=D:\Projects\takeover-fixes
git hash-object -w D:\Projects\reviews\takeover-20260909\grok-workers\w1-commit-split\scratch\tmp-index-blob
exit=0
--- stdout ---
e5d733d3b273a945c75f0af93d7cffc5f2adc30c

2026-09-11T05:11:47.181206+00:00 cwd=D:\Projects\takeover-fixes
git update-index --cacheinfo 100644,e5d733d3b273a945c75f0af93d7cffc5f2adc30c,RTEA.vcxproj.filters
exit=0

2026-09-11T05:11:47.224969+00:00 cwd=D:\Projects\takeover-fixes
git diff --cached --name-only
exit=0
--- stdout ---
RTEA.vcxproj
RTEA.vcxproj.filters
Source/CI/NetModerationGUIProbe.cpp
Source/CI/NetModerationGUIProbe.h
Source/CI/meson.build
Source/Main.cpp
Source/Managers/MenuMan.cpp
Source/Managers/MenuMan.h
Source/Managers/UInputMan.cpp
Source/Managers/UInputMan.h
Source/Menus/MainMenuGUI.cpp
Source/Menus/MainMenuGUI.h
Source/Menus/NetModerationGUI.cpp
Source/Menus/NetModerationGUI.h
Source/Menus/meson.build
Source/Network/NetMatchService.cpp
Source/Network/NetMatchService.h
Source/Network/NetReconnectSession.cpp
Source/Network/NetReconnectSession.h
Source/Network/NetReconnectSessionSelfTest.cpp
Source/Network/NetReconnectUx.cpp
Source/Network/NetReconnectUx.h

2026-09-11T05:11:47.453483+00:00 cwd=D:\Projects\takeover-fixes
git commit -F D:\Projects\reviews\takeover-20260909\grok-workers\w1-commit-split\scratch\commit-msgs\08.txt
exit=0
--- stdout ---
[stage2/takeover-next 4a8ac20de3] Give the host a live F6 panel and codec-17 seat snapshots
 22 files changed, 1444 insertions(+), 388 deletions(-)
 create mode 100644 Source/CI/NetModerationGUIProbe.cpp
 create mode 100644 Source/CI/NetModerationGUIProbe.h
 create mode 100644 Source/Menus/NetModerationGUI.cpp
 create mode 100644 Source/Menus/NetModerationGUI.h

2026-09-11T05:11:47.488259+00:00 cwd=D:\Projects\takeover-fixes
git rev-parse HEAD
exit=0
--- stdout ---
4a8ac20de3da9b0b817511a6039bb3161556ba96

2026-09-11T05:11:47.524830+00:00 cwd=D:\Projects\takeover-fixes
git log -1 --format=%s
exit=0
--- stdout ---
Give the host a live F6 panel and codec-17 seat snapshots

2026-09-11T05:11:47.606680+00:00 cwd=D:\Projects\takeover-fixes
git add -- Source/Entities/Activity.h Source/Entities/Activity.cpp Source/Activities/GameActivity.h Source/Activities/GameActivity.cpp Source/GUI/GUICheckpoint.h Source/GUI/GUIControlManager.cpp Source/Managers/FrameMan.h Source/Managers/FrameMan.cpp Source/System/Controller.h Source/System/Controller.cpp Source/Menus/SceneEditorGUI.h Source/Menus/SceneEditorGUI.cpp Source/Menus/InventoryMenuGUI.cpp Source/Managers/ActivityMan.h Source/Managers/ActivityMan.cpp
exit=0

2026-09-11T05:11:47.650457+00:00 cwd=D:\Projects\takeover-fixes
git diff --cached --name-only
exit=0
--- stdout ---
Source/Activities/GameActivity.cpp
Source/Activities/GameActivity.h
Source/Entities/Activity.cpp
Source/Entities/Activity.h
Source/GUI/GUICheckpoint.h
Source/GUI/GUIControlManager.cpp
Source/Managers/ActivityMan.cpp
Source/Managers/ActivityMan.h
Source/Managers/FrameMan.cpp
Source/Managers/FrameMan.h
Source/Menus/InventoryMenuGUI.cpp
Source/Menus/SceneEditorGUI.cpp
Source/Menus/SceneEditorGUI.h
Source/System/Controller.cpp
Source/System/Controller.h

2026-09-11T05:11:47.868100+00:00 cwd=D:\Projects\takeover-fixes
git commit -F D:\Projects\reviews\takeover-20260909\grok-workers\w1-commit-split\scratch\commit-msgs\09.txt
exit=0
--- stdout ---
[stage2/takeover-next ee2679ee13] Restore peer-local player, UI and aliases after a restore
 15 files changed, 966 insertions(+), 14 deletions(-)

2026-09-11T05:11:47.901738+00:00 cwd=D:\Projects\takeover-fixes
git rev-parse HEAD
exit=0
--- stdout ---
ee2679ee1300705c979acb601f1e81a555d1f540

2026-09-11T05:11:47.945310+00:00 cwd=D:\Projects\takeover-fixes
git log -1 --format=%s
exit=0
--- stdout ---
Restore peer-local player, UI and aliases after a restore

2026-09-11T05:11:48.011803+00:00 cwd=D:\Projects\takeover-fixes
git add -- Source/Managers/PresetMan.cpp Source/Network/NetLobbySession.h Source/Network/NetLobbySession.cpp Source/Network/NetMatchRunner.h Source/Network/NetMatchRunner.cpp Source/Network/NetMatchSelfTest.cpp Data/Tests.rte/Activities.ini Data/Tests.rte/Activities/NetLifecycleTest.lua
exit=0

2026-09-11T05:11:48.063033+00:00 cwd=D:\Projects\takeover-fixes
git diff --cached --name-only
exit=0
--- stdout ---
Data/Tests.rte/Activities.ini
Data/Tests.rte/Activities/NetLifecycleTest.lua
Source/Managers/PresetMan.cpp
Source/Network/NetLobbySession.cpp
Source/Network/NetLobbySession.h
Source/Network/NetMatchRunner.cpp
Source/Network/NetMatchRunner.h
Source/Network/NetMatchSelfTest.cpp

2026-09-11T05:11:48.271117+00:00 cwd=D:\Projects\takeover-fixes
git commit -F D:\Projects\reviews\takeover-20260909\grok-workers\w1-commit-split\scratch\commit-msgs\10.txt
exit=0
--- stdout ---
[stage2/takeover-next 153e413603] Initialize saved-game modules and use the lobby shared clock
 8 files changed, 609 insertions(+), 63 deletions(-)
 create mode 100644 Data/Tests.rte/Activities/NetLifecycleTest.lua

2026-09-11T05:11:48.304238+00:00 cwd=D:\Projects\takeover-fixes
git rev-parse HEAD
exit=0
--- stdout ---
153e413603b1f76dc2a07d13bdd23566c77049e0

2026-09-11T05:11:48.344923+00:00 cwd=D:\Projects\takeover-fixes
git log -1 --format=%s
exit=0
--- stdout ---
Initialize saved-game modules and use the lobby shared clock

2026-09-11T05:11:48.412366+00:00 cwd=D:\Projects\takeover-fixes
git add -- Source/Network/NetSession.h Source/Network/NetSession.cpp Source/Network/NetReconnectTicketStore.h Source/Network/NetReconnectTicketStore.cpp Source/Managers/MovableMan.h Source/Managers/MovableMan.cpp
exit=0

2026-09-11T05:11:48.455777+00:00 cwd=D:\Projects\takeover-fixes
git diff --cached --name-only
exit=0
--- stdout ---
Source/Managers/MovableMan.cpp
Source/Managers/MovableMan.h
Source/Network/NetReconnectTicketStore.cpp
Source/Network/NetReconnectTicketStore.h
Source/Network/NetSession.cpp
Source/Network/NetSession.h

2026-09-11T05:11:48.634138+00:00 cwd=D:\Projects\takeover-fixes
git commit -F D:\Projects\reviews\takeover-20260909\grok-workers\w1-commit-split\scratch\commit-msgs\11.txt
exit=0
--- stdout ---
[stage2/takeover-next 1d5feacd0f] Record A7 recovery events on session, tickets and ownership
 6 files changed, 95 insertions(+), 1 deletion(-)

2026-09-11T05:11:48.670279+00:00 cwd=D:\Projects\takeover-fixes
git rev-parse HEAD
exit=0
--- stdout ---
1d5feacd0fb8c559778d483d2ded3c19df735664

2026-09-11T05:11:48.709619+00:00 cwd=D:\Projects\takeover-fixes
git log -1 --format=%s
exit=0
--- stdout ---
Record A7 recovery events on session, tickets and ownership

2026-09-11T05:11:48.768616+00:00 cwd=D:\Projects\takeover-fixes
git add -- tools/compare_snapshots.py tools/test_snapshot_inventory_roles.py
exit=0

2026-09-11T05:11:48.814463+00:00 cwd=D:\Projects\takeover-fixes
git diff --cached --name-only
exit=0
--- stdout ---
tools/compare_snapshots.py
tools/test_snapshot_inventory_roles.py

2026-09-11T05:11:48.979367+00:00 cwd=D:\Projects\takeover-fixes
git commit -F D:\Projects\reviews\takeover-20260909\grok-workers\w1-commit-split\scratch\commit-msgs\12.txt
exit=0
--- stdout ---
[stage2/takeover-next 0e2aa3812f] Compare snapshots by the controlled actor's inventory role
 2 files changed, 157 insertions(+), 2 deletions(-)
 create mode 100644 tools/test_snapshot_inventory_roles.py

2026-09-11T05:11:49.012860+00:00 cwd=D:\Projects\takeover-fixes
git rev-parse HEAD
exit=0
--- stdout ---
0e2aa3812f0f015b1c6734649dcb4360b80650e5

2026-09-11T05:11:49.055620+00:00 cwd=D:\Projects\takeover-fixes
git log -1 --format=%s
exit=0
--- stdout ---
Compare snapshots by the controlled actor's inventory role

2026-09-11T05:11:49.103883+00:00 cwd=D:\Projects\takeover-fixes
git show HEAD:RTEA.vcxproj
exit=0
--- stdout ---
<?xml version="1.0" encoding="utf-8"?>
<Project DefaultTargets="Build" ToolsVersion="12.0" xmlns="http://schemas.microsoft.com/developer/msbuild/2003">
  <ItemGroup Label="ProjectConfigurations">
    <ProjectConfiguration Include="Debug Full|Win32">
      <Configuration>Debug Full</Configuration>
      <Platform>Win32</Platform>
    </ProjectConfiguration>
    <ProjectConfiguration Include="Debug Full|x64">
      <Configuration>Debug Full</Configuration>
      <Platform>x64</Platform>
    </ProjectConfiguration>
    <ProjectConfiguration Include="Debug Minimal|Win32">
      <Configuration>Debug Minimal</Configuration>
      <Platform>Win32</Platform>
    </ProjectConfiguration>
    <ProjectConfiguration Include="Debug Minimal|x64">
      <Configuration>Debug Minimal</Configuration>
      <Platform>x64</Platform>
    </ProjectConfiguration>
    <ProjectConfiguration Include="Debug Release|Win32">
      <Configuration>Debug Release</Configuration>
      <Platform>Win32</Platform>
    </ProjectConfiguration>
    <ProjectConfiguration Include="Debug Release|x64">
      <Configuration>Debug Release</Configuration>
      <Platform>x64</Platform>
    </ProjectConfiguration>
    <ProjectConfiguration Include="Final|Win32">
      <Configuration>Final</Configuration>
      <Platform>Win32</Platform>
    </ProjectConfiguration>
    <ProjectConfiguration Include="Final|x64">
      <Configuration>Final</Configuration>
      <Platform>x64</Platform>
    </ProjectConfiguration>
    <ProjectConfiguration Include="Profiling|Win32">
      <Configuration>Profiling</Configuration>
      <Platform>Win32</Platform>
    </ProjectConfiguration>
    <ProjectConfiguration Include="Profiling|x64">
      <Configuration>Profiling</Configuration>
      <Platform>x64</Platform>
    </ProjectConfiguration>
  </ItemGroup>
  <PropertyGroup Label="Globals">
    <ProjectGuid>{A58C9DD7-8BC7-48DA-9E04-04D04F582BE3}</ProjectGuid>
    <RootNamespace>RTEA</RootNamespace>
    <Keyword>Win32Proj</Keyword>
    <ConfigurationType>Application</ConfigurationType>
    <CharacterSet>MultiByte</CharacterSet>
    <PlatformToolset Condition="'$(VisualStudioVersion)'=='16.0'">v142</PlatformToolset>
    <PlatformToolset Condition="'$(VisualStudioVersion)'=='17.0'">v143</PlatformToolset>
    <PlatformToolset Condition="'$(VisualStudioVersion)'=='18.0'">v145</PlatformToolset>
    <WindowsTargetPlatformVersion>10.0</WindowsTargetPlatformVersion>
    <IntDir>_Bin\$(Platform)\$(Configuration)\</IntDir>
    <OutDir>.\</OutDir>
    <GenerateManifest>true</GenerateManifest>
    <EmbedManifest>true</EmbedManifest>
    <EnableUnitySupport>true</EnableUnitySupport>
  </PropertyGroup>
  <Import Project="$(VCTargetsPath)\Microsoft.Cpp.Default.props" />
  <Import Project="$(VCTargetsPath)\Microsoft.Cpp.props" />
  <ImportGroup Condition="'$(Configuration)|$(Platform)'=='Debug Full|Win32'" Label="PropertySheets">
    <Import Project="$(UserRootDir)\Microsoft.Cpp.$(Platform).user.props" Condition="exists('$(UserRootDir)\Microsoft.Cpp.$(Platform).user.props')" Label="LocalAppDataPlatform" />
  </ImportGroup>
  <ImportGroup Condition="'$(Configuration)|$(Platform)'=='Debug Full|x64'" Label="PropertySheets">
    <Import Project="$(UserRootDir)\Microsoft.Cpp.$(Platform).user.props" Condition="exists('$(UserRootDir)\Microsoft.Cpp.$(Platform).user.props')" Label="LocalAppDataPlatform" />
  </ImportGroup>
  <ImportGroup Condition="'$(Configuration)|$(Platform)'=='Debug Minimal|Win32'" Label="PropertySheets">
    <Import Project="$(UserRootDir)\Microsoft.Cpp.$(Platform).user.props" Condition="exists('$(UserRootDir)\Microsoft.Cpp.$(Platform).user.props')" Label="LocalAppDataPlatform" />
  </ImportGroup>
  <ImportGroup Condition="'$(Configuration)|$(Platform)'=='Debug Minimal|x64'" Label="PropertySheets">
    <Import Project="$(UserRootDir)\Microsoft.Cpp.$(Platform).user.props" Condition="exists('$(UserRootDir)\Microsoft.Cpp.$(Platform).user.props')" Label="LocalAppDataPlatform" />
  </ImportGroup>
  <ImportGroup Condition="'$(Configuration)|$(Platform)'=='Debug Release|Win32'" Label="PropertySheets">
    <Import Project="$(UserRootDir)\Microsoft.Cpp.$(Platform).user.props" Condition="exists('$(UserRootDir)\Microsoft.Cpp.$(Platform).user.props')" Label="LocalAppDataPlatform" />
  </ImportGroup>
  <ImportGroup Condition="'$(Configuration)|$(Platform)'=='Profiling|Win32'" Label="PropertySheets">
    <Import Project="$(UserRootDir)\Microsoft.Cpp.$(Platform).user.props" Condition="exists('$(UserRootDir)\Microsoft.Cpp.$(Platform).user.props')" Label="LocalAppDataPlatform" />
  </ImportGroup>
  <ImportGroup Condition="'$(Configuration)|$(Platform)'=='Debug Release|x64'" Label="PropertySheets">
    <Import Project="$(UserRootDir)\Microsoft.Cpp.$(Platform).user.props" Condition="exists('$(UserRootDir)\Microsoft.Cpp.$(Platform).user.props')" Label="LocalAppDataPlatform" />
  </ImportGroup>
  <ImportGroup Condition="'$(Configuration)|$(Platform)'=='Profiling|x64'" Label="PropertySheets">
    <Import Project="$(UserRootDir)\Microsoft.Cpp.$(Platform).user.props" Condition="exists('$(UserRootDir)\Microsoft.Cpp.$(Platform).user.props')" Label="LocalAppDataPlatform" />
  </ImportGroup>
  <ImportGroup Condition="'$(Configuration)|$(Platform)'=='Final|Win32'" Label="PropertySheets">
    <Import Project="$(UserRootDir)\Microsoft.Cpp.$(Platform).user.props" Condition="exists('$(UserRootDir)\Microsoft.Cpp.$(Platform).user.props')" Label="LocalAppDataPlatform" />
  </ImportGroup>
  <ImportGroup Condition="'$(Configuration)|$(Platform)'=='Final|x64'" Label="PropertySheets">
    <Import Project="$(UserRootDir)\Microsoft.Cpp.$(Platform).user.props" Condition="exists('$(UserRootDir)\Microsoft.Cpp.$(Platform).user.props')" Label="LocalAppDataPlatform" />
  </ImportGroup>
  <PropertyGroup Condition="'$(Configuration)|$(Platform)'=='Debug Full|Win32'" Label="Configuration">
    <LinkIncremental>true</LinkIncremental>
    <TargetName>Cortex Command.debug.full.x86</TargetName>
    <LocalDebuggerWorkingDirectory>$(OutDir)</LocalDebuggerWorkingDirectory>
    <DebuggerFlavor>WindowsLocalDebugger</DebuggerFlavor>
  </PropertyGroup>
  <PropertyGroup Condition="'$(Configuration)|$(Platform)'=='Debug Full|x64'" Label="Configuration">
    <LinkIncremental>true</LinkIncremental>
    <TargetName>Cortex Command.debug.full</TargetName>
    <LocalDebuggerWorkingDirectory>$(OutDir)</LocalDebuggerWorkingDirectory>
    <DebuggerFlavor>WindowsLocalDebugger</DebuggerFlavor>
  </PropertyGroup>
  <PropertyGroup Condition="'$(Configuration)|$(Platform)'=='Debug Minimal|Win32'" Label="Configuration">
    <LinkIncremental>true</LinkIncremental>
    <TargetName>Cortex Command.debug.minimal.x86</TargetName>
    <LocalDebuggerWorkingDirectory>$(OutDir)</LocalDebuggerWorkingDirectory>
    <DebuggerFlavor>WindowsLocalDebugger</DebuggerFlavor>
  </PropertyGroup>
  <PropertyGroup Condition="'$(Configuration)|$(Platform)'=='Debug Minimal|x64'" Label="Configuration">
    <LinkIncremental>true</LinkIncremental>
    <TargetName>Cortex Command.debug.minimal</TargetName>
    <LocalDebuggerWorkingDirectory>$(OutDir)</LocalDebuggerWorkingDirectory>
    <DebuggerFlavor>WindowsLocalDebugger</DebuggerFlavor>
  </PropertyGroup>
  <PropertyGroup Condition="'$(Configuration)|$(Platform)'=='Debug Release|Win32'" Label="Configuration">
    <WholeProgramOptimization>true</WholeProgramOptimization>
    <LinkIncremental>false</LinkIncremental>
    <TargetName>Cortex Command.debug.release.x86</TargetName>
    <LocalDebuggerWorkingDirectory>$(OutDir)</LocalDebuggerWorkingDirectory>
    <DebuggerFlavor>WindowsLocalDebugger</DebuggerFlavor>
  </PropertyGroup>
  <PropertyGroup Condition="'$(Configuration)|$(Platform)'=='Profiling|Win32'" Label="Configuration">
    <WholeProgramOptimization>true</WholeProgramOptimization>
    <LinkIncremental>false</LinkIncremental>
    <TargetName>Cortex Command.profiling.x86</TargetName>
    <LocalDebuggerWorkingDirectory>$(OutDir)</LocalDebuggerWorkingDirectory>
    <DebuggerFlavor>WindowsLocalDebugger</DebuggerFlavor>
  </PropertyGroup>
  <PropertyGroup Condition="'$(Configuration)|$(Platform)'=='Debug Release|x64'" Label="Configuration">
    <WholeProgramOptimization>true</WholeProgramOptimization>
    <LinkIncremental>false</LinkIncremental>
    <TargetName>Cortex Command.debug.release</TargetName>
    <LocalDebuggerWorkingDirectory>$(OutDir)</LocalDebuggerWorkingDirectory>
    <DebuggerFlavor>WindowsLocalDebugger</DebuggerFlavor>
  </PropertyGroup>
  <PropertyGroup Condition="'$(Configuration)|$(Platform)'=='Profiling|x64'" Label="Configuration">
    <WholeProgramOptimization>true</WholeProgramOptimization>
    <LinkIncremental>false</LinkIncremental>
    <TargetName>Cortex Command.profiling</TargetName>
    <LocalDebuggerWorkingDirectory>$(OutDir)</LocalDebuggerWorkingDirectory>
    <DebuggerFlavor>WindowsLocalDebugger</DebuggerFlavor>
  </PropertyGroup>
  <PropertyGroup Condition="'$(Configuration)|$(Platform)'=='Final|Win32'" Label="Configuration">
    <WholeProgramOptimization>true</WholeProgramOptimization>
    <LinkIncremental>false</LinkIncremental>
    <TargetName>Cortex Command x86</TargetName>
    <LocalDebuggerWorkingDirectory>$(OutDir)</LocalDebuggerWorkingDirectory>
    <DebuggerFlavor>WindowsLocalDebugger</DebuggerFlavor>
  </PropertyGroup>
  <PropertyGroup Condition="'$(Configuration)|$(Platform)'=='Final|x64'" Label="Configuration">
    <WholeProgramOptimization>true</WholeProgramOptimization>
    <LinkIncremental>false</LinkIncremental>
    <TargetName>Cortex Command</TargetName>
    <LocalDebuggerWorkingDirectory>$(OutDir)</LocalDebuggerWorkingDirectory>
    <DebuggerFlavor>WindowsLocalDebugger</DebuggerFlavor>
  </PropertyGroup>
  <Import Project="RTEA.common.props" />
  <ItemDefinitionGroup Condition="'$(Configuration)|$(Platform)'=='Debug Full|Win32'">
    <ClCompile>
      <AdditionalOptions Condition="'$(VisualStudioVersion)'=='16.0'">/bigobj /Zm300 %(AdditionalOptions)</AdditionalOptions>
      <AdditionalOptions Condition="'$(VisualStudioVersion)'=='17.0'">/bigobj %(AdditionalOptions)</AdditionalOptions>
      <Optimization>Disabled</Optimization>
      <AdditionalIncludeDirectories>$(ProjectDir);$(ProjectDir)\Source;$(ProjectDir)Source\System;$(ProjectDir)Source\Lua;$(ProjectDir)Source\Entities;$(ProjectDir)Source\Activities;$(ProjectDir)Source\Managers;$(ProjectDir)Source\Network;$(ProjectDir)Source\AI;$(ProjectDir)Source\CI;$(ProjectDir)Source\Menus;$(ProjectDir)Source\GUI;$(ProjectDir)Source\GUI\Wrappers;$(ProjectDir)Source\GUI\imgui;$(ProjectDir)Source\GUI\imgui\backends;$(ProjectDir)Source\Renderer;$(ProjectDir)external\include\boost_1_75;$(ProjectDir)external\include\glm-0.9.9.8;$(ProjectDir)external\include\glad-2.0.0-beta;$(ProjectDir)external\include\LZ4-1.9.3\LZ4;$(ProjectDir)external\include\fmod-2.2.13;$(ProjectDir)external\include\thread-pool-3.5.0\include;$(ProjectDir)external\include\hopscotch-map-2.3.1\include;$(ProjectDir)external\sources\libpng-1.6.40\include;$(ProjectDir)external\sources\zlib-ng-2.1.3\include;$(ProjectDir)external\sources\allegro 4.4.3.1-custom\include;$(ProjectDir)external\sources\allegro 4.4.3.1-custom\addons\loadpng;$(ProjectDir)external\sources\SDL3-3.2.10\include;$(ProjectDir)external\sources\SDL3_image-3.2.4\include;$(ProjectDir)external\sources\LuaJIT-2.1\src;$(ProjectDir)external\sources\luabind-0.7.1\;$(ProjectDir)external\sources\luabind-0.7.1\luabind;$(ProjectDir)external\sources\RakNet\include;$(ProjectDir)external\sources\minizip-ng-4.0.0\include;$(ProjectDir)external\sources\minizip-ng-4.0.0\src;$(ProjectDir)external\sources\tracy\public;$(ProjectDir)external\sources\fmem\include;$(ProjectDir)external\sources\nlohmann_json-3.12.0</AdditionalIncludeDirectories>
      <PreprocessorDefinitions>_ITERATOR_DEBUG_LEVEL=0;ZLIB_COMPAT;_WINDOWS;WIN32;DEBUG_BUILD;DEBUGMODE;TARGET_MACHINE_X86;%(PreprocessorDefinitions)</PreprocessorDefinitions>
      <MinimalRebuild>false</MinimalRebuild>
      <BasicRuntimeChecks>EnableFastChecks</BasicRuntimeChecks>
      <RuntimeLibrary>MultiThreadedDebugDLL</RuntimeLibrary>
      <BufferSecurityCheck>true</BufferSecurityCheck>
      <RuntimeTypeInfo>true</RuntimeTypeInfo>
      <PrecompiledHeader>Use</PrecompiledHeader>
      <WarningLevel>Level2</WarningLevel>
      <DebugInformationFormat>EditAndContinue</DebugInformationFormat>
      <DisableSpecificWarnings>4566;%(DisableSpecificWarnings)</DisableSpecificWarnings>
      <ForcedIncludeFiles>%(ForcedIncludeFiles);StandardIncludes.h;</ForcedIncludeFiles>
      <MultiProcessorCompilation>true</MultiProcessorCompilation>
      <PrecompiledHeaderFile>StandardIncludes.h</PrecompiledHeaderFile>
      <LanguageStandard>stdcpp20</LanguageStandard>
      <IntrinsicFunctions>true</IntrinsicFunctions>
      <OmitDefaultLibName>false</OmitDefaultLibName>
      <FloatingPointModel>Precise</FloatingPointModel>
      <ConformanceMode>true</ConformanceMode>
      <AddCodeAfterSourceInclude>#undef GetClassName</AddCodeAfterSourceInclude>
      <IncludeInUnityFile>false</IncludeInUnityFile>
    </ClCompile>
    <Link>
      <AdditionalDependencies>winmm.lib;ws2_32.lib;dinput8.lib;ddraw.lib;dxguid.lib;dsound.lib;imm32.lib;setupapi.lib;version.lib;zlibstatic-32.lib;libminizip-32.lib;libpng16-static-32.lib;fmodL_vc.lib;allegro-debug-32.lib;loadpng-debug-32.lib;liblz4_debug_static.lib;luajit-debug-32.lib;luabind-debug-32.lib;raknet-debug-32.lib;sdl2main-debug-32.lib;sdl2-debug-32.lib;opengl32.lib;%(AdditionalDependencies)</AdditionalDependencies>
      <OutputFile>$(OutDir)$(TargetName)$(TargetExt)</OutputFile>
      <AdditionalLibraryDirectories>external\sources\zlib-ng-2.1.3\_Bin;external\sources\libpng-1.6.40\_Bin;external\sources\allegro 4.4.3.1-custom\_Bin;external\sources\SDL3-3.2.10\_Bin;external\sources\SDL3_image-3.2.4\_Bin;external\sources\luabind-0.7.1\_Bin;external\sources\LuaJIT-2.1\_Bin;external\sources\RakNet\_Bin;external\sources\minizip-ng-4.0.0\_Bin;external\lib\win\x86;%(AdditionalLibraryDirectories)</AdditionalLibraryDirectories>
      <GenerateDebugInformation>DebugFull</GenerateDebugInformation>
      <ProgramDatabaseFile>$(OutDir)$(TargetName).pdb</ProgramDatabaseFile>
      <SubSystem>Windows</SubSystem>
      <TargetMachine>MachineX86</TargetMachine>
      <ImageHasSafeExceptionHandlers>false</ImageHasSafeExceptionHandlers>
      <ShowProgress>LinkVerbose</ShowProgress>
      <AdditionalOptions>/ignore:4099 /ignore:4098 %(AdditionalOptions)</AdditionalOptions>
      <IgnoreSpecificDefaultLibraries>libcmt.lib</IgnoreSpecificDefaultLibraries>
      <LargeAddressAware>true</LargeAddressAware>
    </Link>
    <Manifest>
      <OutputManifestFile>$(IntDir)$(TargetName).manifest</OutputManifestFile>
      <EnableDpiAwareness>PerMonitorHighDPIAware</EnableDpiAwareness>
    </Manifest>
    <Xdcmake>
      <OutputFile>$(IntDir)$(TargetName).xml</OutputFile>
    </Xdcmake>
    <Bscmake>
      <OutputFile>$(IntDir)$(TargetName).bsc</OutputFile>
    </Bscmake>
  </ItemDefinitionGroup>
  <Import Project="RTEA.common.props" />
  <ItemDefinitionGroup Condition="'$(Configuration)|$(Platform)'=='Debug Full|x64'">
    <ClCompile>
      <AdditionalOptions Condition="'$(VisualStudioVersion)'=='16.0'">/bigobj /Zm300 %(AdditionalOptions)</AdditionalOptions>
      <AdditionalOptions Condition="'$(VisualStudioVersion)'=='17.0'">/bigobj %(AdditionalOptions)</AdditionalOptions>
      <Optimization>Disabled</Optimization>
      <AdditionalIncludeDirectories>$(ProjectDir);$(ProjectDir)\Source;$(ProjectDir)Source\System;$(ProjectDir)Source\Lua;$(ProjectDir)Source\Entities;$(ProjectDir)Source\Activities;$(ProjectDir)Source\Managers;$(ProjectDir)Source\Network;$(ProjectDir)Source\AI;$(ProjectDir)Source\CI;$(ProjectDir)Source\Menus;$(ProjectDir)Source\GUI;$(ProjectDir)Source\GUI\Wrappers;$(ProjectDir)Source\GUI\imgui;$(ProjectDir)Source\GUI\imgui\backends;$(ProjectDir)Source\Renderer;$(ProjectDir)external\include\boost_1_75;$(ProjectDir)external\include\glm-0.9.9.8;$(ProjectDir)external\include\glad-2.0.0-beta;$(ProjectDir)external\include\LZ4-1.9.3\LZ4;$(ProjectDir)external\include\fmod-2.2.13;$(ProjectDir)external\include\thread-pool-3.5.0\include;$(ProjectDir)external\include\hopscotch-map-2.3.1\include;$(ProjectDir)external\sources\libpng-1.6.40\include;$(ProjectDir)external\sources\zlib-ng-2.1.3\include;$(ProjectDir)external\sources\allegro 4.4.3.1-custom\include;$(ProjectDir)external\sources\allegro 4.4.3.1-custom\addons\loadpng;$(ProjectDir)external\sources\SDL3-3.2.10\include;$(ProjectDir)external\sources\SDL3_image-3.2.4\include;$(ProjectDir)external\sources\LuaJIT-2.1\src;$(ProjectDir)external\sources\luabind-0.7.1\;$(ProjectDir)external\sources\luabind-0.7.1\luabind;$(ProjectDir)external\sources\RakNet\include;$(ProjectDir)external\sources\minizip-ng-4.0.0\include;$(ProjectDir)external\sources\minizip-ng-4.0.0\src;$(ProjectDir)external\sources\tracy\public;$(ProjectDir)external\sources\fmem\include;$(ProjectDir)external\sources\nlohmann_json-3.12.0</AdditionalIncludeDirectories>
      <PreprocessorDefinitions>_ITERATOR_DEBUG_LEVEL=0;ZLIB_COMPAT;_WINDOWS;WIN32;DEBUG_BUILD;DEBUGMODE;%(PreprocessorDefinitions)</PreprocessorDefinitions>
      <MinimalRebuild>false</MinimalRebuild>
      <BasicRuntimeChecks>EnableFastChecks</BasicRuntimeChecks>
      <RuntimeLibrary>MultiThreadedDebugDLL</RuntimeLibrary>
      <BufferSecurityCheck>true</BufferSecurityCheck>
      <RuntimeTypeInfo>true</RuntimeTypeInfo>
      <PrecompiledHeader>Use</PrecompiledHeader>
      <WarningLevel>Level2</WarningLevel>
      <DebugInformationFormat>EditAndContinue</DebugInformationFormat>
      <DisableSpecificWarnings>4566;%(DisableSpecificWarnings)</DisableSpecificWarnings>
      <ForcedIncludeFiles>%(ForcedIncludeFiles);StandardIncludes.h;</ForcedIncludeFiles>
      <MultiProcessorCompilation>true</MultiProcessorCompilation>
      <PrecompiledHeaderFile>StandardIncludes.h</PrecompiledHeaderFile>
      <LanguageStandard>stdcpp20</LanguageStandard>
      <IntrinsicFunctions>true</IntrinsicFunctions>
      <OmitDefaultLibName>false</OmitDefaultLibName>
      <FloatingPointModel>Precise</FloatingPointModel>
      <ConformanceMode>true</ConformanceMode>
      <IncludeInUnityFile>false</IncludeInUnityFile>
      <AddCodeAfterSourceInclude>#undef GetClassName</AddCodeAfterSourceInclude>
      <OmitFramePointers>false</OmitFramePointers>
      <AdditionalOptions>/bigobj %(AdditionalOptions)</AdditionalOptions>
    </ClCompile>
    <Link>
      <AdditionalDependencies>winmm.lib;ws2_32.lib;dinput8.lib;ddraw.lib;dxguid.lib;dsound.lib;imm32.lib;setupapi.lib;version.lib;zlibstatic.lib;libminizip.lib;libpng16-static.lib;fmod_vc.lib;allegro-debug.lib;loadpng-debug.lib;liblz4_debug_static.lib;luajit-debug.lib;luabind-debug.lib;raknet-debug.lib;SDL3_image-static-debug.lib;SDL3-static-debug.lib;opengl32.lib;dbghelp.lib;%(AdditionalDependencies)</AdditionalDependencies>
      <OutputFile>$(OutDir)$(TargetName)$(TargetExt)</OutputFile>
      <AdditionalLibraryDirectories>external\sources\zlib-ng-2.1.3\_Bin;external\sources\libpng-1.6.40\_Bin;external\sources\allegro 4.4.3.1-custom\_Bin;external\sources\SDL3-3.2.10\_Bin;external\sources\SDL3_image-3.2.4\_Bin;external\sources\luabind-0.7.1\_Bin;external\sources\LuaJIT-2.1\_Bin;external\sources\RakNet\_Bin;external\sources\minizip-ng-4.0.0\_Bin;external\lib\win;%(AdditionalLibraryDirectories)</AdditionalLibraryDirectories>
      <GenerateDebugInformation>DebugFull</GenerateDebugInformation>
      <ProgramDatabaseFile>$(OutDir)$(TargetName).pdb</ProgramDatabaseFile>
      <SubSystem>Windows</SubSystem>
      <ImageHasSafeExceptionHandlers>false</ImageHasSafeExceptionHandlers>
      <ShowProgress>LinkVerbose</ShowProgress>
      <AdditionalOptions>/ignore:4099 /ignore:4098 %(AdditionalOptions)</AdditionalOptions>
      <IgnoreSpecificDefaultLibraries>libcmt.lib</IgnoreSpecificDefaultLibraries>
      <LargeAddressAware>true</LargeAddressAware>
    </Link>
    <Manifest>
      <OutputManifestFile>$(IntDir)$(TargetName).manifest</OutputManifestFile>
      <EnableDpiAwareness>PerMonitorHighDPIAware</EnableDpiAwareness>
    </Manifest>
    <Xdcmake>
      <OutputFile>$(IntDir)$(TargetName).xml</OutputFile>
    </Xdcmake>
    <Bscmake>
      <OutputFile>$(IntDir)$(TargetName).bsc</OutputFile>
    </Bscmake>
  </ItemDefinitionGroup>
  <Import Project="RTEA.common.props" />
  <ItemDefinitionGroup Condition="'$(Configuration)|$(Platform)'=='Debug Minimal|Win32'">
    <ClCompile>
      <AdditionalOptions Condition="'$(VisualStudioVersion)'=='16.0'">/bigobj /Zm300 %(AdditionalOptions)</AdditionalOptions>
      <AdditionalOptions Condition="'$(VisualStudioVersion)'=='17.0'">/bigobj %(AdditionalOptions)</AdditionalOptions>
      <Optimization>Disabled</Optimization>
      <AdditionalIncludeDirectories>$(ProjectDir);$(ProjectDir)\Source;$(ProjectDir)Source\System;$(ProjectDir)Source\Lua;$(ProjectDir)Source\Entities;$(ProjectDir)Source\Activities;$(ProjectDir)Source\Managers;$(ProjectDir)Source\Network;$(ProjectDir)Source\AI;$(ProjectDir)Source\CI;$(ProjectDir)Source\Menus;$(ProjectDir)Source\GUI;$(ProjectDir)Source\GUI\Wrappers;$(ProjectDir)Source\GUI\imgui;$(ProjectDir)Source\GUI\imgui\backends;$(ProjectDir)Source\Renderer;$(ProjectDir)external\include\boost_1_75;$(ProjectDir)external\include\glm-0.9.9.8;$(ProjectDir)external\include\glad-2.0.0-beta;$(ProjectDir)external\include\LZ4-1.9.3\LZ4;$(ProjectDir)external\include\fmod-2.2.13;$(ProjectDir)external\include\thread-pool-3.5.0\include;$(ProjectDir)external\include\hopscotch-map-2.3.1\include;$(ProjectDir)external\sources\libpng-1.6.40\include;$(ProjectDir)external\sources\zlib-ng-2.1.3\include;$(ProjectDir)external\sources\allegro 4.4.3.1-custom\include;$(ProjectDir)external\sources\allegro 4.4.3.1-custom\addons\loadpng;$(ProjectDir)external\sources\SDL3-3.2.10\include;$(ProjectDir)external\sources\SDL3_image-3.2.4\include;$(ProjectDir)external\sources\LuaJIT-2.1\src;$(ProjectDir)external\sources\luabind-0.7.1\;$(ProjectDir)external\sources\luabind-0.7.1\luabind;$(ProjectDir)external\sources\RakNet\include;$(ProjectDir)external\sources\minizip-ng-4.0.0\include;$(ProjectDir)external\sources\minizip-ng-4.0.0\src;$(ProjectDir)external\sources\tracy\public;$(ProjectDir)external\sources\fmem\include;$(ProjectDir)external\sources\nlohmann_json-3.12.0</AdditionalIncludeDirectories>
      <PreprocessorDefinitions>_ITERATOR_DEBUG_LEVEL=0;ZLIB_COMPAT;_WINDOWS;WIN32;MIN_DEBUG_BUILD;DEBUGMODE;TARGET_MACHINE_X86;%(PreprocessorDefinitions)</PreprocessorDefinitions>
      <MinimalRebuild>false</MinimalRebuild>
      <BasicRuntimeChecks>EnableFastChecks</BasicRuntimeChecks>
      <RuntimeLibrary>MultiThreadedDebugDLL</RuntimeLibrary>
      <BufferSecurityCheck>true</BufferSecurityCheck>
      <RuntimeTypeInfo>true</RuntimeTypeInfo>
      <PrecompiledHeader>Use</PrecompiledHeader>
      <WarningLevel>Level2</WarningLevel>
      <DebugInformationFormat>EditAndContinue</DebugInformationFormat>
      <DisableSpecificWarnings>4566;%(DisableSpecificWarnings)</DisableSpecificWarnings>
      <ForcedIncludeFiles>%(ForcedIncludeFiles);StandardIncludes.h;</ForcedIncludeFiles>
      <MultiProcessorCompilation>true</MultiProcessorCompilation>
      <PrecompiledHeaderFile>StandardIncludes.h</PrecompiledHeaderFile>
      <LanguageStandard>stdcpp20</LanguageStandard>
      <IntrinsicFunctions>true</IntrinsicFunctions>
      <OmitDefaultLibName>false</OmitDefaultLibName>
      <FloatingPointModel>Precise</FloatingPointModel>
      <ConformanceMode>true</ConformanceMode>
      <IncludeInUnityFile>false</IncludeInUnityFile>
      <AddCodeAfterSourceInclude>#undef GetClassName</AddCodeAfterSourceInclude>
    </ClCompile>
    <Link>
      <AdditionalDependencies>winmm.lib;ws2_32.lib;dinput8.lib;ddraw.lib;dxguid.lib;dsound.lib;imm32.lib;setupapi.lib;version.lib;zlibstatic-32.lib;libminizip-32.lib;libpng16-static-32.lib;fmodL_vc.lib;allegro-debug-32.lib;loadpng-debug-32.lib;liblz4_debug_static.lib;luajit-debug-release-32.lib;luabind-debug-32.lib;raknet-debug-32.lib;opengl32.lib;%(AdditionalDependencies)</AdditionalDependencies>
      <OutputFile>$(OutDir)$(TargetName)$(TargetExt)</OutputFile>
      <AdditionalLibraryDirectories>external\sources\zlib-ng-2.1.3\_Bin;external\sources\libpng-1.6.40\_Bin;external\sources\allegro 4.4.3.1-custom\_Bin;external\sources\SDL3-3.2.10\_Bin;external\sources\SDL3_image-3.2.4\_Bin;external\sources\luabind-0.7.1\_Bin;external\sources\LuaJIT-2.1\_Bin;external\sources\RakNet\_Bin;external\sources\minizip-ng-4.0.0\_Bin;external\lib\win\x86;%(AdditionalLibraryDirectories)</AdditionalLibraryDirectories>
      <GenerateDebugInformation>DebugFull</GenerateDebugInformation>
      <ProgramDatabaseFile>$(OutDir)$(TargetName).pdb</ProgramDatabaseFile>
      <SubSystem>Windows</SubSystem>
      <TargetMachine>MachineX86</TargetMachine>
      <ImageHasSafeExceptionHandlers>false</ImageHasSafeExceptionHandlers>
      <ShowProgress>LinkVerbose</ShowProgress>
      <AdditionalOptions>/ignore:4099 /ignore:4098 %(AdditionalOptions)</AdditionalOptions>
      <IgnoreSpecificDefaultLibraries>libcmt.lib</IgnoreSpecificDefaultLibraries>
      <LargeAddressAware>true</LargeAddressAware>
    </Link>
    <Manifest>
      <OutputManifestFile>$(IntDir)$(TargetName).manifest</OutputManifestFile>
      <EnableDpiAwareness>PerMonitorHighDPIAware</EnableDpiAwareness>
    </Manifest>
    <Xdcmake>
      <OutputFile>$(IntDir)$(TargetName).xml</OutputFile>
    </Xdcmake>
    <Bscmake>
      <OutputFile>$(IntDir)$(TargetName).bsc</OutputFile>
    </Bscmake>
  </ItemDefinitionGroup>
  <Import Project="RTEA.common.props" />
  <ItemDefinitionGroup Condition="'$(Configuration)|$(Platform)'=='Debug Minimal|x64'">
    <ClCompile>
      <AdditionalOptions Condition="'$(VisualStudioVersion)'=='16.0'">/bigobj /Zm300 %(AdditionalOptions)</AdditionalOptions>
      <AdditionalOptions Condition="'$(VisualStudioVersion)'=='17.0'">/bigobj %(AdditionalOptions)</AdditionalOptions>
      <Optimization>Disabled</Optimization>
      <AdditionalIncludeDirectories>$(ProjectDir);$(ProjectDir)\Source;$(ProjectDir)Source\System;$(ProjectDir)Source\Lua;$(ProjectDir)Source\Entities;$(ProjectDir)Source\Activities;$(ProjectDir)Source\Managers;$(ProjectDir)Source\Network;$(ProjectDir)Source\AI;$(ProjectDir)Source\CI;$(ProjectDir)Source\Menus;$(ProjectDir)Source\GUI;$(ProjectDir)Source\GUI\Wrappers;$(ProjectDir)Source\GUI\imgui;$(ProjectDir)Source\GUI\imgui\backends;$(ProjectDir)Source\Renderer;$(ProjectDir)external\include\boost_1_75;$(ProjectDir)external\include\glm-0.9.9.8;$(ProjectDir)external\include\glad-2.0.0-beta;$(ProjectDir)external\include\LZ4-1.9.3\LZ4;$(ProjectDir)external\include\fmod-2.2.13;$(ProjectDir)external\include\thread-pool-3.5.0\include;$(ProjectDir)external\include\hopscotch-map-2.3.1\include;$(ProjectDir)external\sources\libpng-1.6.40\include;$(ProjectDir)external\sources\zlib-ng-2.1.3\include;$(ProjectDir)external\sources\allegro 4.4.3.1-custom\include;$(ProjectDir)external\sources\allegro 4.4.3.1-custom\addons\loadpng;$(ProjectDir)external\sources\SDL3-3.2.10\include;$(ProjectDir)external\sources\SDL3_image-3.2.4\include;$(ProjectDir)external\sources\LuaJIT-2.1\src;$(ProjectDir)external\sources\luabind-0.7.1\;$(ProjectDir)external\sources\luabind-0.7.1\luabind;$(ProjectDir)external\sources\RakNet\include;$(ProjectDir)external\sources\minizip-ng-4.0.0\include;$(ProjectDir)external\sources\minizip-ng-4.0.0\src;$(ProjectDir)external\sources\tracy\public;$(ProjectDir)external\sources\fmem\include;$(ProjectDir)external\sources\nlohmann_json-3.12.0</AdditionalIncludeDirectories>
      <PreprocessorDefinitions>_ITERATOR_DEBUG_LEVEL=0;ZLIB_COMPAT;_WINDOWS;WIN32;MIN_DEBUG_BUILD;DEBUGMODE;%(PreprocessorDefinitions)</PreprocessorDefinitions>
      <MinimalRebuild>false</MinimalRebuild>
      <BasicRuntimeChecks>EnableFastChecks</BasicRuntimeChecks>
      <RuntimeLibrary>MultiThreadedDebugDLL</RuntimeLibrary>
      <BufferSecurityCheck>true</BufferSecurityCheck>
      <RuntimeTypeInfo>true</RuntimeTypeInfo>
      <PrecompiledHeader>Use</PrecompiledHeader>
      <WarningLevel>Level2</WarningLevel>
      <DebugInformationFormat>EditAndContinue</DebugInformationFormat>
      <DisableSpecificWarnings>4566;%(DisableSpecificWarnings)</DisableSpecificWarnings>
      <ForcedIncludeFiles>%(ForcedIncludeFiles);StandardIncludes.h;</ForcedIncludeFiles>
      <MultiProcessorCompilation>true</MultiProcessorCompilation>
      <PrecompiledHeaderFile>StandardIncludes.h</PrecompiledHeaderFile>
      <LanguageStandard>stdcpp20</LanguageStandard>
      <IntrinsicFunctions>true</IntrinsicFunctions>
      <OmitDefaultLibName>false</OmitDefaultLibName>
      <FloatingPointModel>Precise</FloatingPointModel>
      <ConformanceMode>true</ConformanceMode>
      <IncludeInUnityFile>false</IncludeInUnityFile>
      <AddCodeAfterSourceInclude>#undef GetClassName</AddCodeAfterSourceInclude>
      <OmitFramePointers>false</OmitFramePointers>
      <AdditionalOptions>/bigobj %(AdditionalOptions)</AdditionalOptions>
    </ClCompile>
    <Link>
      <AdditionalDependencies>winmm.lib;ws2_32.lib;dinput8.lib;ddraw.lib;dxguid.lib;dsound.lib;imm32.lib;setupapi.lib;version.lib;zlibstatic.lib;libminizip.lib;libpng16-static.lib;fmod_vc.lib;allegro-debug.lib;loadpng-debug.lib;liblz4_debug_static.lib;luajit-debug-release.lib;luabind-debug.lib;raknet-debug.lib;SDL3-static-debug.lib;SDL3_image-static-debug.lib;opengl32.lib;dbghelp.lib;%(AdditionalDependencies)</AdditionalDependencies>
      <OutputFile>$(OutDir)$(TargetName)$(TargetExt)</OutputFile>
      <AdditionalLibraryDirectories>external\sources\zlib-ng-2.1.3\_Bin;external\sources\libpng-1.6.40\_Bin;external\sources\allegro 4.4.3.1-custom\_Bin;external\sources\SDL3-3.2.10\_Bin;external\sources\SDL3_image-3.2.4\_Bin;external\sources\luabind-0.7.1\_Bin;external\sources\LuaJIT-2.1\_Bin;external\sources\RakNet\_Bin;external\sources\minizip-ng-4.0.0\_Bin;external\lib\win;%(AdditionalLibraryDirectories)</AdditionalLibraryDirectories>
      <GenerateDebugInformation>DebugFull</GenerateDebugInformation>
      <ProgramDatabaseFile>$(OutDir)$(TargetName).pdb</ProgramDatabaseFile>
      <SubSystem>Windows</SubSystem>
      <ImageHasSafeExceptionHandlers>false</ImageHasSafeExceptionHandlers>
      <ShowProgress>LinkVerbose</ShowProgress>
      <AdditionalOptions>/ignore:4099 /ignore:4098 %(AdditionalOptions)</AdditionalOptions>
      <IgnoreSpecificDefaultLibraries>libcmt.lib</IgnoreSpecificDefaultLibraries>
      <LargeAddressAware>true</LargeAddressAware>
    </Link>
    <Manifest>
      <OutputManifestFile>$(IntDir)$(TargetName).manifest</OutputManifestFile>
      <EnableDpiAwareness>PerMonitorHighDPIAware</EnableDpiAwareness>
    </Manifest>
    <Xdcmake>
      <OutputFile>$(IntDir)$(TargetName).xml</OutputFile>
    </Xdcmake>
    <Bscmake>
      <OutputFile>$(IntDir)$(TargetName).bsc</OutputFile>
    </Bscmake>
  </ItemDefinitionGroup>
  <Import Project="RTEA.common.props" />
  <ItemDefinitionGroup Condition="'$(Configuration)|$(Platform)'=='Debug Release|Win32'">
    <ClCompile>
      <AdditionalOptions Condition="'$(VisualStudioVersion)'=='16.0'">/bigobj /Zm300 %(AdditionalOptions)</AdditionalOptions>
      <AdditionalOptions Condition="'$(VisualStudioVersion)'=='17.0'">/bigobj %(AdditionalOptions)</AdditionalOptions>
      <Optimization>MaxSpeed</Optimization>
      <IntrinsicFunctions>true</IntrinsicFunctions>
      <FavorSizeOrSpeed>Speed</FavorSizeOrSpeed>
      <WholeProgramOptimization>false</WholeProgramOptimization>
      <AdditionalIncludeDirectories>$(ProjectDir);$(ProjectDir)\Source;$(ProjectDir)Source\System;$(ProjectDir)Source\Lua;$(ProjectDir)Source\Entities;$(ProjectDir)Source\Activities;$(ProjectDir)Source\Managers;$(ProjectDir)Source\Network;$(ProjectDir)Source\AI;$(ProjectDir)Source\CI;$(ProjectDir)Source\Menus;$(ProjectDir)Source\GUI;$(ProjectDir)Source\GUI\Wrappers;$(ProjectDir)Source\GUI\imgui;$(ProjectDir)Source\GUI\imgui\backends;$(ProjectDir)Source\Renderer;$(ProjectDir)external\include\boost_1_75;$(ProjectDir)external\include\glm-0.9.9.8;$(ProjectDir)external\include\glad-2.0.0-beta;$(ProjectDir)external\include\LZ4-1.9.3\LZ4;$(ProjectDir)external\include\fmod-2.2.13;$(ProjectDir)external\include\thread-pool-3.5.0\include;$(ProjectDir)external\include\hopscotch-map-2.3.1\include;$(ProjectDir)external\sources\libpng-1.6.40\include;$(ProjectDir)external\sources\zlib-ng-2.1.3\include;$(ProjectDir)external\sources\allegro 4.4.3.1-custom\include;$(ProjectDir)external\sources\allegro 4.4.3.1-custom\addons\loadpng;$(ProjectDir)external\sources\SDL3-3.2.10\include;$(ProjectDir)external\sources\SDL3_image-3.2.4\include;$(ProjectDir)external\sources\LuaJIT-2.1\src;$(ProjectDir)external\sources\luabind-0.7.1\;$(ProjectDir)external\sources\luabind-0.7.1\luabind;$(ProjectDir)external\sources\RakNet\include;$(ProjectDir)external\sources\minizip-ng-4.0.0\include;$(ProjectDir)external\sources\minizip-ng-4.0.0\src;$(ProjectDir)external\sources\tracy\public;$(ProjectDir)external\sources\fmem\include;$(ProjectDir)external\sources\nlohmann_json-3.12.0</AdditionalIncludeDirectories>
      <PreprocessorDefinitions>_ITERATOR_DEBUG_LEVEL=0;ZLIB_COMPAT;_WINDOWS;WIN32;DEBUG_RELEASE_BUILD;NDEBUG;TRACY_ENABLE;TRACY_ON_DEMAND;TARGET_MACHINE_X86;%(PreprocessorDefinitions)</PreprocessorDefinitions>
      <ExceptionHandling>Sync</ExceptionHandling>
      <RuntimeLibrary>MultiThreadedDLL</RuntimeLibrary>
      <BufferSecurityCheck>false</BufferSecurityCheck>
      <EnableEnhancedInstructionSet>StreamingSIMDExtensions2</EnableEnhancedInstructionSet>
      <FloatingPointModel>Precise</FloatingPointModel>
      <RuntimeTypeInfo>true</RuntimeTypeInfo>
      <PrecompiledHeader>Use</PrecompiledHeader>
      <WarningLevel>Level2</WarningLevel>
      <DebugInformationFormat>ProgramDatabase</DebugInformationFormat>
      <DisableSpecificWarnings>4566;%(DisableSpecificWarnings)</DisableSpecificWarnings>
      <ForcedIncludeFiles>%(ForcedIncludeFiles);StandardIncludes.h;</ForcedIncludeFiles>
      <OmitFramePointers>false</OmitFramePointers>
      <MultiProcessorCompilation>true</MultiProcessorCompilation>
      <PrecompiledHeaderFile>StandardIncludes.h</PrecompiledHeaderFile>
      <LanguageStandard>stdcpp20</LanguageStandard>
      <InlineFunctionExpansion>Default</InlineFunctionExpansion>
      <StringPooling>false</StringPooling>
      <FunctionLevelLinking>true</FunctionLevelLinking>
      <OmitDefaultLibName>false</OmitDefaultLibName>
      <ConformanceMode>true</ConformanceMode>
      <IncludeInUnityFile>false</IncludeInUnityFile>
      <AddCodeAfterSourceInclude>#undef GetClassName</AddCodeAfterSourceInclude>
    </ClCompile>
    <Link>
      <AdditionalDependencies>winmm.lib;ws2_32.lib;dinput8.lib;ddraw.lib;dxguid.lib;dsound.lib;imm32.lib;setupapi.lib;version.lib;zlibstatic-32.lib;libminizip-32.lib;libpng16-static-32.lib;fmodL_vc.lib;allegro-debug-release-32.lib;loadpng-debug-release-32.lib;liblz4_release_static.lib;luajit-debug-release-32.lib;luabind-debug-release-32.lib;raknet-release-32.lib;opengl32.lib;%(AdditionalDependencies)</AdditionalDependencies>
      <OutputFile>$(OutDir)$(TargetName)$(TargetExt)</OutputFile>
      <AdditionalLibraryDirectories>external\sources\zlib-ng-2.1.3\_Bin;external\sources\libpng-1.6.40\_Bin;external\sources\allegro 4.4.3.1-custom\_Bin;external\sources\SDL3-3.2.10\_Bin;external\sources\SDL3_image-3.2.4\_Bin;external\sources\luabind-0.7.1\_Bin;external\sources\LuaJIT-2.1\_Bin;external\sources\RakNet\_Bin;external\sources\minizip-ng-4.0.0\_Bin;external\lib\win\x86;%(AdditionalLibraryDirectories)</AdditionalLibraryDirectories>
      <GenerateDebugInformation>true</GenerateDebugInformation>
      <SubSystem>Windows</SubSystem>
      <LargeAddressAware>true</LargeAddressAware>
      <OptimizeReferences>true</OptimizeReferences>
      <EnableCOMDATFolding>true</EnableCOMDATFolding>
      <LinkTimeCodeGeneration>UseLinkTimeCodeGeneration</LinkTimeCodeGeneration>
      <TargetMachine>MachineX86</TargetMachine>
      <FixedBaseAddress>false</FixedBaseAddress>
      <ImageHasSafeExceptionHandlers>false</ImageHasSafeExceptionHandlers>
      <AdditionalOptions>/ignore:4099 /ignore:4098 %(AdditionalOptions)</AdditionalOptions>
      <ProgramDatabaseFile>$(OutDir)$(TargetName).pdb</ProgramDatabaseFile>
      <IgnoreSpecificDefaultLibraries>libcmt.lib</IgnoreSpecificDefaultLibraries>
    </Link>
    <Manifest>
      <OutputManifestFile>$(IntDir)$(TargetName).manifest</OutputManifestFile>
      <EnableDpiAwareness>PerMonitorHighDPIAware</EnableDpiAwareness>
    </Manifest>
    <Xdcmake>
      <OutputFile>$(IntDir)$(TargetName).xml</OutputFile>
    </Xdcmake>
    <Bscmake>
      <OutputFile>$(IntDir)$(TargetName).bsc</OutputFile>
    </Bscmake>
  </ItemDefinitionGroup>
  <Import Project="RTEA.common.props" />
  <ItemDefinitionGroup Condition="'$(Configuration)|$(Platform)'=='Profiling|Win32'">
    <ClCompile>
      <AdditionalOptions Condition="'$(VisualStudioVersion)'=='16.0'">/bigobj /Zm300 %(AdditionalOptions)</AdditionalOptions>
      <AdditionalOptions Condition="'$(VisualStudioVersion)'=='17.0'">/bigobj %(AdditionalOptions)</AdditionalOptions>
      <Optimization>MaxSpeed</Optimization>
      <IntrinsicFunctions>true</IntrinsicFunctions>
      <FavorSizeOrSpeed>Speed</FavorSizeOrSpeed>
      <WholeProgramOptimization>false</WholeProgramOptimization>
      <AdditionalIncludeDirectories>$(ProjectDir);$(ProjectDir)\Source;$(ProjectDir)Source\System;$(ProjectDir)Source\Lua;$(ProjectDir)Source\Entities;$(ProjectDir)Source\Activities;$(ProjectDir)Source\Managers;$(ProjectDir)Source\Network;$(ProjectDir)Source\AI;$(ProjectDir)Source\CI;$(ProjectDir)Source\Menus;$(ProjectDir)Source\GUI;$(ProjectDir)Source\GUI\Wrappers;$(ProjectDir)Source\GUI\imgui;$(ProjectDir)Source\GUI\imgui\backends;$(ProjectDir)Source\Renderer;$(ProjectDir)external\include\boost_1_75;$(ProjectDir)external\include\glm-0.9.9.8;$(ProjectDir)external\include\glad-2.0.0-beta;$(ProjectDir)external\include\LZ4-1.9.3\LZ4;$(ProjectDir)external\include\fmod-2.2.13;$(ProjectDir)external\include\thread-pool-3.5.0\include;$(ProjectDir)external\include\hopscotch-map-2.3.1\include;$(ProjectDir)external\sources\libpng-1.6.40\include;$(ProjectDir)external\sources\zlib-ng-2.1.3\include;$(ProjectDir)external\sources\allegro 4.4.3.1-custom\include;$(ProjectDir)external\sources\allegro 4.4.3.1-custom\addons\loadpng;$(ProjectDir)external\sources\SDL3-3.2.10\include;$(ProjectDir)external\sources\SDL3_image-3.2.4\include;$(ProjectDir)external\sources\LuaJIT-2.1\src;$(ProjectDir)external\sources\luabind-0.7.1\;$(ProjectDir)external\sources\luabind-0.7.1\luabind;$(ProjectDir)external\sources\RakNet\include;$(ProjectDir)external\sources\minizip-ng-4.0.0\include;$(ProjectDir)external\sources\minizip-ng-4.0.0\src;$(ProjectDir)external\sources\tracy\public;$(ProjectDir)external\sources\fmem\include;$(ProjectDir)external\sources\nlohmann_json-3.12.0</AdditionalIncludeDirectories>
      <PreprocessorDefinitions>_ITERATOR_DEBUG_LEVEL=0;ZLIB_COMPAT;_WINDOWS;WIN32;TRACY_ENABLE;TRACY_ON_DEMAND;PROFILING_BUILD;NDEBUG;TARGET_MACHINE_X86;%(PreprocessorDefinitions)</PreprocessorDefinitions>
      <ExceptionHandling>Sync</ExceptionHandling>
      <RuntimeLibrary>MultiThreadedDLL</RuntimeLibrary>
      <BufferSecurityCheck>false</BufferSecurityCheck>
      <EnableEnhancedInstructionSet>StreamingSIMDExtensions2</EnableEnhancedInstructionSet>
      <FloatingPointModel>Precise</FloatingPointModel>
      <RuntimeTypeInfo>true</RuntimeTypeInfo>
      <PrecompiledHeader>Use</PrecompiledHeader>
      <WarningLevel>Level2</WarningLevel>
      <DebugInformationFormat>ProgramDatabase</DebugInformationFormat>
      <DisableSpecificWarnings>4566;%(DisableSpecificWarnings)</DisableSpecificWarnings>
      <ForcedIncludeFiles>%(ForcedIncludeFiles);StandardIncludes.h;</ForcedIncludeFiles>
      <OmitFramePointers>false</OmitFramePointers>
      <MultiProcessorCompilation>true</MultiProcessorCompilation>
      <PrecompiledHeaderFile>StandardIncludes.h</PrecompiledHeaderFile>
      <LanguageStandard>stdcpp20</LanguageStandard>
      <InlineFunctionExpansion>Default</InlineFunctionExpansion>
      <StringPooling>false</StringPooling>
      <FunctionLevelLinking>true</FunctionLevelLinking>
      <OmitDefaultLibName>false</OmitDefaultLibName>
      <ConformanceMode>true</ConformanceMode>
      <IncludeInUnityFile>false</IncludeInUnityFile>
      <AddCodeAfterSourceInclude>#undef GetClassName</AddCodeAfterSourceInclude>
    </ClCompile>
    <Link>
      <AdditionalDependencies>winmm.lib;ws2_32.lib;dinput8.lib;ddraw.lib;dxguid.lib;dsound.lib;imm32.lib;setupapi.lib;version.lib;zlibstatic-32.lib;libminizip-32.lib;libpng16-static-32.lib;fmodL_vc.lib;allegro-debug-release-32.lib;loadpng-debug-release-32.lib;liblz4_release_static.lib;luajit-debug-release-32.lib;luabind-debug-release-32.lib;raknet-release-32.lib;opengl32.lib;%(AdditionalDependencies)</AdditionalDependencies>
      <OutputFile>$(OutDir)$(TargetName)$(TargetExt)</OutputFile>
      <AdditionalLibraryDirectories>external\sources\zlib-ng-2.1.3\_Bin;external\sources\libpng-1.6.40\_Bin;external\sources\allegro 4.4.3.1-custom\_Bin;external\sources\SDL3-3.2.10\_Bin;external\sources\SDL3_image-3.2.4\_Bin;external\sources\luabind-0.7.1\_Bin;external\sources\LuaJIT-2.1\_Bin;external\sources\RakNet\_Bin;external\sources\minizip-ng-4.0.0\_Bin;external\lib\win\x86;%(AdditionalLibraryDirectories)</AdditionalLibraryDirectories>
      <GenerateDebugInformation>true</GenerateDebugInformation>
      <SubSystem>Windows</SubSystem>
      <LargeAddressAware>true</LargeAddressAware>
      <OptimizeReferences>true</OptimizeReferences>
      <EnableCOMDATFolding>true</EnableCOMDATFolding>
      <LinkTimeCodeGeneration>UseLinkTimeCodeGeneration</LinkTimeCodeGeneration>
      <TargetMachine>MachineX86</TargetMachine>
      <FixedBaseAddress>false</FixedBaseAddress>
      <ImageHasSafeExceptionHandlers>false</ImageHasSafeExceptionHandlers>
      <AdditionalOptions>/ignore:4099 /ignore:4098 %(AdditionalOptions)</AdditionalOptions>
      <ProgramDatabaseFile>$(OutDir)$(TargetName).pdb</ProgramDatabaseFile>
      <IgnoreSpecificDefaultLibraries>libcmt.lib</IgnoreSpecificDefaultLibraries>
    </Link>
    <Manifest>
      <OutputManifestFile>$(IntDir)$(TargetName).manifest</OutputManifestFile>
      <EnableDpiAwareness>PerMonitorHighDPIAware</EnableDpiAwareness>
    </Manifest>
    <Xdcmake>
      <OutputFile>$(IntDir)$(TargetName).xml</OutputFile>
    </Xdcmake>
    <Bscmake>
      <OutputFile>$(IntDir)$(TargetName).bsc</OutputFile>
    </Bscmake>
  </ItemDefinitionGroup>
  <Import Project="RTEA.common.props" />
  <ItemDefinitionGroup Condition="'$(Configuration)|$(Platform)'=='Debug Release|x64'">
    <ClCompile>
      <AdditionalOptions Condition="'$(VisualStudioVersion)'=='16.0'">/bigobj /Zm300 %(AdditionalOptions)</AdditionalOptions>
      <AdditionalOptions Condition="'$(VisualStudioVersion)'=='17.0'">/bigobj %(AdditionalOptions)</AdditionalOptions>
      <Optimization>MaxSpeed</Optimization>
      <IntrinsicFunctions>true</IntrinsicFunctions>
      <FavorSizeOrSpeed>Speed</FavorSizeOrSpeed>
      <WholeProgramOptimization>false</WholeProgramOptimization>
      <AdditionalIncludeDirectories>$(ProjectDir);$(ProjectDir)\Source;$(ProjectDir)Source\System;$(ProjectDir)Source\Lua;$(ProjectDir)Source\Entities;$(ProjectDir)Source\Activities;$(ProjectDir)Source\Managers;$(ProjectDir)Source\Network;$(ProjectDir)Source\AI;$(ProjectDir)Source\CI;$(ProjectDir)Source\Menus;$(ProjectDir)Source\GUI;$(ProjectDir)Source\GUI\Wrappers;$(ProjectDir)Source\GUI\imgui;$(ProjectDir)Source\GUI\imgui\backends;$(ProjectDir)Source\Renderer;$(ProjectDir)external\include\boost_1_75;$(ProjectDir)external\include\glm-0.9.9.8;$(ProjectDir)external\include\glad-2.0.0-beta;$(ProjectDir)external\include\LZ4-1.9.3\LZ4;$(ProjectDir)external\include\fmod-2.2.13;$(ProjectDir)external\include\thread-pool-3.5.0\include;$(ProjectDir)external\include\hopscotch-map-2.3.1\include;$(ProjectDir)external\sources\libpng-1.6.40\include;$(ProjectDir)external\sources\zlib-ng-2.1.3\include;$(ProjectDir)external\sources\allegro 4.4.3.1-custom\include;$(ProjectDir)external\sources\allegro 4.4.3.1-custom\addons\loadpng;$(ProjectDir)external\sources\SDL3-3.2.10\include;$(ProjectDir)external\sources\SDL3_image-3.2.4\include;$(ProjectDir)external\sources\LuaJIT-2.1\src;$(ProjectDir)external\sources\luabind-0.7.1\;$(ProjectDir)external\sources\luabind-0.7.1\luabind;$(ProjectDir)external\sources\RakNet\include;$(ProjectDir)external\sources\minizip-ng-4.0.0\include;$(ProjectDir)external\sources\minizip-ng-4.0.0\src;$(ProjectDir)external\sources\tracy\public;$(ProjectDir)external\sources\fmem\include;$(ProjectDir)external\sources\nlohmann_json-3.12.0</AdditionalIncludeDirectories>
      <PreprocessorDefinitions>_ITERATOR_DEBUG_LEVEL=0;ZLIB_COMPAT;_WINDOWS;WIN32;DEBUG_RELEASE_BUILD;NDEBUG;TRACY_ENABLE;TRACY_ON_DEMAND;%(PreprocessorDefinitions)</PreprocessorDefinitions>
      <ExceptionHandling>Sync</ExceptionHandling>
      <RuntimeLibrary>MultiThreadedDLL</RuntimeLibrary>
      <BufferSecurityCheck>false</BufferSecurityCheck>
      <EnableEnhancedInstructionSet>
      </EnableEnhancedInstructionSet>
      <FloatingPointModel>Precise</FloatingPointModel>
      <RuntimeTypeInfo>true</RuntimeTypeInfo>
      <PrecompiledHeader>Use</PrecompiledHeader>
      <WarningLevel>Level2</WarningLevel>
      <DebugInformationFormat>ProgramDatabase</DebugInformationFormat>
      <DisableSpecificWarnings>4566;%(DisableSpecificWarnings)</DisableSpecificWarnings>
      <ForcedIncludeFiles>%(ForcedIncludeFiles);StandardIncludes.h;</ForcedIncludeFiles>
      <OmitFramePointers>false</OmitFramePointers>
      <MultiProcessorCompilation>true</MultiProcessorCompilation>
      <PrecompiledHeaderFile>StandardIncludes.h</PrecompiledHeaderFile>
      <LanguageStandard>stdcpp20</LanguageStandard>
      <InlineFunctionExpansion>Default</InlineFunctionExpansion>
      <StringPooling>false</StringPooling>
      <FunctionLevelLinking>true</FunctionLevelLinking>
      <OmitDefaultLibName>false</OmitDefaultLibName>
      <ConformanceMode>true</ConformanceMode>
      <IncludeInUnityFile>false</IncludeInUnityFile>
      <AddCodeAfterSourceInclude>#undef GetClassName</AddCodeAfterSourceInclude>
      <AdditionalOptions>/bigobj %(AdditionalOptions)</AdditionalOptions>
    </ClCompile>
    <Link>
      <AdditionalDependencies>winmm.lib;ws2_32.lib;dinput8.lib;ddraw.lib;dxguid.lib;dsound.lib;imm32.lib;setupapi.lib;version.lib;zlibstatic.lib;libminizip.lib;libpng16-static.lib;fmod_vc.lib;allegro-debug-release.lib;loadpng-debug-release.lib;liblz4_release_static.lib;luajit-debug-release.lib;luabind-debug-release.lib;raknet-release.lib;opengl32.lib;SDL3-static.lib;SDL3_image-static.lib;dbghelp.lib;%(AdditionalDependencies)</AdditionalDependencies>
      <OutputFile>$(OutDir)$(TargetName)$(TargetExt)</OutputFile>
      <AdditionalLibraryDirectories>external\sources\zlib-ng-2.1.3\_Bin;external\sources\libpng-1.6.40\_Bin;external\sources\allegro 4.4.3.1-custom\_Bin;external\sources\SDL3-3.2.10\_Bin;external\sources\SDL3_image-3.2.4\_Bin;external\sources\luabind-0.7.1\_Bin;external\sources\LuaJIT-2.1\_Bin;external\sources\RakNet\_Bin;external\sources\minizip-ng-4.0.0\_Bin;external\lib\win;%(AdditionalLibraryDirectories)</AdditionalLibraryDirectories>
      <GenerateDebugInformation>true</GenerateDebugInformation>
      <SubSystem>Windows</SubSystem>
      <LargeAddressAware>true</LargeAddressAware>
      <OptimizeReferences>true</OptimizeReferences>
      <EnableCOMDATFolding>true</EnableCOMDATFolding>
      <LinkTimeCodeGeneration>Default</LinkTimeCodeGeneration>
      <FixedBaseAddress>false</FixedBaseAddress>
      <ImageHasSafeExceptionHandlers>false</ImageHasSafeExceptionHandlers>
      <AdditionalOptions>/ignore:4099 /ignore:4098 %(AdditionalOptions)</AdditionalOptions>
      <ProgramDatabaseFile>$(OutDir)$(TargetName).pdb</ProgramDatabaseFile>
      <IgnoreSpecificDefaultLibraries>libcmt.lib</IgnoreSpecificDefaultLibraries>
    </Link>
    <Manifest>
      <OutputManifestFile>$(IntDir)$(TargetName).manifest</OutputManifestFile>
      <EnableDpiAwareness>PerMonitorHighDPIAware</EnableDpiAwareness>
    </Manifest>
    <Xdcmake>
      <OutputFile>$(IntDir)$(TargetName).xml</OutputFile>
    </Xdcmake>
    <Bscmake>
      <OutputFile>$(IntDir)$(TargetName).bsc</OutputFile>
    </Bscmake>
  </ItemDefinitionGroup>
  <Import Project="RTEA.common.props" />
  <ItemDefinitionGroup Condition="'$(Configuration)|$(Platform)'=='Profiling|x64'">
    <ClCompile>
      <AdditionalOptions Condition="'$(VisualStudioVersion)'=='16.0'">/bigobj /Zm300 %(AdditionalOptions)</AdditionalOptions>
      <AdditionalOptions Condition="'$(VisualStudioVersion)'=='17.0'">/bigobj %(AdditionalOptions)</AdditionalOptions>
      <Optimization>MaxSpeed</Optimization>
      <IntrinsicFunctions>true</IntrinsicFunctions>
      <FavorSizeOrSpeed>Speed</FavorSizeOrSpeed>
      <WholeProgramOptimization>true</WholeProgramOptimization>
      <AdditionalIncludeDirectories>$(ProjectDir);$(ProjectDir)\Source;$(ProjectDir)Source\System;$(ProjectDir)Source\Lua;$(ProjectDir)Source\Entities;$(ProjectDir)Source\Activities;$(ProjectDir)Source\Managers;$(ProjectDir)Source\Network;$(ProjectDir)Source\AI;$(ProjectDir)Source\CI;$(ProjectDir)Source\Menus;$(ProjectDir)Source\GUI;$(ProjectDir)Source\GUI\Wrappers;$(ProjectDir)Source\GUI\imgui;$(ProjectDir)Source\GUI\imgui\backends;$(ProjectDir)Source\Renderer;$(ProjectDir)external\include\boost_1_75;$(ProjectDir)external\include\glm-0.9.9.8;$(ProjectDir)external\include\glad-2.0.0-beta;$(ProjectDir)external\include\LZ4-1.9.3\LZ4;$(ProjectDir)external\include\fmod-2.2.13;$(ProjectDir)external\include\thread-pool-3.5.0\include;$(ProjectDir)external\include\hopscotch-map-2.3.1\include;$(ProjectDir)external\sources\libpng-1.6.40\include;$(ProjectDir)external\sources\zlib-ng-2.1.3\include;$(ProjectDir)external\sources\allegro 4.4.3.1-custom\include;$(ProjectDir)external\sources\allegro 4.4.3.1-custom\addons\loadpng;$(ProjectDir)external\sources\SDL3-3.2.10\include;$(ProjectDir)external\sources\SDL3_image-3.2.4\include;$(ProjectDir)external\sources\LuaJIT-2.1\src;$(ProjectDir)external\sources\luabind-0.7.1\;$(ProjectDir)external\sources\luabind-0.7.1\luabind;$(ProjectDir)external\sources\RakNet\include;$(ProjectDir)external\sources\minizip-ng-4.0.0\include;$(ProjectDir)external\sources\minizip-ng-4.0.0\src;$(ProjectDir)external\sources\tracy\public;$(ProjectDir)external\sources\fmem\include;$(ProjectDir)external\sources\nlohmann_json-3.12.0</AdditionalIncludeDirectories>
      <PreprocessorDefinitions>_ITERATOR_DEBUG_LEVEL=0;ZLIB_COMPAT;_WINDOWS;WIN32;TRACY_ENABLE;TRACY_ON_DEMAND;PROFILING_BUILD;NDEBUG;%(PreprocessorDefinitions)</PreprocessorDefinitions>
      <ExceptionHandling>Sync</ExceptionHandling>
      <RuntimeLibrary>MultiThreadedDLL</RuntimeLibrary>
      <BufferSecurityCheck>false</BufferSecurityCheck>
      <EnableEnhancedInstructionSet>
      </EnableEnhancedInstructionSet>
      <FloatingPointModel>Precise</FloatingPointModel>
      <RuntimeTypeInfo>true</RuntimeTypeInfo>
      <PrecompiledHeader>Use</PrecompiledHeader>
      <WarningLevel>Level2</WarningLevel>
      <DebugInformationFormat>ProgramDatabase</DebugInformationFormat>
      <DisableSpecificWarnings>4566;%(DisableSpecificWarnings)</DisableSpecificWarnings>
      <ForcedIncludeFiles>%(ForcedIncludeFiles);StandardIncludes.h;</ForcedIncludeFiles>
      <OmitFramePointers>false</OmitFramePointers>
      <MultiProcessorCompilation>true</MultiProcessorCompilation>
      <PrecompiledHeaderFile>StandardIncludes.h</PrecompiledHeaderFile>
      <LanguageStandard>stdcpp20</LanguageStandard>
      <InlineFunctionExpansion>Default</InlineFunctionExpansion>
      <StringPooling>false</StringPooling>
      <FunctionLevelLinking>true</FunctionLevelLinking>
      <OmitDefaultLibName>false</OmitDefaultLibName>
      <ConformanceMode>true</ConformanceMode>
      <IncludeInUnityFile>false</IncludeInUnityFile>
      <AddCodeAfterSourceInclude>#undef GetClassName</AddCodeAfterSourceInclude>
      <AdditionalOptions>/bigobj %(AdditionalOptions)</AdditionalOptions>
    </ClCompile>
    <Link>
      <AdditionalDependencies>winmm.lib;ws2_32.lib;dinput8.lib;ddraw.lib;dxguid.lib;dsound.lib;imm32.lib;setupapi.lib;version.lib;zlibstatic.lib;libminizip.lib;libpng16-static.lib;fmod_vc.lib;allegro-debug-release.lib;loadpng-debug-release.lib;liblz4_release_static.lib;luajit-debug-release.lib;luabind-debug-release.lib;raknet-release.lib;opengl32.lib;SDL3-static.lib;SDL3_image-static.lib;dbghelp.lib;%(AdditionalDependencies)</AdditionalDependencies>
      <OutputFile>$(OutDir)$(TargetName)$(TargetExt)</OutputFile>
      <AdditionalLibraryDirectories>external\sources\zlib-ng-2.1.3\_Bin;external\sources\libpng-1.6.40\_Bin;external\sources\allegro 4.4.3.1-custom\_Bin;external\sources\SDL3-3.2.10\_Bin;external\sources\SDL3_image-3.2.4\_Bin;external\sources\luabind-0.7.1\_Bin;external\sources\LuaJIT-2.1\_Bin;external\sources\RakNet\_Bin;external\sources\minizip-ng-4.0.0\_Bin;external\lib\win;%(AdditionalLibraryDirectories)</AdditionalLibraryDirectories>
      <GenerateDebugInformation>true</GenerateDebugInformation>
      <SubSystem>Windows</SubSystem>
      <LargeAddressAware>true</LargeAddressAware>
      <OptimizeReferences>true</OptimizeReferences>
      <EnableCOMDATFolding>true</EnableCOMDATFolding>
      <LinkTimeCodeGeneration>UseLinkTimeCodeGeneration</LinkTimeCodeGeneration>
      <FixedBaseAddress>false</FixedBaseAddress>
      <ImageHasSafeExceptionHandlers>false</ImageHasSafeExceptionHandlers>
      <AdditionalOptions>/ignore:4099 /ignore:4098 %(AdditionalOptions)</AdditionalOptions>
      <ProgramDatabaseFile>$(OutDir)$(TargetName).pdb</ProgramDatabaseFile>
      <IgnoreSpecificDefaultLibraries>libcmt.lib</IgnoreSpecificDefaultLibraries>
    </Link>
    <Manifest>
      <OutputManifestFile>$(IntDir)$(TargetName).manifest</OutputManifestFile>
      <EnableDpiAwareness>PerMonitorHighDPIAware</EnableDpiAwareness>
    </Manifest>
    <Xdcmake>
      <OutputFile>$(IntDir)$(TargetName).xml</OutputFile>
    </Xdcmake>
    <Bscmake>
      <OutputFile>$(IntDir)$(TargetName).bsc</OutputFile>
    </Bscmake>
  </ItemDefinitionGroup>
  <Import Project="RTEA.common.props" />
  <ItemDefinitionGroup Condition="'$(Configuration)|$(Platform)'=='Final|Win32'">
    <ClCompile>
      <AdditionalOptions Condition="'$(VisualStudioVersion)'=='16.0'">/bigobj /Zm300 %(AdditionalOptions)</AdditionalOptions>
      <AdditionalOptions Condition="'$(VisualStudioVersion)'=='17.0'">/bigobj %(AdditionalOptions)</AdditionalOptions>
      <Optimization>MaxSpeed</Optimization>
      <IntrinsicFunctions>true</IntrinsicFunctions>
      <FavorSizeOrSpeed>Speed</FavorSizeOrSpeed>
      <WholeProgramOptimization>true</WholeProgramOptimization>
      <AdditionalIncludeDirectories>$(ProjectDir);$(ProjectDir)\Source;$(ProjectDir)Source\System;$(ProjectDir)Source\Lua;$(ProjectDir)Source\Entities;$(ProjectDir)Source\Activities;$(ProjectDir)Source\Managers;$(ProjectDir)Source\Network;$(ProjectDir)Source\AI;$(ProjectDir)Source\CI;$(ProjectDir)Source\Menus;$(ProjectDir)Source\GUI;$(ProjectDir)Source\GUI\Wrappers;$(ProjectDir)Source\GUI\imgui;$(ProjectDir)Source\GUI\imgui\backends;$(ProjectDir)Source\Renderer;$(ProjectDir)external\include\boost_1_75;$(ProjectDir)external\include\glm-0.9.9.8;$(ProjectDir)external\include\glad-2.0.0-beta;$(ProjectDir)external\include\LZ4-1.9.3\LZ4;$(ProjectDir)external\include\fmod-2.2.13;$(ProjectDir)external\include\thread-pool-3.5.0\include;$(ProjectDir)external\include\hopscotch-map-2.3.1\include;$(ProjectDir)external\sources\libpng-1.6.40\include;$(ProjectDir)external\sources\zlib-ng-2.1.3\include;$(ProjectDir)external\sources\allegro 4.4.3.1-custom\include;$(ProjectDir)external\sources\allegro 4.4.3.1-custom\addons\loadpng;$(ProjectDir)external\sources\SDL3-3.2.10\include;$(ProjectDir)external\sources\SDL3_image-3.2.4\include;$(ProjectDir)external\sources\LuaJIT-2.1\src;$(ProjectDir)external\sources\luabind-0.7.1\;$(ProjectDir)external\sources\luabind-0.7.1\luabind;$(ProjectDir)external\sources\RakNet\include;$(ProjectDir)external\sources\minizip-ng-4.0.0\include;$(ProjectDir)external\sources\minizip-ng-4.0.0\src;$(ProjectDir)external\sources\tracy\public;$(ProjectDir)external\sources\fmem\include;$(ProjectDir)external\sources\nlohmann_json-3.12.0</AdditionalIncludeDirectories>
      <PreprocessorDefinitions>_ITERATOR_DEBUG_LEVEL=0;ZLIB_COMPAT;_WINDOWS;WIN32;RELEASE_BUILD;NDEBUG;TRACY_ENABLE;TRACY_ON_DEMAND;TRACY_ONLY_LOCALHOST;TRACY_NO_BROADCAST;TARGET_MACHINE_X86;%(PreprocessorDefinitions)</PreprocessorDefinitions>
      <ExceptionHandling>Sync</ExceptionHandling>
      <RuntimeLibrary>MultiThreadedDLL</RuntimeLibrary>
      <BufferSecurityCheck>false</BufferSecurityCheck>
      <EnableEnhancedInstructionSet>StreamingSIMDExtensions2</EnableEnhancedInstructionSet>
      <FloatingPointModel>Precise</FloatingPointModel>
      <RuntimeTypeInfo>true</RuntimeTypeInfo>
      <PrecompiledHeader>Use</PrecompiledHeader>
      <WarningLevel>Level2</WarningLevel>
      <DisableSpecificWarnings>4566;%(DisableSpecificWarnings)</DisableSpecificWarnings>
      <ForcedIncludeFiles>%(ForcedIncludeFiles);StandardIncludes.h;</ForcedIncludeFiles>
      <OmitFramePointers>true</OmitFramePointers>
      <MultiProcessorCompilation>true</MultiProcessorCompilation>
      <PrecompiledHeaderFile>StandardIncludes.h</PrecompiledHeaderFile>
      <LanguageStandard>stdcpp20</LanguageStandard>
      <InlineFunctionExpansion>AnySuitable</InlineFunctionExpansion>
      <StringPooling>true</StringPooling>
      <OmitDefaultLibName>false</OmitDefaultLibName>
      <ConformanceMode>true</ConformanceMode>
      <IncludeInUnityFile>false</IncludeInUnityFile>
      <AddCodeAfterSourceInclude>#undef GetClassName</AddCodeAfterSourceInclude>
    </ClCompile>
    <Link>
      <AdditionalDependencies>winmm.lib;ws2_32.lib;dinput8.lib;ddraw.lib;dxguid.lib;dsound.lib;imm32.lib;setupapi.lib;version.lib;zlibstatic-32.lib;libminizip-32.lib;libpng16-static-32.lib;fmodL_vc.lib;allegro-release-32.lib;loadpng-release-32.lib;liblz4_release_static.lib;luajit-release-32.lib;luabind-release-32.lib;raknet-release-32.lib;opengl32.lib;%(AdditionalDependencies)</AdditionalDependencies>
      <OutputFile>$(OutDir)$(TargetName)$(TargetExt)</OutputFile>
      <AdditionalLibraryDirectories>external\sources\zlib-ng-2.1.3\_Bin;external\sources\libpng-1.6.40\_Bin;external\sources\allegro 4.4.3.1-custom\_Bin;external\sources\SDL3-3.2.10\_Bin;external\sources\SDL3_image-3.2.4\_Bin;external\sources\luabind-0.7.1\_Bin;external\sources\LuaJIT-2.1\_Bin;external\sources\RakNet\_Bin;external\sources\minizip-ng-4.0.0\_Bin;external\lib\win\x86;%(AdditionalLibraryDirectories)</AdditionalLibraryDirectories>
      <GenerateDebugInformation>DebugFull</GenerateDebugInformation>
      <SubSystem>Windows</SubSystem>
      <LargeAddressAware>true</LargeAddressAware>
      <OptimizeReferences>true</OptimizeReferences>
      <EnableCOMDATFolding>true</EnableCOMDATFolding>
      <LinkTimeCodeGeneration>UseLinkTimeCodeGeneration</LinkTimeCodeGeneration>
      <TargetMachine>MachineX86</TargetMachine>
      <FixedBaseAddress>false</FixedBaseAddress>
      <ImageHasSafeExceptionHandlers>false</ImageHasSafeExceptionHandlers>
      <AdditionalOptions>/ignore:4099 /ignore:4098 %(AdditionalOptions)</AdditionalOptions>
      <IgnoreSpecificDefaultLibraries>libcmt.lib</IgnoreSpecificDefaultLibraries>
      <ProgramDatabaseFile>$(OutDir)$(TargetName).pdb</ProgramDatabaseFile>
    </Link>
    <Manifest>
      <OutputManifestFile>$(IntDir)$(TargetName).manifest</OutputManifestFile>
      <EnableDpiAwareness>PerMonitorHighDPIAware</EnableDpiAwareness>
    </Manifest>
    <Xdcmake>
      <OutputFile>$(IntDir)$(TargetName).xml</OutputFile>
    </Xdcmake>
    <Bscmake>
      <OutputFile>$(IntDir)$(TargetName).bsc</OutputFile>
    </Bscmake>
  </ItemDefinitionGroup>
  <Import Project="RTEA.common.props" />
  <ItemDefinitionGroup Condition="'$(Configuration)|$(Platform)'=='Final|x64'">
    <ClCompile>
      <AdditionalOptions Condition="'$(VisualStudioVersion)'=='16.0'">/bigobj /Zm300 %(AdditionalOptions)</AdditionalOptions>
      <AdditionalOptions Condition="'$(VisualStudioVersion)'=='17.0'">/bigobj %(AdditionalOptions)</AdditionalOptions>
      <Optimization>MaxSpeed</Optimization>
      <IntrinsicFunctions>true</IntrinsicFunctions>
      <FavorSizeOrSpeed>Speed</FavorSizeOrSpeed>
      <WholeProgramOptimization>true</WholeProgramOptimization>
      <AdditionalIncludeDirectories>$(ProjectDir);$(ProjectDir)\Source;$(ProjectDir)Source\System;$(ProjectDir)Source\Lua;$(ProjectDir)Source\Entities;$(ProjectDir)Source\Activities;$(ProjectDir)Source\Managers;$(ProjectDir)Source\Network;$(ProjectDir)Source\AI;$(ProjectDir)Source\CI;$(ProjectDir)Source\Menus;$(ProjectDir)Source\GUI;$(ProjectDir)Source\GUI\Wrappers;$(ProjectDir)Source\GUI\imgui;$(ProjectDir)Source\GUI\imgui\backends;$(ProjectDir)Source\Renderer;$(ProjectDir)external\include\boost_1_75;$(ProjectDir)external\include\glm-0.9.9.8;$(ProjectDir)external\include\glad-2.0.0-beta;$(ProjectDir)external\include\LZ4-1.9.3\LZ4;$(ProjectDir)external\include\fmod-2.2.13;$(ProjectDir)external\include\thread-pool-3.5.0\include;$(ProjectDir)external\include\hopscotch-map-2.3.1\include;$(ProjectDir)external\sources\libpng-1.6.40\include;$(ProjectDir)external\sources\zlib-ng-2.1.3\include;$(ProjectDir)external\sources\allegro 4.4.3.1-custom\include;$(ProjectDir)external\sources\allegro 4.4.3.1-custom\addons\loadpng;$(ProjectDir)external\sources\SDL3-3.2.10\include;$(ProjectDir)external\sources\SDL3_image-3.2.4\include;$(ProjectDir)external\sources\LuaJIT-2.1\src;$(ProjectDir)external\sources\luabind-0.7.1\;$(ProjectDir)external\sources\luabind-0.7.1\luabind;$(ProjectDir)external\sources\RakNet\include;$(ProjectDir)external\sources\minizip-ng-4.0.0\include;$(ProjectDir)external\sources\minizip-ng-4.0.0\src;$(ProjectDir)external\sources\tracy\public;$(ProjectDir)external\sources\fmem\include;$(ProjectDir)external\sources\nlohmann_json-3.12.0</AdditionalIncludeDirectories>
      <PreprocessorDefinitions>_ITERATOR_DEBUG_LEVEL=0;ZLIB_COMPAT;_WINDOWS;WIN32;RELEASE_BUILD;NDEBUG;TRACY_ENABLE;TRACY_ON_DEMAND;TRACY_ONLY_LOCALHOST;TRACY_NO_BROADCAST;%(PreprocessorDefinitions)</PreprocessorDefinitions>
      <ExceptionHandling>Sync</ExceptionHandling>
      <RuntimeLibrary>MultiThreadedDLL</RuntimeLibrary>
      <BufferSecurityCheck>false</BufferSecurityCheck>
      <EnableEnhancedInstructionSet>
      </EnableEnhancedInstructionSet>
      <FloatingPointModel>Precise</FloatingPointModel>
      <RuntimeTypeInfo>true</RuntimeTypeInfo>
      <PrecompiledHeader>Use</PrecompiledHeader>
      <WarningLevel>Level2</WarningLevel>
      <DisableSpecificWarnings>4566;%(DisableSpecificWarnings)</DisableSpecificWarnings>
      <ForcedIncludeFiles>%(ForcedIncludeFiles);StandardIncludes.h;</ForcedIncludeFiles>
      <OmitFramePointers>true</OmitFramePointers>
      <MultiProcessorCompilation>true</MultiProcessorCompilation>
      <PrecompiledHeaderFile>StandardIncludes.h</PrecompiledHeaderFile>
      <LanguageStandard>stdcpp20</LanguageStandard>
      <InlineFunctionExpansion>AnySuitable</InlineFunctionExpansion>
      <StringPooling>true</StringPooling>
      <OmitDefaultLibName>false</OmitDefaultLibName>
      <ConformanceMode>true</ConformanceMode>
      <IncludeInUnityFile>false</IncludeInUnityFile>
      <AddCodeAfterSourceInclude>#undef GetClassName</AddCodeAfterSourceInclude>
      <AdditionalOptions>/bigobj %(AdditionalOptions)</AdditionalOptions>
    </ClCompile>
    <Link>
      <AdditionalDependencies>winmm.lib;ws2_32.lib;dinput8.lib;ddraw.lib;dxguid.lib;dsound.lib;imm32.lib;setupapi.lib;version.lib;zlibstatic.lib;libminizip.lib;libpng16-static.lib;fmod_vc.lib;allegro-release.lib;loadpng-release.lib;liblz4_release_static.lib;luajit-release.lib;luabind-release.lib;raknet-release.lib;opengl32.lib;SDL3-static.lib;SDL3_image-static.lib;dbghelp.lib;%(AdditionalDependencies)</AdditionalDependencies>
      <OutputFile>$(OutDir)$(TargetName)$(TargetExt)</OutputFile>
      <AdditionalLibraryDirectories>external\sources\zlib-ng-2.1.3\_Bin;external\sources\libpng-1.6.40\_Bin;external\sources\allegro 4.4.3.1-custom\_Bin;external\sources\SDL3-3.2.10\_Bin;external\sources\SDL3_image-3.2.4\_Bin;external\sources\luabind-0.7.1\_Bin;external\sources\LuaJIT-2.1\_Bin;external\sources\RakNet\_Bin;external\sources\minizip-ng-4.0.0\_Bin;external\lib\win;%(AdditionalLibraryDirectories)</AdditionalLibraryDirectories>
      <GenerateDebugInformation>DebugFull</GenerateDebugInformation>
      <SubSystem>Windows</SubSystem>
      <LargeAddressAware>true</LargeAddressAware>
      <OptimizeReferences>true</OptimizeReferences>
      <EnableCOMDATFolding>true</EnableCOMDATFolding>
      <LinkTimeCodeGeneration>UseLinkTimeCodeGeneration</LinkTimeCodeGeneration>
      <FixedBaseAddress>false</FixedBaseAddress>
      <ImageHasSafeExceptionHandlers>false</ImageHasSafeExceptionHandlers>
      <AdditionalOptions>/ignore:4099 /ignore:4098 %(AdditionalOptions)</AdditionalOptions>
      <IgnoreSpecificDefaultLibraries>libcmt.lib</IgnoreSpecificDefaultLibraries>
      <ProgramDatabaseFile>$(OutDir)$(TargetName).pdb</ProgramDatabaseFile>
    </Link>
    <Manifest>
      <OutputManifestFile>$(IntDir)$(TargetName).manifest</OutputManifestFile>
      <EnableDpiAwareness>PerMonitorHighDPIAware</EnableDpiAwareness>
    </Manifest>
    <Xdcmake>
      <OutputFile>$(IntDir)$(TargetName).xml</OutputFile>
    </Xdcmake>
    <Bscmake>
      <OutputFile>$(IntDir)$(TargetName).bsc</OutputFile>
    </Bscmake>
  </ItemDefinitionGroup>
  <PropertyGroup>
    <GnsEnabled Condition="'$(GNS_ROOT)' != '' And '$(GNS_DEP_ROOT)' != ''">true</GnsEnabled>
  </PropertyGroup>
  <ItemDefinitionGroup Condition="'$(GnsEnabled)'=='true'">
    <ClCompile>
      <AdditionalIncludeDirectories>$(GNS_ROOT)\include\GameNetworkingSockets;$(GNS_DEP_ROOT)\include;%(AdditionalIncludeDirectories)</AdditionalIncludeDirectories>
      <PreprocessorDefinitions>CCCP_WITH_GNS;STEAMNETWORKINGSOCKETS_STATIC_LINK;PROTOBUF_USE_DLLS;ABSL_CONSUME_DLL;%(PreprocessorDefinitions)</PreprocessorDefinitions>
    </ClCompile>
    <Link>
      <AdditionalLibraryDirectories>$(GNS_ROOT)\lib;$(GNS_DEP_ROOT)\lib;%(AdditionalLibraryDirectories)</AdditionalLibraryDirectories>
      <AdditionalDependencies>GameNetworkingSockets_s.lib;libprotobuf.lib;utf8_validity.lib;abseil_dll.lib;libcrypto.lib;ws2_32.lib;crypt32.lib;winmm.lib;Iphlpapi.lib;%(AdditionalDependencies)</AdditionalDependencies>
    </Link>
  </ItemDefinitionGroup>
  <ItemDefinitionGroup>
    <ClCompile>
      <!-- LuaJIT errors unwind through its C API and must destroy live C++ locals. -->
      <ExceptionHandling>SyncCThrow</ExceptionHandling>
    </ClCompile>
  </ItemDefinitionGroup>
  <ItemGroup>
    <ClInclude Include="Source\Entities\Activity.h" />
    <ClInclude Include="Source\Entities\ADSensor.h" />
    <ClInclude Include="Source\Entities\AEJetpack.h" />
    <ClInclude Include="Source\Entities\DynamicSong.h" />
    <ClInclude Include="Source\Entities\Emission.h" />
    <ClInclude Include="Source\Entities\Gib.h" />
    <ClInclude Include="Source\Entities\MetaSave.h" />
    <ClInclude Include="Source\Entities\PEmitter.h" />
    <ClInclude Include="Source\Entities\Round.h" />
    <ClInclude Include="Source\Entities\SLBackground.h" />
    <ClInclude Include="Source\Entities\SoundSet.h" />
    <ClInclude Include="Source\Entities\TerrainFrosting.h" />
    <ClInclude Include="Source\GUI\GUIInterface.h" />
    <ClInclude Include="Source\GUI\GUIReader.h" />
    <ClInclude Include="Source\GUI\GUISound.h" />
    <ClInclude Include="Source\GUI\Wrappers\AllegroBitmap.h" />
    <ClInclude Include="Source\GUI\Wrappers\AllegroScreen.h" />
    <ClInclude Include="Source\GUI\Wrappers\GUIInputWrapper.h" />
    <ClInclude Include="Source\Lua\LuaAdapterDefinitions.h" />
    <ClInclude Include="Source\Lua\LuabindObjectWrapper.h" />
    <ClInclude Include="Source\Lua\LuabindDefinitions.h" />
    <ClInclude Include="Source\Lua\LuaBindingRegisterDefinitions.h" />
    <ClInclude Include="Source\GUI\GUIWriter.h" />
    <ClInclude Include="Source\Managers\CameraMan.h" />
    <ClInclude Include="Source\Managers\GLResourceMan.h" />
    <ClInclude Include="Source\Managers\MusicMan.h" />
    <ClInclude Include="Source\Managers\MenuMan.h" />
    <ClInclude Include="Source\Managers\PerformanceMan.h" />
    <ClInclude Include="Source\Managers\PostProcessMan.h" />
    <ClInclude Include="Source\Managers\PrimitiveMan.h" />
    <ClInclude Include="Source\Managers\ThreadMan.h" />
    <ClInclude Include="Source\Managers\WindowMan.h" />
    <ClInclude Include="Source\Menus\LoadingScreen.h" />
    <ClInclude Include="Source\Menus\ModManagerGUI.h" />
    <ClInclude Include="Source\Menus\PauseMenuGUI.h" />
    <ClInclude Include="Source\Menus\SaveLoadMenuGUI.h" />
    <ClInclude Include="Source\Menus\ScenarioActivityConfigGUI.h" />
    <ClInclude Include="Source\Menus\SettingsAudioGUI.h" />
    <ClInclude Include="Source\Menus\SettingsGameplayGUI.h" />
    <ClInclude Include="Source\Menus\SettingsGUI.h" />
    <ClInclude Include="Source\Menus\SettingsInputGUI.h" />
    <ClInclude Include="Source\Menus\SettingsInputMappingGUI.h" />
    <ClInclude Include="Source\Menus\SettingsInputMappingWizardGUI.h" />
    <ClInclude Include="Source\Menus\SettingsMiscGUI.h" />
    <ClInclude Include="Source\Menus\SettingsVideoGUI.h" />
    <ClInclude Include="Source\Menus\TitleScreen.h" />
    <ClInclude Include="Resources\Credits.h" />
    <ClInclude Include="Resources\resource.h" />
    <ClInclude Include="Source\Renderer\Draw.h" />
    <ClInclude Include="Source\Renderer\raylib\rlutils.h" />
    <ClInclude Include="Source\Renderer\RenderTarget.h" />
    <ClInclude Include="Source\Renderer\Shader.h" />
    <ClInclude Include="Source\Renderer\BigTexture.h" />
    <ClInclude Include="Source\System\AllegroTools.h" />
    <ClInclude Include="Source\System\Atom.h" />
    <ClInclude Include="Source\System\Base64\base64.h" />
    <ClInclude Include="Source\System\backward\backward.hpp" />
    <ClInclude Include="Source\System\Constants.h" />
    <ClInclude Include="Source\System\Controller.h" />
    <ClInclude Include="Source\System\Entity.h" />
    <ClInclude Include="Source\System\GameVersion.h" />
    <ClInclude Include="Source\System\GenericSavedData.h" />
    <ClInclude Include="Source\Renderer\GLCheck.h" />
    <ClInclude Include="Source\System\InputMapping.h" />
    <ClInclude Include="Source\System\InputScheme.h" />
    <ClInclude Include="Source\Renderer\GraphicalPrimitive.h" />
    <ClInclude Include="Source\System\Gamepad.h" />
    <ClInclude Include="Source\Menus\InventoryMenuGUI.h" />
    <ClInclude Include="Source\System\PieQuadrant.h" />
    <ClInclude Include="Source\System\Semver200\semver200.h" />
    <ClInclude Include="Source\System\Semver200\version.h" />
    <ClInclude Include="Source\System\SpatialPartitionGrid.h" />
    <ClInclude Include="Source\System\StandardIncludes.h" />
    <ClInclude Include="Source\System\Box.h" />
    <ClInclude Include="Source\System\Color.h" />
    <ClInclude Include="Source\Network\ControllerFrame.h" />
    <ClInclude Include="Source\Network\ControllerLog.h" />
    <ClInclude Include="Source\Network\GnsTransport.h" />
    <ClInclude Include="Source\Network\LoopbackTransport.h" />
    <ClInclude Include="Source\Network\NetActorOwnership.h" />
    <ClInclude Include="Source\Network\NetAdmissionSelfTest.h" />
    <ClInclude Include="Source\Network\NetAuthCrypto.h" />
    <ClInclude Include="Source\Network\NetAuthSelfTest.h" />
    <ClInclude Include="Source\Network\NetIdentity.h" />
    <ClInclude Include="Source\Network\NetIdentitySelfTest.h" />
    <ClInclude Include="Source\Network\NetLobbyProtocol.h" />
    <ClInclude Include="Source\Network\NetLobbySession.h" />
    <ClInclude Include="Source\Network\NetGameCommand.h" />
    <ClInclude Include="Source\Network\NetResyncState.h" />
    <ClInclude Include="Source\Network\NetResyncSelfTest.h" />
    <ClInclude Include="Source\Network\NetResyncRuntimeSelfTest.h" />
    <ClInclude Include="Source\Network\NetLockstep.h" />
    <ClInclude Include="Source\Network\NetLockstepSelfTest.h" />
    <ClInclude Include="Source\Network\NetMatchConfig.h" />
    <ClInclude Include="Source\Network\NetMatchRunner.h" />
    <ClInclude Include="Source\Network\NetMatchService.h" />
    <ClInclude Include="Source\Network\NetLanDiscovery.h" />
    <ClInclude Include="Source\Network\NetMatchReplay.h" />
    <ClInclude Include="Source\Network\NetMatchSelfTest.h" />
    <ClInclude Include="Source\Network\NetProtocol.h" />
    <ClInclude Include="Source\Network\NetProtocolSelfTest.h" />
    <ClInclude Include="Source\Network\NetReconnectAdmission.h" />
    <ClInclude Include="Source\Network\NetReconnectLedger.h" />
    <ClInclude Include="Source\Network\NetReconnectSession.h" />
    <ClInclude Include="Source\Network\NetReconnectSessionSelfTest.h" />
    <ClInclude Include="Source\Network\NetReconnectTicketStore.h" />
    <ClInclude Include="Source\Network\NetReconnectUx.h" />
    <ClInclude Include="Source\Network\NetReconnectSelfTest.h" />
    <ClInclude Include="Source\Network\NetReconnectTranscript.h" />
    <ClInclude Include="Source\Network\NetReconnectTxCache.h" />
    <ClInclude Include="Source\Network\NetSeatAuth.h" />
    <ClInclude Include="Source\Network\NetSession.h" />
    <ClInclude Include="Source\Network\NetSessionSelfTest.h" />
    <ClInclude Include="Source\Network\NetTransport.h" />
    <ClInclude Include="Source\Network\SimChecksum.h" />
    <ClInclude Include="Source\Network\NetA7Journal.h" />
    <ClInclude Include="Source\AI\MetricsCollector.h" />
    <ClInclude Include="Source\CI\DeterminismCheck.h" />
    <ClInclude Include="Source\CI\NetModerationGUIProbe.h" />
    <ClInclude Include="Source\System\ScenarioRunner.h" />
    <ClInclude Include="Source\System\InputScript.h" />
    <ClInclude Include="Source\System\AIWriteScript.h" />
    <ClInclude Include="Source\System\FaultInjection.h" />
    <ClInclude Include="Source\System\ContentFile.h" />
    <ClInclude Include="Source\System\SaveGameArchive.h" />
    <ClInclude Include="Source\System\DataModule.h" />
    <ClInclude Include="Source\System\RTEError.h" />
    <ClInclude Include="Source\System\RTETools.h" />
    <ClInclude Include="Source\System\Matrix.h" />
    <ClInclude Include="Source\System\PathFinder.h" />
    <ClInclude Include="Source\System\Reader.h" />
    <ClInclude Include="Source\System\Serializable.h" />
    <ClInclude Include="Source\System\Singleton.h" />
    <ClInclude Include="Source\System\System.h" />
    <ClInclude Include="Source\System\Timer.h" />
    <ClInclude Include="Source\System\Vector.h" />
    <ClInclude Include="Source\System\Writer.h" />
    <ClInclude Include="Source\System\MicroPather\micropather.h" />
    <ClInclude Include="Source\Renderer\raylib\raylib.h" />
    <ClInclude Include="Source\Renderer\raylib\rlconfig.h" />
    <ClInclude Include="Source\Renderer\raylib\rlgl.h" />
    <ClInclude Include="Source\Renderer\raylib\rlutil.h" />
    <ClInclude Include="Source\Managers\AchievementMan.h" />
    <ClInclude Include="Source\Managers\ActivityMan.h" />
    <ClInclude Include="Source\Managers\AudioMan.h" />
    <ClInclude Include="Source\Managers\ConsoleMan.h" />
    <ClInclude Include="Source\Managers\FrameMan.h" />
    <ClInclude Include="Source\Managers\LuaMan.h" />
    <ClInclude Include="Source\Managers\MetaMan.h" />
    <ClInclude Include="Source\Managers\MovableMan.h" />
    <ClInclude Include="Source\Managers\LocalPrediction.h" />
    <ClInclude Include="Source\Managers\TerrainLayerSnapshot.h" />
    <ClInclude Include="Source\Managers\PresetMan.h" />
    <ClInclude Include="Source\Managers\SceneMan.h" />
    <ClInclude Include="Source\Managers\SettingsMan.h" />
    <ClInclude Include="Source\Managers\TimerMan.h" />
    <ClInclude Include="Source\Managers\UInputMan.h" />
    <ClInclude Include="Source\GUI\GUI.h" />
    <ClInclude Include="Source\GUI\GUIBanner.h" />
    <ClInclude Include="Source\GUI\GUIButton.h" />
    <ClInclude Include="Source\GUI\GUICheckbox.h" />
    <ClInclude Include="Source\GUI\GUICollectionBox.h" />
    <ClInclude Include="Source\GUI\GUIComboBox.h" />
    <ClInclude Include="Source\GUI\GUIControl.h" />
    <ClInclude Include="Source\GUI\GUIControlFactory.h" />
    <ClInclude Include="Source\GUI\GUIControlManager.h" />
    <ClInclude Include="Source\GUI\GUIEvent.h" />
    <ClInclude Include="Source\GUI\GUIFont.h" />
    <ClInclude Include="Source\GUI\GUIInput.h" />
    <ClInclude Include="Source\GUI\GUILabel.h" />
    <ClInclude Include="Source\GUI\GUIListBox.h" />
    <ClInclude Include="Source\GUI\GUIListPanel.h" />
    <ClInclude Include="Source\GUI\GUIManager.h" />
    <ClInclude Include="Source\GUI\GUIPanel.h" />
    <ClInclude Include="Source\GUI\GUIProgressBar.h" />
    <ClInclude Include="Source\GUI\GUIProperties.h" />
    <ClInclude Include="Source\GUI\GUIPropertyPage.h" />
    <ClInclude Include="Source\GUI\GUIRadioButton.h" />
    <ClInclude Include="Source\GUI\GUIScrollbar.h" />
    <ClInclude Include="Source\GUI\GUIScrollPanel.h" />
    <ClInclude Include="Source\GUI\GUISkin.h" />
    <ClInclude Include="Source\GUI\GUISlider.h" />
    <ClInclude Include="Source\GUI\GUITab.h" />
    <ClInclude Include="Source\GUI\GUITextBox.h" />
    <ClInclude Include="Source\GUI\GUITextPanel.h" />
    <ClInclude Include="Source\GUI\GUIUtil.h" />
    <ClInclude Include="Source\GUI\imgui\imgui.h" />
    <ClInclude Include="Source\GUI\imgui\imconfig.h" />
    <ClInclude Include="Source\GUI\imgui\imgui_internal.h" />
    <ClInclude Include="Source\GUI\imgui\imstb_rectpack.h" />
    <ClInclude Include="Source\GUI\imgui\imstb_textedit.h" />
    <ClInclude Include="Source\GUI\imgui\imstd_truetype.h" />
    <ClInclude Include="Source\GUI\imgui\backends\imgui_impl_sdl3.h" />
    <ClInclude Include="Source\GUI\imgui\backends\imgui_impl_opengl3.h" />
    <ClInclude Include="Source\GUI\imgui\backends\imgui_impl_opengl3_loader.h" />
    <ClInclude Include="Source\Entities\ACDropShip.h" />
    <ClInclude Include="Source\Entities\ACrab.h" />
    <ClInclude Include="Source\Entities\ACraft.h" />
    <ClInclude Include="Source\Entities\ACRocket.h" />
    <ClInclude Include="Source\Entities\Actor.h" />
    <ClInclude Include="Source\Entities\ADoor.h" />
    <ClInclude Include="Source\Entities\AEmitter.h" />
    <ClInclude Include="Source\Entities\AHuman.h" />
    <ClInclude Include="Source\Entities\Arm.h" />
    <ClInclude Include="Source\Entities\AtomGroup.h" />
    <ClInclude Include="Source\Entities\Attachable.h" />
    <ClInclude Include="Source\Entities\BunkerAssembly.h" />
    <ClInclude Include="Source\Entities\BunkerAssemblyScheme.h" />
    <ClInclude Include="Source\Entities\Deployment.h" />
    <ClInclude Include="Source\Entities\GlobalScript.h" />
    <ClInclude Include="Source\Entities\HDFirearm.h" />
    <ClInclude Include="Source\Entities\HeldDevice.h" />
    <ClInclude Include="Source\Entities\Icon.h" />
    <ClInclude Include="Source\Entities\Leg.h" />
    <ClInclude Include="Source\Entities\LimbPath.h" />
    <ClInclude Include="Source\Entities\Loadout.h" />
    <ClInclude Include="Source\Entities\Magazine.h" />
    <ClInclude Include="Source\Entities\Material.h" />
    <ClInclude Include="Source\Entities\MetaPlayer.h" />
    <ClInclude Include="Source\Entities\MOPixel.h" />
    <ClInclude Include="Source\Entities\MOSParticle.h" />
    <ClInclude Include="Source\Entities\MOSprite.h" />
    <ClInclude Include="Source\Entities\MOSRotating.h" />
    <ClInclude Include="Source\Entities\MovableObject.h" />
    <ClInclude Include="Source\Entities\PieMenu.h" />
    <ClInclude Include="Source\Entities\PieSlice.h" />
    <ClInclude Include="Source\Entities\Scene.h" />
    <ClInclude Include="Source\Entities\SceneLayer.h" />
    <ClInclude Include="Source\Entities\SceneObject.h" />
    <ClInclude Include="Source\Entities\SLTerrain.h" />
    <ClInclude Include="Source\Entities\SoundContainer.h" />
    <ClInclude Include="Source\Entities\TDExplosive.h" />
    <ClInclude Include="Source\Entities\TerrainDebris.h" />
    <ClInclude Include="Source\Entities\TerrainObject.h" />
    <ClInclude Include="Source\Entities\ThrownDevice.h" />
    <ClInclude Include="Source\Entities\Turret.h" />
    <ClInclude Include="Source\Activities\ActorEditor.h" />
    <ClInclude Include="Source\Activities\AreaEditor.h" />
    <ClInclude Include="Source\Activities\AssemblyEditor.h" />
    <ClInclude Include="Source\Activities\BaseEditor.h" />
    <ClInclude Include="Source\Activities\EditorActivity.h" />
    <ClInclude Include="Source\Activities\GameActivity.h" />
    <ClInclude Include="Source\Activities\GAScripted.h" />
    <ClInclude Include="Source\Activities\GATutorial.h" />
    <ClInclude Include="Source\Activities\GibEditor.h" />
    <ClInclude Include="Source\Activities\SceneEditor.h" />
    <ClInclude Include="Source\Menus\AreaEditorGUI.h" />
    <ClInclude Include="Source\Menus\AreaPickerGUI.h" />
    <ClInclude Include="Source\Menus\AssemblyEditorGUI.h" />
    <ClInclude Include="Source\Menus\BuyMenuGUI.h" />
    <ClInclude Include="Source\Menus\GibEditorGUI.h" />
    <ClInclude Include="Source\Menus\MainMenuGUI.h" />
    <ClInclude Include="Source\Menus\NetModerationGUI.h" />
    <ClInclude Include="Source\Menus\MetagameGUI.h" />
    <ClInclude Include="Source\Menus\ObjectPickerGUI.h" />
    <ClInclude Include="Source\Menus\ScenarioGUI.h" />
    <ClInclude Include="Source\Menus\SceneEditorGUI.h" />
    <ClInclude Include="external\sources\nlohmann_json-3.12.0\nlohmann\json.hpp" />
  </ItemGroup>
  <ItemGroup>
    <ClCompile Include="external\sources\tracy\public\TracyClient.cpp" />
    <ClCompile Include="Source\Entities\AEJetpack.cpp" />
    <ClCompile Include="Source\Entities\DynamicSong.cpp" />
    <ClCompile Include="Source\GUI\Wrappers\AllegroBitmap.cpp" />
    <ClCompile Include="Source\GUI\Wrappers\AllegroScreen.cpp" />
    <ClCompile Include="Source\GUI\Wrappers\GUIInputWrapper.cpp" />
    <ClCompile Include="Source\Lua\LuaAdapters.cpp">
      <ConformanceMode>false</ConformanceMode>
      <PrecompiledHeader>NotUsing</PrecompiledHeader>
      <LanguageStandard Condition="'$(VisualStudioVersion)'=='16.0'">stdcpp17</LanguageStandard>
    </ClCompile>
    <ClCompile Include="Source\Lua\LuabindObjectWrapper.cpp">
      <ConformanceMode>false</ConformanceMode>
      <PrecompiledHeader>NotUsing</PrecompiledHeader>
      <LanguageStandard Condition="'$(VisualStudioVersion)'=='16.0'">stdcpp17</LanguageStandard>
    </ClCompile>
    <ClCompile Include="Source\Lua\LuaBindingsActivities.cpp">
      <ConformanceMode>false</ConformanceMode>
      <PrecompiledHeader>NotUsing</PrecompiledHeader>
      <LanguageStandard Condition="'$(VisualStudioVersion)'=='16.0'">stdcpp17</LanguageStandard>
    </ClCompile>
    <ClCompile Include="Source\Lua\LuaBindingsEntities.cpp">
      <ConformanceMode>false</ConformanceMode>
      <PrecompiledHeader>NotUsing</PrecompiledHeader>
      <LanguageStandard Condition="'$(VisualStudioVersion)'=='16.0'">stdcpp17</LanguageStandard>
    </ClCompile>
    <ClCompile Include="Source\Lua\LuaBindingsGUI.cpp">
      <ConformanceMode>false</ConformanceMode>
      <PrecompiledHeader>NotUsing</PrecompiledHeader>
      <LanguageStandard Condition="'$(VisualStudioVersion)'=='16.0'">stdcpp17</LanguageStandard>
    </ClCompile>
    <ClCompile Include="Source\Lua\LuaBindingsManagers.cpp">
      <ConformanceMode>false</ConformanceMode>
      <PrecompiledHeader>NotUsing</PrecompiledHeader>
      <LanguageStandard Condition="'$(VisualStudioVersion)'=='16.0'">stdcpp17</LanguageStandard>
    </ClCompile>
    <ClCompile Include="Source\Lua\LuaBindingsMisc.cpp">
      <ConformanceMode>false</ConformanceMode>
      <PrecompiledHeader>NotUsing</PrecompiledHeader>
      <LanguageStandard Condition="'$(VisualStudioVersion)'=='16.0'">stdcpp17</LanguageStandard>
    </ClCompile>
    <ClCompile Include="Source\Lua\LuaBindingsInput.cpp">
      <ConformanceMode>false</ConformanceMode>
      <PrecompiledHeader>NotUsing</PrecompiledHeader>
      <LanguageStandard Condition="'$(VisualStudioVersion)'=='16.0'">stdcpp17</LanguageStandard>
    </ClCompile>
    <ClCompile Include="Source\Lua\LuaBindingsPrimitives.cpp">
      <ConformanceMode>false</ConformanceMode>
      <PrecompiledHeader>NotUsing</PrecompiledHeader>
      <LanguageStandard Condition="'$(VisualStudioVersion)'=='16.0'">stdcpp17</LanguageStandard>
    </ClCompile>
    <ClCompile Include="Source\Lua\LuaBindingsSystem.cpp">
      <ConformanceMode>false</ConformanceMode>
      <PrecompiledHeader>NotUsing</PrecompiledHeader>
      <LanguageStandard Condition="'$(VisualStudioVersion)'=='16.0'">stdcpp17</LanguageStandard>
    </ClCompile>
    <ClCompile Include="Source\Managers\GLResourceMan.cpp" />
    <ClCompile Include="Source\Managers\MusicMan.cpp" />
    <ClCompile Include="Source\Managers\LuaMan.cpp">
      <ConformanceMode>false</ConformanceMode>
      <PrecompiledHeader>NotUsing</PrecompiledHeader>
      <LanguageStandard Condition="'$(VisualStudioVersion)'=='16.0'">stdcpp17</LanguageStandard>
    </ClCompile>
    <ClCompile Include="Source\Managers\LuaThreadCodec.cpp">
      <ConformanceMode>false</ConformanceMode>
      <PrecompiledHeader>NotUsing</PrecompiledHeader>
    </ClCompile>
    <ClCompile Include="Source\Entities\Activity.cpp" />
    <ClCompile Include="Source\Entities\ADSensor.cpp" />
    <ClCompile Include="Source\Entities\Emission.cpp" />
    <ClCompile Include="Source\Entities\Gib.cpp" />
    <ClCompile Include="Source\Entities\MetaSave.cpp" />
    <ClCompile Include="Source\Entities\PEmitter.cpp" />
    <ClCompile Include="Source\Entities\Round.cpp" />
    <ClCompile Include="Source\Entities\SLBackground.cpp" />
    <ClCompile Include="Source\Entities\SoundSet.cpp" />
    <ClCompile Include="Source\Entities\TerrainFrosting.cpp" />
    <ClCompile Include="Source\GUI\GUIReader.cpp" />
    <ClCompile Include="Source\GUI\GUISound.cpp" />
    <ClCompile Include="Source\GUI\GUIWriter.cpp" />
    <ClCompile Include="Source\Managers\MenuMan.cpp" />
    <ClCompile Include="Source\Managers\PerformanceMan.cpp" />
    <ClCompile Include="Source\Managers\PostProcessMan.cpp" />
    <ClCompile Include="Source\Managers\PrimitiveMan.cpp" />
    <ClCompile Include="Source\Managers\CameraMan.cpp" />
    <ClCompile Include="Source\Managers\ThreadMan.cpp" />
    <ClCompile Include="Source\Managers\WindowMan.cpp" />
    <ClCompile Include="Source\Menus\LoadingScreen.cpp" />
    <ClCompile Include="Source\Menus\ModManagerGUI.cpp" />
    <ClCompile Include="Source\Menus\PauseMenuGUI.cpp" />
    <ClCompile Include="Source\Menus\SaveLoadMenuGUI.cpp" />
    <ClCompile Include="Source\Menus\ScenarioActivityConfigGUI.cpp" />
    <ClCompile Include="Source\Menus\SettingsAudioGUI.cpp" />
    <ClCompile Include="Source\Menus\SettingsGameplayGUI.cpp" />
    <ClCompile Include="Source\Menus\SettingsGUI.cpp" />
    <ClCompile Include="Source\Menus\SettingsInputGUI.cpp" />
    <ClCompile Include="Source\Menus\SettingsInputMappingGUI.cpp" />
    <ClCompile Include="Source\Menus\SettingsInputMappingWizardGUI.cpp" />
    <ClCompile Include="Source\Menus\SettingsMiscGUI.cpp" />
    <ClCompile Include="Source\Menus\SettingsVideoGUI.cpp" />
    <ClCompile Include="Source\Menus\TitleScreen.cpp" />
    <ClCompile Include="Source\Menus\InventoryMenuGUI.cpp" />
    <ClCompile Include="Source\Renderer\RenderTarget.cpp" />
    <ClCompile Include="Source\Renderer\Shader.cpp" />
    <ClCompile Include="Source\Renderer\Draw.cpp" />
    <ClCompile Include="Source\Renderer\BigTexture.cpp" />
    <ClCompile Include="Source\System\AllegroTools.cpp" />
    <ClCompile Include="Source\System\Atom.cpp" />
    <ClCompile Include="Source\System\Base64\base64.cpp" />
    <ClCompile Include="Source\System\Controller.cpp" />
    <ClCompile Include="Source\System\Entity.cpp" />
    <ClCompile Include="Source\System\GenericSavedData.cpp" />
    <ClCompile Include="Source\Renderer\glad\gl.c">
      <PrecompiledHeader>NotUsing</PrecompiledHeader>
      <CompileAs>CompileAsC</CompileAs>
      <CompileAs Condition="'$(Configuration)|$(Platform)'=='Debug Release|Win32'">Default</CompileAs>
      <CompileAs Condition="'$(Configuration)|$(Platform)'=='Final|Win32'">Default</CompileAs>
      <CompileAs Condition="'$(Configuration)|$(Platform)'=='Profiling|Win32'">Default</CompileAs>
      <CompileAs Condition="'$(Configuration)|$(Platform)'=='Debug Minimal|Win32'">Default</CompileAs>
      <CompileAs Condition="'$(Configuration)|$(Platform)'=='Debug Full|Win32'">Default</CompileAs>
      <CompileAs Condition="'$(Configuration)|$(Platform)'=='Debug Release|x64'">Default</CompileAs>
      <CompileAs Condition="'$(Configuration)|$(Platform)'=='Final|x64'">Default</CompileAs>
      <CompileAs Condition="'$(Configuration)|$(Platform)'=='Profiling|x64'">Default</CompileAs>
      <CompileAs Condition="'$(Configuration)|$(Platform)'=='Debug Minimal|x64'">Default</CompileAs>
      <CompileAs Condition="'$(Configuration)|$(Platform)'=='Debug Full|x64'">Default</CompileAs>
      <PrecompiledHeaderFile Condition="'$(Configuration)|$(Platform)'=='Debug Release|Win32'">
      </PrecompiledHeaderFile>
      <PrecompiledHeaderFile Condition="'$(Configuration)|$(Platform)'=='Final|Win32'">
      </PrecompiledHeaderFile>
      <PrecompiledHeaderFile Condition="'$(Configuration)|$(Platform)'=='Profiling|Win32'">
      </PrecompiledHeaderFile>
      <PrecompiledHeaderFile Condition="'$(Configuration)|$(Platform)'=='Debug Minimal|Win32'">
      </PrecompiledHeaderFile>
      <PrecompiledHeaderFile Condition="'$(Configuration)|$(Platform)'=='Debug Full|Win32'">
      </PrecompiledHeaderFile>
      <PrecompiledHeaderFile Condition="'$(Configuration)|$(Platform)'=='Debug Release|x64'">
      </PrecompiledHeaderFile>
      <PrecompiledHeaderFile Condition="'$(Configuration)|$(Platform)'=='Final|x64'">
      </PrecompiledHeaderFile>
      <PrecompiledHeaderFile Condition="'$(Configuration)|$(Platform)'=='Profiling|x64'">
      </PrecompiledHeaderFile>
      <PrecompiledHeaderFile Condition="'$(Configuration)|$(Platform)'=='Debug Minimal|x64'">
      </PrecompiledHeaderFile>
      <PrecompiledHeaderFile Condition="'$(Configuration)|$(Platform)'=='Debug Full|x64'">
      </PrecompiledHeaderFile>
      <ForcedIncludeFiles Condition="'$(Configuration)|$(Platform)'=='Debug Release|Win32'">
      </ForcedIncludeFiles>
      <ForcedIncludeFiles Condition="'$(Configuration)|$(Platform)'=='Final|Win32'">
      </ForcedIncludeFiles>
      <ForcedIncludeFiles Condition="'$(Configuration)|$(Platform)'=='Profiling|Win32'">
      </ForcedIncludeFiles>
      <ForcedIncludeFiles Condition="'$(Configuration)|$(Platform)'=='Debug Minimal|Win32'">
      </ForcedIncludeFiles>
      <ForcedIncludeFiles Condition="'$(Configuration)|$(Platform)'=='Debug Full|Win32'">
      </ForcedIncludeFiles>
      <ForcedIncludeFiles Condition="'$(Configuration)|$(Platform)'=='Debug Release|x64'">
      </ForcedIncludeFiles>
      <ForcedIncludeFiles Condition="'$(Configuration)|$(Platform)'=='Final|x64'">
      </ForcedIncludeFiles>
      <ForcedIncludeFiles Condition="'$(Configuration)|$(Platform)'=='Profiling|x64'">
      </ForcedIncludeFiles>
      <ForcedIncludeFiles Condition="'$(Configuration)|$(Platform)'=='Debug Minimal|x64'">
      </ForcedIncludeFiles>
      <ForcedIncludeFiles Condition="'$(Configuration)|$(Platform)'=='Debug Full|x64'">
      </ForcedIncludeFiles>
    </ClCompile>
    <ClCompile Include="Source\Renderer\raylib\rlgl.c">
      <PrecompiledHeader>NotUsing</PrecompiledHeader>
      <CompileAs>CompileAsC</CompileAs>
      <CompileAs Condition="'$(Configuration)|$(Platform)'=='Debug Release|Win32'">Default</CompileAs>
      <CompileAs Condition="'$(Configuration)|$(Platform)'=='Final|Win32'">Default</CompileAs>
      <CompileAs Condition="'$(Configuration)|$(Platform)'=='Profiling|Win32'">Default</CompileAs>
      <CompileAs Condition="'$(Configuration)|$(Platform)'=='Debug Minimal|Win32'">Default</CompileAs>
      <CompileAs Condition="'$(Configuration)|$(Platform)'=='Debug Full|Win32'">Default</CompileAs>
      <CompileAs Condition="'$(Configuration)|$(Platform)'=='Debug Release|x64'">Default</CompileAs>
      <CompileAs Condition="'$(Configuration)|$(Platform)'=='Final|x64'">Default</CompileAs>
      <CompileAs Condition="'$(Configuration)|$(Platform)'=='Profiling|x64'">Default</CompileAs>
      <CompileAs Condition="'$(Configuration)|$(Platform)'=='Debug Minimal|x64'">Default</CompileAs>
      <CompileAs Condition="'$(Configuration)|$(Platform)'=='Debug Full|x64'">Default</CompileAs>
      <PrecompiledHeaderFile Condition="'$(Configuration)|$(Platform)'=='Debug Release|Win32'">
      </PrecompiledHeaderFile>
      <PrecompiledHeaderFile Condition="'$(Configuration)|$(Platform)'=='Final|Win32'">
      </PrecompiledHeaderFile>
      <PrecompiledHeaderFile Condition="'$(Configuration)|$(Platform)'=='Profiling|Win32'">
      </PrecompiledHeaderFile>
      <PrecompiledHeaderFile Condition="'$(Configuration)|$(Platform)'=='Debug Minimal|Win32'">
      </PrecompiledHeaderFile>
      <PrecompiledHeaderFile Condition="'$(Configuration)|$(Platform)'=='Debug Full|Win32'">
      </PrecompiledHeaderFile>
      <PrecompiledHeaderFile Condition="'$(Configuration)|$(Platform)'=='Debug Release|x64'">
      </PrecompiledHeaderFile>
      <PrecompiledHeaderFile Condition="'$(Configuration)|$(Platform)'=='Final|x64'">
      </PrecompiledHeaderFile>
      <PrecompiledHeaderFile Condition="'$(Configuration)|$(Platform)'=='Profiling|x64'">
      </PrecompiledHeaderFile>
      <PrecompiledHeaderFile Condition="'$(Configuration)|$(Platform)'=='Debug Minimal|x64'">
      </PrecompiledHeaderFile>
      <PrecompiledHeaderFile Condition="'$(Configuration)|$(Platform)'=='Debug Full|x64'">
      </PrecompiledHeaderFile>
      <ForcedIncludeFiles Condition="'$(Configuration)|$(Platform)'=='Debug Release|Win32'">
      </ForcedIncludeFiles>
      <ForcedIncludeFiles Condition="'$(Configuration)|$(Platform)'=='Final|Win32'">
      </ForcedIncludeFiles>
      <ForcedIncludeFiles Condition="'$(Configuration)|$(Platform)'=='Profiling|Win32'">
      </ForcedIncludeFiles>
      <ForcedIncludeFiles Condition="'$(Configuration)|$(Platform)'=='Debug Minimal|Win32'">
      </ForcedIncludeFiles>
      <ForcedIncludeFiles Condition="'$(Configuration)|$(Platform)'=='Debug Full|Win32'">
      </ForcedIncludeFiles>
      <ForcedIncludeFiles Condition="'$(Configuration)|$(Platform)'=='Debug Release|x64'">
      </ForcedIncludeFiles>
      <ForcedIncludeFiles Condition="'$(Configuration)|$(Platform)'=='Final|x64'">
      </ForcedIncludeFiles>
      <ForcedIncludeFiles Condition="'$(Configuration)|$(Platform)'=='Profiling|x64'">
      </ForcedIncludeFiles>
      <ForcedIncludeFiles Condition="'$(Configuration)|$(Platform)'=='Debug Minimal|x64'">
      </ForcedIncludeFiles>
      <ForcedIncludeFiles Condition="'$(Configuration)|$(Platform)'=='Debug Full|x64'">
      </ForcedIncludeFiles>
    </ClCompile>
    <ClCompile Include="Source\Renderer\raylib\rlutils.c">
      <PrecompiledHeader>NotUsing</PrecompiledHeader>
      <CompileAs>CompileAsC</CompileAs>
      <CompileAs Condition="'$(Configuration)|$(Platform)'=='Debug Release|Win32'">Default</CompileAs>
      <CompileAs Condition="'$(Configuration)|$(Platform)'=='Final|Win32'">Default</CompileAs>
      <CompileAs Condition="'$(Configuration)|$(Platform)'=='Profiling|Win32'">Default</CompileAs>
      <CompileAs Condition="'$(Configuration)|$(Platform)'=='Debug Minimal|Win32'">Default</CompileAs>
      <CompileAs Condition="'$(Configuration)|$(Platform)'=='Debug Full|Win32'">Default</CompileAs>
      <CompileAs Condition="'$(Configuration)|$(Platform)'=='Debug Release|x64'">Default</CompileAs>
      <CompileAs Condition="'$(Configuration)|$(Platform)'=='Final|x64'">Default</CompileAs>
      <CompileAs Condition="'$(Configuration)|$(Platform)'=='Profiling|x64'">Default</CompileAs>
      <CompileAs Condition="'$(Configuration)|$(Platform)'=='Debug Minimal|x64'">Default</CompileAs>
      <CompileAs Condition="'$(Configuration)|$(Platform)'=='Debug Full|x64'">Default</CompileAs>
      <PrecompiledHeaderFile Condition="'$(Configuration)|$(Platform)'=='Debug Release|Win32'">
      </PrecompiledHeaderFile>
      <PrecompiledHeaderFile Condition="'$(Configuration)|$(Platform)'=='Final|Win32'">
      </PrecompiledHeaderFile>
      <PrecompiledHeaderFile Condition="'$(Configuration)|$(Platform)'=='Profiling|Win32'">
      </PrecompiledHeaderFile>
      <PrecompiledHeaderFile Condition="'$(Configuration)|$(Platform)'=='Debug Minimal|Win32'">
      </PrecompiledHeaderFile>
      <PrecompiledHeaderFile Condition="'$(Configuration)|$(Platform)'=='Debug Full|Win32'">
      </PrecompiledHeaderFile>
      <PrecompiledHeaderFile Condition="'$(Configuration)|$(Platform)'=='Debug Release|x64'">
      </PrecompiledHeaderFile>
      <PrecompiledHeaderFile Condition="'$(Configuration)|$(Platform)'=='Final|x64'">
      </PrecompiledHeaderFile>
      <PrecompiledHeaderFile Condition="'$(Configuration)|$(Platform)'=='Profiling|x64'">
      </PrecompiledHeaderFile>
      <PrecompiledHeaderFile Condition="'$(Configuration)|$(Platform)'=='Debug Minimal|x64'">
      </PrecompiledHeaderFile>
      <PrecompiledHeaderFile Condition="'$(Configuration)|$(Platform)'=='Debug Full|x64'">
      </PrecompiledHeaderFile>
      <ForcedIncludeFiles Condition="'$(Configuration)|$(Platform)'=='Debug Release|Win32'">
      </ForcedIncludeFiles>
      <ForcedIncludeFiles Condition="'$(Configuration)|$(Platform)'=='Final|Win32'">
      </ForcedIncludeFiles>
      <ForcedIncludeFiles Condition="'$(Configuration)|$(Platform)'=='Profiling|Win32'">
      </ForcedIncludeFiles>
      <ForcedIncludeFiles Condition="'$(Configuration)|$(Platform)'=='Debug Minimal|Win32'">
      </ForcedIncludeFiles>
      <ForcedIncludeFiles Condition="'$(Configuration)|$(Platform)'=='Debug Full|Win32'">
      </ForcedIncludeFiles>
      <ForcedIncludeFiles Condition="'$(Configuration)|$(Platform)'=='Debug Release|x64'">
      </ForcedIncludeFiles>
      <ForcedIncludeFiles Condition="'$(Configuration)|$(Platform)'=='Final|x64'">
      </ForcedIncludeFiles>
      <ForcedIncludeFiles Condition="'$(Configuration)|$(Platform)'=='Profiling|x64'">
      </ForcedIncludeFiles>
      <ForcedIncludeFiles Condition="'$(Configuration)|$(Platform)'=='Debug Minimal|x64'">
      </ForcedIncludeFiles>
      <ForcedIncludeFiles Condition="'$(Configuration)|$(Platform)'=='Debug Full|x64'">
      </ForcedIncludeFiles>
    </ClCompile>
    <ClCompile Include="Source\Renderer\raylib\rtextures.c">
      <PrecompiledHeader>NotUsing</PrecompiledHeader>
      <CompileAs>CompileAsC</CompileAs>
      <CompileAs Condition="'$(Configuration)|$(Platform)'=='Debug Release|Win32'">Default</CompileAs>
      <CompileAs Condition="'$(Configuration)|$(Platform)'=='Final|Win32'">Default</CompileAs>
      <CompileAs Condition="'$(Configuration)|$(Platform)'=='Profiling|Win32'">Default</CompileAs>
      <CompileAs Condition="'$(Configuration)|$(Platform)'=='Debug Minimal|Win32'">Default</CompileAs>
      <CompileAs Condition="'$(Configuration)|$(Platform)'=='Debug Full|Win32'">Default</CompileAs>
      <CompileAs Condition="'$(Configuration)|$(Platform)'=='Debug Release|x64'">Default</CompileAs>
      <CompileAs Condition="'$(Configuration)|$(Platform)'=='Final|x64'">Default</CompileAs>
      <CompileAs Condition="'$(Configuration)|$(Platform)'=='Profiling|x64'">Default</CompileAs>
      <CompileAs Condition="'$(Configuration)|$(Platform)'=='Debug Minimal|x64'">Default</CompileAs>
      <CompileAs Condition="'$(Configuration)|$(Platform)'=='Debug Full|x64'">Default</CompileAs>
      <PrecompiledHeaderFile Condition="'$(Configuration)|$(Platform)'=='Debug Release|Win32'">
      </PrecompiledHeaderFile>
      <PrecompiledHeaderFile Condition="'$(Configuration)|$(Platform)'=='Final|Win32'">
      </PrecompiledHeaderFile>
      <PrecompiledHeaderFile Condition="'$(Configuration)|$(Platform)'=='Profiling|Win32'">
      </PrecompiledHeaderFile>
      <PrecompiledHeaderFile Condition="'$(Configuration)|$(Platform)'=='Debug Minimal|Win32'">
      </PrecompiledHeaderFile>
      <PrecompiledHeaderFile Condition="'$(Configuration)|$(Platform)'=='Debug Full|Win32'">
      </PrecompiledHeaderFile>
      <PrecompiledHeaderFile Condition="'$(Configuration)|$(Platform)'=='Debug Release|x64'">
      </PrecompiledHeaderFile>
      <PrecompiledHeaderFile Condition="'$(Configuration)|$(Platform)'=='Final|x64'">
      </PrecompiledHeaderFile>
      <PrecompiledHeaderFile Condition="'$(Configuration)|$(Platform)'=='Profiling|x64'">
      </PrecompiledHeaderFile>
      <PrecompiledHeaderFile Condition="'$(Configuration)|$(Platform)'=='Debug Minimal|x64'">
      </PrecompiledHeaderFile>
      <PrecompiledHeaderFile Condition="'$(Configuration)|$(Platform)'=='Debug Full|x64'">
      </PrecompiledHeaderFile>
      <ForcedIncludeFiles Condition="'$(Configuration)|$(Platform)'=='Debug Release|Win32'">
      </ForcedIncludeFiles>
      <ForcedIncludeFiles Condition="'$(Configuration)|$(Platform)'=='Final|Win32'">
      </ForcedIncludeFiles>
      <ForcedIncludeFiles Condition="'$(Configuration)|$(Platform)'=='Profiling|Win32'">
      </ForcedIncludeFiles>
      <ForcedIncludeFiles Condition="'$(Configuration)|$(Platform)'=='Debug Minimal|Win32'">
      </ForcedIncludeFiles>
      <ForcedIncludeFiles Condition="'$(Configuration)|$(Platform)'=='Debug Full|Win32'">
      </ForcedIncludeFiles>
      <ForcedIncludeFiles Condition="'$(Configuration)|$(Platform)'=='Debug Release|x64'">
      </ForcedIncludeFiles>
      <ForcedIncludeFiles Condition="'$(Configuration)|$(Platform)'=='Final|x64'">
      </ForcedIncludeFiles>
      <ForcedIncludeFiles Condition="'$(Configuration)|$(Platform)'=='Profiling|x64'">
      </ForcedIncludeFiles>
      <ForcedIncludeFiles Condition="'$(Configuration)|$(Platform)'=='Debug Minimal|x64'">
      </ForcedIncludeFiles>
      <ForcedIncludeFiles Condition="'$(Configuration)|$(Platform)'=='Debug Full|x64'">
      </ForcedIncludeFiles>
    </ClCompile>
    <ClCompile Include="Source\Renderer\raylib\rshapes.c">
      <PrecompiledHeader>NotUsing</PrecompiledHeader>
      <CompileAs>CompileAsC</CompileAs>
      <CompileAs Condition="'$(Configuration)|$(Platform)'=='Debug Release|Win32'">Default</CompileAs>
      <CompileAs Condition="'$(Configuration)|$(Platform)'=='Final|Win32'">Default</CompileAs>
      <CompileAs Condition="'$(Configuration)|$(Platform)'=='Profiling|Win32'">Default</CompileAs>
      <CompileAs Condition="'$(Configuration)|$(Platform)'=='Debug Minimal|Win32'">Default</CompileAs>
      <CompileAs Condition="'$(Configuration)|$(Platform)'=='Debug Full|Win32'">Default</CompileAs>
      <CompileAs Condition="'$(Configuration)|$(Platform)'=='Debug Release|x64'">Default</CompileAs>
      <CompileAs Condition="'$(Configuration)|$(Platform)'=='Final|x64'">Default</CompileAs>
      <CompileAs Condition="'$(Configuration)|$(Platform)'=='Profiling|x64'">Default</CompileAs>
      <CompileAs Condition="'$(Configuration)|$(Platform)'=='Debug Minimal|x64'">Default</CompileAs>
      <CompileAs Condition="'$(Configuration)|$(Platform)'=='Debug Full|x64'">Default</CompileAs>
      <PrecompiledHeaderFile Condition="'$(Configuration)|$(Platform)'=='Debug Release|Win32'">
      </PrecompiledHeaderFile>
      <PrecompiledHeaderFile Condition="'$(Configuration)|$(Platform)'=='Final|Win32'">
      </PrecompiledHeaderFile>
      <PrecompiledHeaderFile Condition="'$(Configuration)|$(Platform)'=='Profiling|Win32'">
      </PrecompiledHeaderFile>
      <PrecompiledHeaderFile Condition="'$(Configuration)|$(Platform)'=='Debug Minimal|Win32'">
      </PrecompiledHeaderFile>
      <PrecompiledHeaderFile Condition="'$(Configuration)|$(Platform)'=='Debug Full|Win32'">
      </PrecompiledHeaderFile>
      <PrecompiledHeaderFile Condition="'$(Configuration)|$(Platform)'=='Debug Release|x64'">
      </PrecompiledHeaderFile>
      <PrecompiledHeaderFile Condition="'$(Configuration)|$(Platform)'=='Final|x64'">
      </PrecompiledHeaderFile>
      <PrecompiledHeaderFile Condition="'$(Configuration)|$(Platform)'=='Profiling|x64'">
      </PrecompiledHeaderFile>
      <PrecompiledHeaderFile Condition="'$(Configuration)|$(Platform)'=='Debug Minimal|x64'">
      </PrecompiledHeaderFile>
      <PrecompiledHeaderFile Condition="'$(Configuration)|$(Platform)'=='Debug Full|x64'">
      </PrecompiledHeaderFile>
      <ForcedIncludeFiles Condition="'$(Configuration)|$(Platform)'=='Debug Release|Win32'">
      </ForcedIncludeFiles>
      <ForcedIncludeFiles Condition="'$(Configuration)|$(Platform)'=='Final|Win32'">
      </ForcedIncludeFiles>
      <ForcedIncludeFiles Condition="'$(Configuration)|$(Platform)'=='Profiling|Win32'">
      </ForcedIncludeFiles>
      <ForcedIncludeFiles Condition="'$(Configuration)|$(Platform)'=='Debug Minimal|Win32'">
      </ForcedIncludeFiles>
      <ForcedIncludeFiles Condition="'$(Configuration)|$(Platform)'=='Debug Full|Win32'">
      </ForcedIncludeFiles>
      <ForcedIncludeFiles Condition="'$(Configuration)|$(Platform)'=='Debug Release|x64'">
      </ForcedIncludeFiles>
      <ForcedIncludeFiles Condition="'$(Configuration)|$(Platform)'=='Final|x64'">
      </ForcedIncludeFiles>
      <ForcedIncludeFiles Condition="'$(Configuration)|$(Platform)'=='Profiling|x64'">
      </ForcedIncludeFiles>
      <ForcedIncludeFiles Condition="'$(Configuration)|$(Platform)'=='Debug Minimal|x64'">
      </ForcedIncludeFiles>
      <ForcedIncludeFiles Condition="'$(Configuration)|$(Platform)'=='Debug Full|x64'">
      </ForcedIncludeFiles>
    </ClCompile>
    <ClCompile Include="Source\Renderer\GLCheck.cpp" />
    <ClCompile Include="Source\System\InputMapping.cpp" />
    <ClCompile Include="Source\System\InputScheme.cpp" />
    <ClCompile Include="Source\Renderer\GraphicalPrimitive.cpp" />
    <ClCompile Include="Source\System\PieQuadrant.cpp" />
    <ClCompile Include="Source\System\Semver200\Semver200_comparator.cpp" />
    <ClCompile Include="Source\System\Semver200\Semver200_modifier.cpp" />
    <ClCompile Include="Source\System\Semver200\Semver200_parser.cpp" />
    <ClCompile Include="Source\System\Serializable.cpp" />
    <ClCompile Include="Source\System\SpatialPartitionGrid.cpp" />
    <ClCompile Include="Source\System\StandardIncludes.cpp">
      <PrecompiledHeader>Create</PrecompiledHeader>
      <PrecompiledHeaderFile>StandardIncludes.h</PrecompiledHeaderFile>
    </ClCompile>
    <ClCompile Include="Source\System\Box.cpp" />
    <ClCompile Include="Source\System\Color.cpp" />
    <ClCompile Include="Source\Network\ControllerFrame.cpp" />
    <ClCompile Include="Source\Network\ControllerLog.cpp" />
    <ClCompile Include="Source\Network\GnsTransport.cpp" />
    <ClCompile Include="Source\Network\LoopbackTransport.cpp" />
    <ClCompile Include="Source\Network\NetActorOwnership.cpp" />
    <ClCompile Include="Source\Network\NetAdmissionSelfTest.cpp" />
    <ClCompile Include="Source\Network\NetAuthCrypto.cpp" />
    <ClCompile Include="Source\Network\NetAuthSelfTest.cpp" />
    <ClCompile Include="Source\Network\NetIdentity.cpp" />
    <ClCompile Include="Source\Network\NetIdentitySelfTest.cpp" />
    <ClCompile Include="Source\Network\NetLobbyProtocol.cpp" />
    <ClCompile Include="Source\Network\NetLobbySession.cpp" />
    <ClCompile Include="Source\Network\NetGameCommand.cpp" />
    <ClCompile Include="Source\Network\NetResyncState.cpp" />
    <ClCompile Include="Source\Network\NetResyncSelfTest.cpp" />
    <ClCompile Include="Source\Network\NetResyncRuntimeSelfTest.cpp" />
    <ClCompile Include="Source\Network\NetLockstep.cpp" />
    <ClCompile Include="Source\Network\NetLockstepSelfTest.cpp" />
    <ClCompile Include="Source\Network\NetMatchConfig.cpp" />
    <ClCompile Include="Source\Network\NetMatchRunner.cpp" />
    <ClCompile Include="Source\Network\NetMatchService.cpp" />
    <ClCompile Include="Source\Network\NetLanDiscovery.cpp" />
    <ClCompile Include="Source\Network\NetMatchReplay.cpp" />
    <ClCompile Include="Source\Network\NetMatchSelfTest.cpp" />
    <ClCompile Include="Source\Network\NetProtocol.cpp" />
    <ClCompile Include="Source\Network\NetProtocolSelfTest.cpp" />
    <ClCompile Include="Source\Network\NetReconnectAdmission.cpp" />
    <ClCompile Include="Source\Network\NetReconnectLedger.cpp" />
    <ClCompile Include="Source\Network\NetReconnectSession.cpp" />
    <ClCompile Include="Source\Network\NetReconnectSessionSelfTest.cpp" />
    <ClCompile Include="Source\Network\NetReconnectTicketStore.cpp" />
    <ClCompile Include="Source\Network\NetReconnectUx.cpp" />
    <ClCompile Include="Source\Network\NetReconnectSelfTest.cpp" />
    <ClCompile Include="Source\Network\NetReconnectTranscript.cpp" />
    <ClCompile Include="Source\Network\NetReconnectTxCache.cpp" />
    <ClCompile Include="Source\Network\NetSeatAuth.cpp" />
    <ClCompile Include="Source\Network\NetSession.cpp" />
    <ClCompile Include="Source\Network\NetSessionSelfTest.cpp" />
    <ClCompile Include="Source\Network\SimChecksum.cpp" />
    <ClCompile Include="Source\Network\NetA7Journal.cpp" />
    <ClCompile Include="Source\AI\MetricsCollector.cpp" />
    <ClCompile Include="Source\CI\DeterminismCheck.cpp" />
    <ClCompile Include="Source\CI\NetModerationGUIProbe.cpp" />
    <ClCompile Include="Source\System\ScenarioRunner.cpp" />
    <ClCompile Include="Source\System\InputScript.cpp" />
    <ClCompile Include="Source\System\AIWriteScript.cpp" />
    <ClCompile Include="Source\System\FaultInjection.cpp" />
    <ClCompile Include="Source\System\ContentFile.cpp" />
    <ClCompile Include="Source\System\DataModule.cpp" />
    <ClCompile Include="Source\System\RTEError.cpp" />
    <ClCompile Include="Source\System\RTETools.cpp" />
    <ClCompile Include="Source\System\Matrix.cpp" />
    <ClCompile Include="Source\System\MicroPather\micropather.cpp">
      <IncludeInUnityFile Condition="'$(Configuration)|$(Platform)'=='Debug Release|Win32'">false</IncludeInUnityFile>
      <IncludeInUnityFile Condition="'$(Configuration)|$(Platform)'=='Final|Win32'">false</IncludeInUnityFile>
      <IncludeInUnityFile Condition="'$(Configuration)|$(Platform)'=='Profiling|Win32'">false</IncludeInUnityFile>
      <IncludeInUnityFile Condition="'$(Configuration)|$(Platform)'=='Debug Minimal|Win32'">false</IncludeInUnityFile>
      <IncludeInUnityFile Condition="'$(Configuration)|$(Platform)'=='Debug Full|Win32'">false</IncludeInUnityFile>
      <IncludeInUnityFile Condition="'$(Configuration)|$(Platform)'=='Debug Release|x64'">false</IncludeInUnityFile>
      <IncludeInUnityFile Condition="'$(Configuration)|$(Platform)'=='Final|x64'">false</IncludeInUnityFile>
      <IncludeInUnityFile Condition="'$(Configuration)|$(Platform)'=='Profiling|x64'">false</IncludeInUnityFile>
      <IncludeInUnityFile Condition="'$(Configuration)|$(Platform)'=='Debug Minimal|x64'">false</IncludeInUnityFile>
      <IncludeInUnityFile Condition="'$(Configuration)|$(Platform)'=='Debug Full|x64'">false</IncludeInUnityFile>
    </ClCompile>
    <ClCompile Include="Source\System\PathFinder.cpp" />
    <ClCompile Include="Source\System\Reader.cpp" />
    <ClCompile Include="Source\System\System.cpp" />
    <ClCompile Include="Source\System\Timer.cpp" />
    <ClCompile Include="Source\System\Vector.cpp" />
    <ClCompile Include="Source\System\Writer.cpp" />
    <ClCompile Include="Source\Managers\AchievementMan.cpp" />
    <ClCompile Include="Source\Managers\ActivityMan.cpp" />
    <ClCompile Include="Source\Managers\AudioMan.cpp" />
    <ClCompile Include="Source\Managers\ConsoleMan.cpp" />
    <ClCompile Include="Source\Managers\FrameMan.cpp" />
    <ClCompile Include="Source\Managers\MetaMan.cpp" />
    <ClCompile Include="Source\Managers\MovableMan.cpp" />
    <ClCompile Include="Source\Managers\LocalPrediction.cpp" />
    <ClCompile Include="Source\Managers\TerrainLayerSnapshot.cpp" />
    <ClCompile Include="Source\Managers\PresetMan.cpp" />
    <ClCompile Include="Source\Managers\SceneMan.cpp" />
    <ClCompile Include="Source\Managers\SettingsMan.cpp" />
    <ClCompile Include="Source\Managers\TimerMan.cpp" />
    <ClCompile Include="Source\Managers\UInputMan.cpp" />
    <ClCompile Include="Source\GUI\GUIBanner.cpp" />
    <ClCompile Include="Source\GUI\GUIButton.cpp" />
    <ClCompile Include="Source\GUI\GUICheckbox.cpp" />
    <ClCompile Include="Source\GUI\GUICollectionBox.cpp" />
    <ClCompile Include="Source\GUI\GUIComboBox.cpp" />
    <ClCompile Include="Source\GUI\GUIControl.cpp" />
    <ClCompile Include="Source\GUI\GUIControlFactory.cpp" />
    <ClCompile Include="Source\GUI\GUIControlManager.cpp" />
    <ClCompile Include="Source\GUI\GUIEvent.cpp" />
    <ClCompile Include="Source\GUI\GUIFont.cpp" />
    <ClCompile Include="Source\GUI\GUIInput.cpp" />
    <ClCompile Include="Source\GUI\GUILabel.cpp" />
    <ClCompile Include="Source\GUI\GUIListBox.cpp" />
    <ClCompile Include="Source\GUI\GUIListPanel.cpp" />
    <ClCompile Include="Source\GUI\GUIManager.cpp" />
    <ClCompile Include="Source\GUI\GUIPanel.cpp" />
    <ClCompile Include="Source\GUI\GUIProgressBar.cpp" />
    <ClCompile Include="Source\GUI\GUIProperties.cpp" />
    <ClCompile Include="Source\GUI\GUIPropertyPage.cpp" />
    <ClCompile Include="Source\GUI\GUIRadioButton.cpp" />
    <ClCompile Include="Source\GUI\GUIScrollbar.cpp" />
    <ClCompile Include="Source\GUI\GUIScrollPanel.cpp" />
    <ClCompile Include="Source\GUI\GUISkin.cpp" />
    <ClCompile Include="Source\GUI\GUISlider.cpp" />
    <ClCompile Include="Source\GUI\GUITab.cpp" />
    <ClCompile Include="Source\GUI\GUITextBox.cpp" />
    <ClCompile Include="Source\GUI\GUITextPanel.cpp" />
    <ClCompile Include="Source\GUI\GUIUtil.cpp" />
    <ClCompile Include="Source\GUI\imgui\imgui.cpp" />
    <ClCompile Include="Source\GUI\imgui\imgui_demo.cpp" />
    <ClCompile Include="Source\GUI\imgui\imgui_draw.cpp" />
    <ClCompile Include="Source\GUI\imgui\imgui_tables.cpp" />
    <ClCompile Include="Source\GUI\imgui\imgui_widgets.cpp" />
    <ClCompile Include="Source\GUI\imgui\backends\imgui_impl_sdl3.cpp" />
    <ClCompile Include="Source\GUI\imgui\backends\imgui_impl_opengl3.cpp" />
    <ClCompile Include="Source\Entities\ACDropShip.cpp" />
    <ClCompile Include="Source\Entities\ACrab.cpp" />
    <ClCompile Include="Source\Entities\ACraft.cpp" />
    <ClCompile Include="Source\Entities\ACRocket.cpp" />
    <ClCompile Include="Source\Entities\Actor.cpp" />
    <ClCompile Include="Source\Entities\ADoor.cpp" />
    <ClCompile Include="Source\Entities\AEmitter.cpp" />
    <ClCompile Include="Source\Entities\AHuman.cpp" />
    <ClCompile Include="Source\Entities\Arm.cpp" />
    <ClCompile Include="Source\Entities\AtomGroup.cpp" />
    <ClCompile Include="Source\Entities\Attachable.cpp" />
    <ClCompile Include="Source\Entities\BunkerAssembly.cpp" />
    <ClCompile Include="Source\Entities\BunkerAssemblyScheme.cpp" />
    <ClCompile Include="Source\Entities\Deployment.cpp" />
    <ClCompile Include="Source\Entities\GlobalScript.cpp" />
    <ClCompile Include="Source\Entities\HDFirearm.cpp" />
    <ClCompile Include="Source\Entities\HeldDevice.cpp" />
    <ClCompile Include="Source\Entities\Icon.cpp" />
    <ClCompile Include="Source\Entities\Leg.cpp" />
    <ClCompile Include="Source\Entities\LimbPath.cpp" />
    <ClCompile Include="Source\Entities\Loadout.cpp" />
    <ClCompile Include="Source\Entities\Magazine.cpp" />
    <ClCompile Include="Source\Entities\Material.cpp" />
    <ClCompile Include="Source\Entities\MetaPlayer.cpp" />
    <ClCompile Include="Source\Entities\MOPixel.cpp" />
    <ClCompile Include="Source\Entities\MOSParticle.cpp" />
    <ClCompile Include="Source\Entities\MOSprite.cpp" />
    <ClCompile Include="Source\Entities\MOSRotating.cpp" />
    <ClCompile Include="Source\Entities\MovableObject.cpp" />
    <ClCompile Include="Source\Entities\PieMenu.cpp" />
    <ClCompile Include="Source\Entities\PieSlice.cpp" />
    <ClCompile Include="Source\Entities\Scene.cpp" />
    <ClCompile Include="Source\Entities\SceneLayer.cpp" />
    <ClCompile Include="Source\Entities\SceneObject.cpp" />
    <ClCompile Include="Source\Entities\SLTerrain.cpp" />
    <ClCompile Include="Source\Entities\SoundContainer.cpp" />
    <ClCompile Include="Source\Entities\TDExplosive.cpp" />
    <ClCompile Include="Source\Entities\TerrainDebris.cpp" />
    <ClCompile Include="Source\Entities\TerrainObject.cpp" />
    <ClCompile Include="Source\Entities\ThrownDevice.cpp" />
    <ClCompile Include="Source\Entities\Turret.cpp" />
    <ClCompile Include="Source\Activities\ActorEditor.cpp" />
    <ClCompile Include="Source\Activities\AreaEditor.cpp" />
    <ClCompile Include="Source\Activities\AssemblyEditor.cpp" />
    <ClCompile Include="Source\Activities\BaseEditor.cpp" />
    <ClCompile Include="Source\Activities\EditorActivity.cpp" />
    <ClCompile Include="Source\Activities\GameActivity.cpp" />
    <ClCompile Include="Source\Activities\GAScripted.cpp" />
    <ClCompile Include="Source\Activities\GATutorial.cpp" />
    <ClCompile Include="Source\Activities\GibEditor.cpp" />
    <ClCompile Include="Source\Activities\SceneEditor.cpp" />
    <ClCompile Include="Source\Menus\AreaEditorGUI.cpp" />
    <ClCompile Include="Source\Menus\AreaPickerGUI.cpp" />
    <ClCompile Include="Source\Menus\AssemblyEditorGUI.cpp" />
    <ClCompile Include="Source\Menus\BuyMenuGUI.cpp" />
    <ClCompile Include="Source\Menus\GibEditorGUI.cpp" />
    <ClCompile Include="Source\Menus\MainMenuGUI.cpp" />
    <ClCompile Include="Source\Menus\NetModerationGUI.cpp" />
    <ClCompile Include="Source\Menus\MetagameGUI.cpp" />
    <ClCompile Include="Source\Menus\ObjectPickerGUI.cpp" />
    <ClCompile Include="Source\Menus\ScenarioGUI.cpp" />
    <ClCompile Include="Source\Menus\SceneEditorGUI.cpp" />
    <ClCompile Include="Source\Main.cpp" />
  </ItemGroup>
  <ItemGroup>
    <Image Include="Resources\ccicon.ico" />
  </ItemGroup>
  <ItemGroup>
    <ResourceCompile Include="Resources\RTEA.rc" />
  </ItemGroup>
  <ItemGroup>
    <None Include="cpp.hint" />
    <None Include="Source\System\Semver200\version.inl" />
  </ItemGroup>
  <ItemGroup>
    <ProjectReference Include="external\sources\LuaJIT-2.1\libluajit.vcxproj">
      <Project>{9C341649-AA1F-35E8-81E3-228A6A09B2BB}</Project>
    </ProjectReference>
    <ProjectReference Include="external\sources\luabind-0.7.1\luabind.vcxproj" Condition="'$(Platform)'=='x64'">
      <Project>{AF484DB4-5CA2-3DB9-B84B-174EB84D32AA}</Project>
      <SetConfiguration Condition="'$(Configuration)'=='Debug Full' Or '$(Configuration)'=='Debug Minimal'">Configuration=Debug</SetConfiguration>
      <SetConfiguration Condition="'$(Configuration)'=='Debug Release' Or '$(Configuration)'=='Profiling'">Configuration=RelWithDebInfo</SetConfiguration>
      <SetConfiguration Condition="'$(Configuration)'=='Final'">Configuration=Release</SetConfiguration>
      <LinkLibraryDependencies>false</LinkLibraryDependencies>
    </ProjectReference>
    <ProjectReference Include="external\sources\allegro 4.4.3.1-custom\allegro.vcxproj" Condition="'$(Platform)'=='x64'">
      <Project>{F13CE3E8-34B1-36D5-9813-AD56B7CB288A}</Project>
      <SetConfiguration Condition="'$(Configuration)'=='Debug Full' Or '$(Configuration)'=='Debug Minimal'">Configuration=Debug</SetConfiguration>
      <SetConfiguration Condition="'$(Configuration)'=='Debug Release' Or '$(Configuration)'=='Profiling'">Configuration=RelWithDebInfo</SetConfiguration>
      <SetConfiguration Condition="'$(Configuration)'=='Final'">Configuration=Release</SetConfiguration>
      <LinkLibraryDependencies>false</LinkLibraryDependencies>
    </ProjectReference>
  </ItemGroup>
  <Import Project="$(VCTargetsPath)\Microsoft.Cpp.targets" />
  <ImportGroup Label="ExtensionTargets">
  </ImportGroup>
</Project>

2026-09-11T05:11:49.154695+00:00 cwd=D:\Projects\takeover-fixes
git show HEAD:RTEA.vcxproj.filters
exit=0
--- stdout ---
﻿<?xml version="1.0" encoding="utf-8"?>
<Project ToolsVersion="4.0" xmlns="http://schemas.microsoft.com/developer/msbuild/2003">
  <ItemGroup>
    <Filter Include="Resources">
      <UniqueIdentifier>{4e097eb5-c12c-448b-8b5a-34188a2a0a01}</UniqueIdentifier>
    </Filter>
    <Filter Include="System">
      <UniqueIdentifier>{1eb26ada-4ee1-4105-a5f3-212a26b43fed}</UniqueIdentifier>
    </Filter>
    <Filter Include="System\MicroPather">
      <UniqueIdentifier>{d7921341-db26-4b59-b590-1cd922940032}</UniqueIdentifier>
    </Filter>
    <Filter Include="Managers">
      <UniqueIdentifier>{777a2010-7ae7-41e7-8d10-1a3d2e6b3001}</UniqueIdentifier>
    </Filter>
    <Filter Include="Network">
      <UniqueIdentifier>{c4e07ab0-2a3a-4b1f-9c9d-7e0a6f9c2e02}</UniqueIdentifier>
    </Filter>
    <Filter Include="GUI">
      <UniqueIdentifier>{2f4c4852-44a1-459f-8666-e8c263c47196}</UniqueIdentifier>
    </Filter>
    <Filter Include="Entities">
      <UniqueIdentifier>{937bb94c-5106-4040-acad-0614d72cd11b}</UniqueIdentifier>
    </Filter>
    <Filter Include="Menus">
      <UniqueIdentifier>{51f0c24a-295f-46b9-bf3a-c589a2c258b5}</UniqueIdentifier>
    </Filter>
    <Filter Include="Activities">
      <UniqueIdentifier>{4d361173-4982-4e1b-8967-8ab53105dc7f}</UniqueIdentifier>
    </Filter>
    <Filter Include="Lua">
      <UniqueIdentifier>{ac503e37-087b-40b8-b1b8-427ab55a4f9e}</UniqueIdentifier>
    </Filter>
    <Filter Include="System\Semver200">
      <UniqueIdentifier>{60f9b310-81f7-4bf6-a829-c893dc59537a}</UniqueIdentifier>
    </Filter>
    <Filter Include="GUI\Wrappers">
      <UniqueIdentifier>{14ff3fdb-4366-4bed-8b6e-ddcf72987b81}</UniqueIdentifier>
    </Filter>
    <Filter Include="GUI\imgui">
    </Filter>
    <Filter Include="GUI\imgui\backends">
    </Filter>
    <Filter Include="System\backward">
      <UniqueIdentifier>{a8668dc1-51c5-418d-91bf-7ee92f008cb1}</UniqueIdentifier>
    </Filter>
    <Filter Include="external">
      <UniqueIdentifier>{c24dc7b0-ca0d-4709-a41b-c44fe77bd6ef}</UniqueIdentifier>
    </Filter>
    <Filter Include="external\tracy">
      <UniqueIdentifier>{21b72644-6ffe-4931-909e-130c40fd684f}</UniqueIdentifier>
    </Filter>
    <Filter Include="System\Base64">
      <UniqueIdentifier>{6f517ec6-8c53-4d34-b320-c408e1fd374d}</UniqueIdentifier>
    </Filter>
    <Filter Include="Renderer\glad">
      <UniqueIdentifier>{a92cf676-7096-4641-ae98-d02861c1acde}</UniqueIdentifier>
    </Filter>
    <Filter Include="Renderer">
      <UniqueIdentifier>{456e743f-249a-4e29-91e2-348668548158}</UniqueIdentifier>
    </Filter>
    <Filter Include="Renderer\raylib">
      <UniqueIdentifier>{5aa83e16-d772-476c-b51a-72480c976207}</UniqueIdentifier>
    </Filter>
    <Filter Include="external\nlohmann_json">
      <UniqueIdentifier>{c4e07ab0-2a3a-4b1f-9c9d-7e0a6f9c2e04}</UniqueIdentifier>
    </Filter>
  </ItemGroup>
  <ItemGroup>
    <ClInclude Include="Source\System\Box.h">
      <Filter>System</Filter>
    </ClInclude>
    <ClInclude Include="Source\System\Color.h">
      <Filter>System</Filter>
    </ClInclude>
    <ClInclude Include="Source\System\ContentFile.h">
      <Filter>System</Filter>
    </ClInclude>
    <ClInclude Include="Source\System\DataModule.h">
      <Filter>System</Filter>
    </ClInclude>
    <ClInclude Include="Source\System\Matrix.h">
      <Filter>System</Filter>
    </ClInclude>
    <ClInclude Include="Source\System\PathFinder.h">
      <Filter>System</Filter>
    </ClInclude>
    <ClInclude Include="Source\System\Reader.h">
      <Filter>System</Filter>
    </ClInclude>
    <ClInclude Include="Source\System\Serializable.h">
      <Filter>System</Filter>
    </ClInclude>
    <ClInclude Include="Source\System\Singleton.h">
      <Filter>System</Filter>
    </ClInclude>
    <ClInclude Include="Source\System\System.h">
      <Filter>System</Filter>
    </ClInclude>
    <ClInclude Include="Source\System\Timer.h">
      <Filter>System</Filter>
    </ClInclude>
    <ClInclude Include="Source\System\Vector.h">
      <Filter>System</Filter>
    </ClInclude>
    <ClInclude Include="Source\System\Writer.h">
      <Filter>System</Filter>
    </ClInclude>
    <ClInclude Include="Source\System\MicroPather\micropather.h">
      <Filter>System\MicroPather</Filter>
    </ClInclude>
    <ClInclude Include="Source\Renderer\raylib\raylib.h">
      <Filter>Renderer\raylib</Filter>
    </ClInclude>
    <ClInclude Include="Source\Renderer\raylib\rlgl.h">
      <Filter>Renderer\raylib</Filter>
    </ClInclude>
    <ClInclude Include="Source\Renderer\raylib\rlconfig.h">
      <Filter>Renderer\raylib</Filter>
    </ClInclude>
    <ClInclude Include="Source\Managers\AchievementMan.h">
      <Filter>Managers</Filter>
    </ClInclude>
    <ClInclude Include="Source\Managers\ActivityMan.h">
      <Filter>Managers</Filter>
    </ClInclude>
    <ClInclude Include="Source\Managers\AudioMan.h">
      <Filter>Managers</Filter>
    </ClInclude>
    <ClInclude Include="Source\Managers\ConsoleMan.h">
      <Filter>Managers</Filter>
    </ClInclude>
    <ClInclude Include="Source\Managers\FrameMan.h">
      <Filter>Managers</Filter>
    </ClInclude>
    <ClInclude Include="Source\Managers\LuaMan.h">
      <Filter>Managers</Filter>
    </ClInclude>
    <ClInclude Include="Source\Managers\MetaMan.h">
      <Filter>Managers</Filter>
    </ClInclude>
    <ClInclude Include="Source\Managers\MovableMan.h">
      <Filter>Managers</Filter>
    </ClInclude>
    <ClInclude Include="Source\Managers\LocalPrediction.h">
      <Filter>Managers</Filter>
    </ClInclude>
    <ClInclude Include="Source\Managers\TerrainLayerSnapshot.h">
      <Filter>Managers</Filter>
    </ClInclude>
    <ClInclude Include="Source\Managers\PresetMan.h">
      <Filter>Managers</Filter>
    </ClInclude>
    <ClInclude Include="Source\Managers\SceneMan.h">
      <Filter>Managers</Filter>
    </ClInclude>
    <ClInclude Include="Source\Managers\SettingsMan.h">
      <Filter>Managers</Filter>
    </ClInclude>
    <ClInclude Include="Source\Managers\TimerMan.h">
      <Filter>Managers</Filter>
    </ClInclude>
    <ClInclude Include="Source\Managers\UInputMan.h">
      <Filter>Managers</Filter>
    </ClInclude>
    <ClInclude Include="Source\GUI\GUI.h">
      <Filter>GUI</Filter>
    </ClInclude>
    <ClInclude Include="Source\GUI\GUIBanner.h">
      <Filter>GUI</Filter>
    </ClInclude>
    <ClInclude Include="Source\GUI\GUIButton.h">
      <Filter>GUI</Filter>
    </ClInclude>
    <ClInclude Include="Source\GUI\GUICheckbox.h">
      <Filter>GUI</Filter>
    </ClInclude>
    <ClInclude Include="Source\GUI\GUICollectionBox.h">
      <Filter>GUI</Filter>
    </ClInclude>
    <ClInclude Include="Source\GUI\GUIComboBox.h">
      <Filter>GUI</Filter>
    </ClInclude>
    <ClInclude Include="Source\GUI\GUIControl.h">
      <Filter>GUI</Filter>
    </ClInclude>
    <ClInclude Include="Source\GUI\GUIControlFactory.h">
      <Filter>GUI</Filter>
    </ClInclude>
    <ClInclude Include="Source\GUI\GUIControlManager.h">
      <Filter>GUI</Filter>
    </ClInclude>
    <ClInclude Include="Source\GUI\GUIEvent.h">
      <Filter>GUI</Filter>
    </ClInclude>
    <ClInclude Include="Source\GUI\GUIFont.h">
      <Filter>GUI</Filter>
    </ClInclude>
    <ClInclude Include="Source\GUI\GUIInput.h">
      <Filter>GUI</Filter>
    </ClInclude>
    <ClInclude Include="Source\GUI\GUILabel.h">
      <Filter>GUI</Filter>
    </ClInclude>
    <ClInclude Include="Source\GUI\GUIListBox.h">
      <Filter>GUI</Filter>
    </ClInclude>
    <ClInclude Include="Source\GUI\GUIListPanel.h">
      <Filter>GUI</Filter>
    </ClInclude>
    <ClInclude Include="Source\GUI\GUIManager.h">
      <Filter>GUI</Filter>
    </ClInclude>
    <ClInclude Include="Source\GUI\GUIPanel.h">
      <Filter>GUI</Filter>
    </ClInclude>
    <ClInclude Include="Source\GUI\GUIProgressBar.h">
      <Filter>GUI</Filter>
    </ClInclude>
    <ClInclude Include="Source\GUI\GUIProperties.h">
      <Filter>GUI</Filter>
    </ClInclude>
    <ClInclude Include="Source\GUI\GUIPropertyPage.h">
      <Filter>GUI</Filter>
    </ClInclude>
    <ClInclude Include="Source\GUI\GUIRadioButton.h">
      <Filter>GUI</Filter>
    </ClInclude>
    <ClInclude Include="Source\GUI\GUIScrollbar.h">
      <Filter>GUI</Filter>
    </ClInclude>
    <ClInclude Include="Source\GUI\GUIScrollPanel.h">
      <Filter>GUI</Filter>
    </ClInclude>
    <ClInclude Include="Source\GUI\GUISkin.h">
      <Filter>GUI</Filter>
    </ClInclude>
    <ClInclude Include="Source\GUI\GUISlider.h">
      <Filter>GUI</Filter>
    </ClInclude>
    <ClInclude Include="Source\GUI\GUITab.h">
      <Filter>GUI</Filter>
    </ClInclude>
    <ClInclude Include="Source\GUI\GUITextBox.h">
      <Filter>GUI</Filter>
    </ClInclude>
    <ClInclude Include="Source\GUI\GUITextPanel.h">
      <Filter>GUI</Filter>
    </ClInclude>
    <ClInclude Include="Source\GUI\GUIUtil.h">
      <Filter>GUI</Filter>
    </ClInclude>
    <ClInclude Include="Source\GUI\imgui\imgui.h">
      <Filter>GUI\imgui</Filter>
    </ClInclude>
    <ClInclude Include="Source\GUI\imgui\imconfig.h">
      <Filter>GUI\imgui</Filter>
    </ClInclude>
    <ClInclude Include="Source\GUI\imgui\backends\imgui_impl_sdl3.h">
      <Filter>GUI\imgui\backends</Filter>
    </ClInclude>
    <ClInclude Include="Source\GUI\imgui\backends\imgui_impl_opengl3.h">
      <Filter>GUI\imgui\backends</Filter>
    </ClInclude>
    <ClInclude Include="Source\Entities\ACDropShip.h">
      <Filter>Entities</Filter>
    </ClInclude>
    <ClInclude Include="Source\Entities\ACrab.h">
      <Filter>Entities</Filter>
    </ClInclude>
    <ClInclude Include="Source\Entities\ACraft.h">
      <Filter>Entities</Filter>
    </ClInclude>
    <ClInclude Include="Source\Entities\ACRocket.h">
      <Filter>Entities</Filter>
    </ClInclude>
    <ClInclude Include="Source\Entities\Actor.h">
      <Filter>Entities</Filter>
    </ClInclude>
    <ClInclude Include="Source\Entities\ADoor.h">
      <Filter>Entities</Filter>
    </ClInclude>
    <ClInclude Include="Source\Entities\AEmitter.h">
      <Filter>Entities</Filter>
    </ClInclude>
    <ClInclude Include="Source\Entities\AHuman.h">
      <Filter>Entities</Filter>
    </ClInclude>
    <ClInclude Include="Source\Entities\Arm.h">
      <Filter>Entities</Filter>
    </ClInclude>
    <ClInclude Include="Source\Entities\AtomGroup.h">
      <Filter>Entities</Filter>
    </ClInclude>
    <ClInclude Include="Source\Entities\Attachable.h">
      <Filter>Entities</Filter>
    </ClInclude>
    <ClInclude Include="Source\Entities\BunkerAssembly.h">
      <Filter>Entities</Filter>
    </ClInclude>
    <ClInclude Include="Source\Entities\BunkerAssemblyScheme.h">
      <Filter>Entities</Filter>
    </ClInclude>
    <ClInclude Include="Source\Entities\Deployment.h">
      <Filter>Entities</Filter>
    </ClInclude>
    <ClInclude Include="Source\Entities\GlobalScript.h">
      <Filter>Entities</Filter>
    </ClInclude>
    <ClInclude Include="Source\Entities\HDFirearm.h">
      <Filter>Entities</Filter>
    </ClInclude>
    <ClInclude Include="Source\Entities\HeldDevice.h">
      <Filter>Entities</Filter>
    </ClInclude>
    <ClInclude Include="Source\Entities\Icon.h">
      <Filter>Entities</Filter>
    </ClInclude>
    <ClInclude Include="Source\Entities\Leg.h">
      <Filter>Entities</Filter>
    </ClInclude>
    <ClInclude Include="Source\Entities\LimbPath.h">
      <Filter>Entities</Filter>
    </ClInclude>
    <ClInclude Include="Source\Entities\Loadout.h">
      <Filter>Entities</Filter>
    </ClInclude>
    <ClInclude Include="Source\Entities\Magazine.h">
      <Filter>Entities</Filter>
    </ClInclude>
    <ClInclude Include="Source\Entities\Material.h">
      <Filter>Entities</Filter>
    </ClInclude>
    <ClInclude Include="Source\Entities\MetaPlayer.h">
      <Filter>Entities</Filter>
    </ClInclude>
    <ClInclude Include="Source\Entities\MOPixel.h">
      <Filter>Entities</Filter>
    </ClInclude>
    <ClInclude Include="Source\Entities\MOSParticle.h">
      <Filter>Entities</Filter>
    </ClInclude>
    <ClInclude Include="Source\Entities\MOSprite.h">
      <Filter>Entities</Filter>
    </ClInclude>
    <ClInclude Include="Source\Entities\MOSRotating.h">
      <Filter>Entities</Filter>
    </ClInclude>
    <ClInclude Include="Source\Entities\MovableObject.h">
      <Filter>Entities</Filter>
    </ClInclude>
    <ClInclude Include="Source\Entities\Scene.h">
      <Filter>Entities</Filter>
    </ClInclude>
    <ClInclude Include="Source\Entities\SceneLayer.h">
      <Filter>Entities</Filter>
    </ClInclude>
    <ClInclude Include="Source\Entities\SceneObject.h">
      <Filter>Entities</Filter>
    </ClInclude>
    <ClInclude Include="Source\Entities\SLTerrain.h">
      <Filter>Entities</Filter>
    </ClInclude>
    <ClInclude Include="Source\Entities\TDExplosive.h">
      <Filter>Entities</Filter>
    </ClInclude>
    <ClInclude Include="Source\Entities\TerrainDebris.h">
      <Filter>Entities</Filter>
    </ClInclude>
    <ClInclude Include="Source\Entities\TerrainObject.h">
      <Filter>Entities</Filter>
    </ClInclude>
    <ClInclude Include="Source\Entities\ThrownDevice.h">
      <Filter>Entities</Filter>
    </ClInclude>
    <ClInclude Include="Source\Entities\Turret.h">
      <Filter>Entities</Filter>
    </ClInclude>
    <ClInclude Include="Source\Activities\ActorEditor.h">
      <Filter>Activities</Filter>
    </ClInclude>
    <ClInclude Include="Source\Activities\AreaEditor.h">
      <Filter>Activities</Filter>
    </ClInclude>
    <ClInclude Include="Source\Activities\AssemblyEditor.h">
      <Filter>Activities</Filter>
    </ClInclude>
    <ClInclude Include="Source\Activities\BaseEditor.h">
      <Filter>Activities</Filter>
    </ClInclude>
    <ClInclude Include="Source\Activities\EditorActivity.h">
      <Filter>Activities</Filter>
    </ClInclude>
    <ClInclude Include="Source\Activities\GameActivity.h">
      <Filter>Activities</Filter>
    </ClInclude>
    <ClInclude Include="Source\Activities\GAScripted.h">
      <Filter>Activities</Filter>
    </ClInclude>
    <ClInclude Include="Source\Activities\GATutorial.h">
      <Filter>Activities</Filter>
    </ClInclude>
    <ClInclude Include="Source\Activities\GibEditor.h">
      <Filter>Activities</Filter>
    </ClInclude>
    <ClInclude Include="Source\Activities\SceneEditor.h">
      <Filter>Activities</Filter>
    </ClInclude>
    <ClInclude Include="Source\Menus\AreaEditorGUI.h">
      <Filter>Menus</Filter>
    </ClInclude>
    <ClInclude Include="Source\Menus\AreaPickerGUI.h">
      <Filter>Menus</Filter>
    </ClInclude>
    <ClInclude Include="Source\Menus\AssemblyEditorGUI.h">
      <Filter>Menus</Filter>
    </ClInclude>
    <ClInclude Include="Source\Menus\BuyMenuGUI.h">
      <Filter>Menus</Filter>
    </ClInclude>
    <ClInclude Include="Source\Menus\GibEditorGUI.h">
      <Filter>Menus</Filter>
    </ClInclude>
    <ClInclude Include="Source\Menus\MainMenuGUI.h">
      <Filter>Menus</Filter>
    </ClInclude>
    <ClInclude Include="Source\Menus\NetModerationGUI.h">
      <Filter>Menus</Filter>
    </ClInclude>
    <ClInclude Include="Source\CI\NetModerationGUIProbe.h">
      <Filter>System</Filter>
    </ClInclude>
    <ClInclude Include="Source\Menus\MetagameGUI.h">
      <Filter>Menus</Filter>
    </ClInclude>
    <ClInclude Include="Source\Menus\ObjectPickerGUI.h">
      <Filter>Menus</Filter>
    </ClInclude>
    <ClInclude Include="Source\Entities\PieMenu.h">
      <Filter>Entities</Filter>
    </ClInclude>
    <ClInclude Include="Source\Menus\ScenarioGUI.h">
      <Filter>Menus</Filter>
    </ClInclude>
    <ClInclude Include="Source\Menus\SceneEditorGUI.h">
      <Filter>Menus</Filter>
    </ClInclude>
    <ClInclude Include="Source\Entities\Emission.h">
      <Filter>Entities</Filter>
    </ClInclude>
    <ClInclude Include="Source\Entities\PEmitter.h">
      <Filter>Entities</Filter>
    </ClInclude>
    <ClInclude Include="Source\System\StandardIncludes.h">
      <Filter>System</Filter>
    </ClInclude>
    <ClInclude Include="Source\GUI\GUISound.h">
      <Filter>GUI</Filter>
    </ClInclude>
    <ClInclude Include="Source\Network\NetA7Journal.h">
      <Filter>Network</Filter>
    </ClInclude>
    <ClInclude Include="Source\Network\SimChecksum.h">
      <Filter>Network</Filter>
    </ClInclude>
    <ClInclude Include="Source\Network\ControllerFrame.h">
      <Filter>Network</Filter>
    </ClInclude>
    <ClInclude Include="Source\Network\ControllerLog.h">
      <Filter>Network</Filter>
    </ClInclude>
    <ClInclude Include="Source\Network\GnsTransport.h">
      <Filter>Network</Filter>
    </ClInclude>
    <ClInclude Include="Source\Network\LoopbackTransport.h">
      <Filter>Network</Filter>
    </ClInclude>
    <ClInclude Include="Source\Network\NetActorOwnership.h">
      <Filter>Network</Filter>
    </ClInclude>
    <ClInclude Include="Source\Network\NetAdmissionSelfTest.h">
      <Filter>Network</Filter>
    </ClInclude>
    <ClInclude Include="Source\Network\NetAuthCrypto.h">
      <Filter>Network</Filter>
    </ClInclude>
    <ClInclude Include="Source\Network\NetSeatAuth.h">
      <Filter>Network</Filter>
    </ClInclude>
    <ClInclude Include="Source\Network\NetReconnectAdmission.h">
      <Filter>Network</Filter>
    </ClInclude>
    <ClInclude Include="Source\Network\NetReconnectLedger.h">
      <Filter>Network</Filter>
    </ClInclude>
    <ClInclude Include="Source\Network\NetReconnectSession.h">
      <Filter>Network</Filter>
    </ClInclude>
    <ClInclude Include="Source\Network\NetReconnectSessionSelfTest.h">
      <Filter>Network</Filter>
    </ClInclude>
    <ClInclude Include="Source\Network\NetReconnectTicketStore.h">
      <Filter>Network</Filter>
    </ClInclude>
    <ClInclude Include="Source\Network\NetReconnectUx.h">
      <Filter>Network</Filter>
    </ClInclude>
    <ClInclude Include="Source\Network\NetReconnectSelfTest.h">
      <Filter>Network</Filter>
    </ClInclude>
    <ClInclude Include="Source\Network\NetReconnectTranscript.h">
      <Filter>Network</Filter>
    </ClInclude>
    <ClInclude Include="Source\Network\NetReconnectTxCache.h">
      <Filter>Network</Filter>
    </ClInclude>
    <ClInclude Include="Source\Network\NetAuthSelfTest.h">
      <Filter>Network</Filter>
    </ClInclude>
    <ClInclude Include="Source\Network\NetIdentity.h">
      <Filter>Network</Filter>
    </ClInclude>
    <ClInclude Include="Source\Network\NetIdentitySelfTest.h">
      <Filter>Network</Filter>
    </ClInclude>
    <ClInclude Include="Source\Network\NetLobbyProtocol.h">
      <Filter>Network</Filter>
    </ClInclude>
    <ClInclude Include="Source\Network\NetLobbySession.h">
      <Filter>Network</Filter>
    </ClInclude>
    <ClInclude Include="Source\Network\NetGameCommand.h">
      <Filter>Network</Filter>
    </ClInclude>
    <ClInclude Include="Source\Network\NetResyncState.h">
      <Filter>Network</Filter>
    </ClInclude>
    <ClInclude Include="Source\Network\NetResyncSelfTest.h">
      <Filter>Network</Filter>
    </ClInclude>
    <ClInclude Include="Source\Network\NetResyncRuntimeSelfTest.h">
      <Filter>Network</Filter>
    </ClInclude>
    <ClInclude Include="Source\Network\NetLockstep.h">
      <Filter>Network</Filter>
    </ClInclude>
    <ClInclude Include="Source\Network\NetLockstepSelfTest.h">
      <Filter>Network</Filter>
    </ClInclude>
    <ClInclude Include="Source\Network\NetMatchConfig.h">
      <Filter>Network</Filter>
    </ClInclude>
    <ClInclude Include="Source\Network\NetMatchRunner.h">
      <Filter>Network</Filter>
    </ClInclude>
    <ClInclude Include="Source\Network\NetMatchService.h">
      <Filter>Network</Filter>
    </ClInclude>
    <ClInclude Include="Source\Network\NetMatchSelfTest.h">
      <Filter>Network</Filter>
    </ClInclude>
    <ClInclude Include="Source\Network\NetProtocol.h">
      <Filter>Network</Filter>
    </ClInclude>
    <ClInclude Include="Source\Network\NetProtocolSelfTest.h">
      <Filter>Network</Filter>
    </ClInclude>
    <ClInclude Include="Source\Network\NetSession.h">
      <Filter>Network</Filter>
    </ClInclude>
    <ClInclude Include="Source\Network\NetSessionSelfTest.h">
      <Filter>Network</Filter>
    </ClInclude>
    <ClInclude Include="Source\Network\NetTransport.h">
      <Filter>Network</Filter>
    </ClInclude>
    <ClInclude Include="Source\System\RTETools.h">
      <Filter>System</Filter>
    </ClInclude>
    <ClInclude Include="Source\System\RTEError.h">
      <Filter>System</Filter>
    </ClInclude>
    <ClInclude Include="Source\System\Constants.h">
      <Filter>System</Filter>
    </ClInclude>
    <ClInclude Include="Resources\resource.h">
      <Filter>Resources</Filter>
    </ClInclude>
    <ClInclude Include="Source\System\Controller.h">
      <Filter>System</Filter>
    </ClInclude>
    <ClInclude Include="Source\System\Entity.h">
      <Filter>System</Filter>
    </ClInclude>
    <ClInclude Include="Source\Managers\PerformanceMan.h">
      <Filter>Managers</Filter>
    </ClInclude>
    <ClInclude Include="Source\Managers\PrimitiveMan.h">
      <Filter>Managers</Filter>
    </ClInclude>
    <ClInclude Include="Source\Managers\PostProcessMan.h">
      <Filter>Managers</Filter>
    </ClInclude>
    <ClInclude Include="Source\Entities\SoundContainer.h">
      <Filter>Entities</Filter>
    </ClInclude>
    <ClInclude Include="Source\Entities\SoundSet.h">
      <Filter>Entities</Filter>
    </ClInclude>
    <ClInclude Include="Source\System\Atom.h">
      <Filter>System</Filter>
    </ClInclude>
    <ClInclude Include="Source\Entities\ADSensor.h">
      <Filter>Entities</Filter>
    </ClInclude>
    <ClInclude Include="Source\Entities\Gib.h">
      <Filter>Entities</Filter>
    </ClInclude>
    <ClInclude Include="Source\Entities\Round.h">
      <Filter>Entities</Filter>
    </ClInclude>
    <ClInclude Include="Source\System\InputScheme.h">
      <Filter>System</Filter>
    </ClInclude>
    <ClInclude Include="Source\System\InputMapping.h">
      <Filter>System</Filter>
    </ClInclude>
    <ClInclude Include="Source\Entities\MetaSave.h">
      <Filter>Entities</Filter>
    </ClInclude>
    <ClInclude Include="Source\Entities\Activity.h">
      <Filter>Entities</Filter>
    </ClInclude>
    <ClInclude Include="Source\Renderer\GraphicalPrimitive.h">
      <Filter>Renderer</Filter>
    </ClInclude>
    <ClInclude Include="Source\Menus\TitleScreen.h">
      <Filter>Menus</Filter>
    </ClInclude>
    <ClInclude Include="Source\Managers\MenuMan.h">
      <Filter>Managers</Filter>
    </ClInclude>
    <ClInclude Include="Source\Menus\LoadingScreen.h">
      <Filter>Menus</Filter>
    </ClInclude>
    <ClInclude Include="Source\Menus\ModManagerGUI.h">
      <Filter>Menus</Filter>
    </ClInclude>
    <ClInclude Include="Source\Menus\SettingsGUI.h">
      <Filter>Menus</Filter>
    </ClInclude>
    <ClInclude Include="Source\Menus\SettingsAudioGUI.h">
      <Filter>Menus</Filter>
    </ClInclude>
    <ClInclude Include="Source\Menus\SettingsVideoGUI.h">
      <Filter>Menus</Filter>
    </ClInclude>
    <ClInclude Include="Source\Menus\SettingsInputGUI.h">
      <Filter>Menus</Filter>
    </ClInclude>
    <ClInclude Include="Source\Menus\SettingsGameplayGUI.h">
      <Filter>Menus</Filter>
    </ClInclude>
    <ClInclude Include="Source\Menus\SettingsMiscGUI.h">
      <Filter>Menus</Filter>
    </ClInclude>
    <ClInclude Include="Source\Menus\SettingsInputMappingGUI.h">
      <Filter>Menus</Filter>
    </ClInclude>
    <ClInclude Include="Source\Menus\SettingsInputMappingWizardGUI.h">
      <Filter>Menus</Filter>
    </ClInclude>
    <ClInclude Include="Source\Menus\ScenarioActivityConfigGUI.h">
      <Filter>Menus</Filter>
    </ClInclude>
    <ClInclude Include="Source\Entities\PieSlice.h">
      <Filter>Entities</Filter>
    </ClInclude>
    <ClInclude Include="Source\Menus\InventoryMenuGUI.h">
      <Filter>Menus</Filter>
    </ClInclude>
    <ClInclude Include="Source\Lua\LuabindDefinitions.h">
      <Filter>Lua</Filter>
    </ClInclude>
    <ClInclude Include="Source\Lua\LuaBindingRegisterDefinitions.h">
      <Filter>Lua</Filter>
    </ClInclude>
    <ClInclude Include="Source\GUI\GUIInterface.h">
      <Filter>GUI</Filter>
    </ClInclude>
    <ClInclude Include="Source\GUI\GUIReader.h">
      <Filter>GUI</Filter>
    </ClInclude>
    <ClInclude Include="Source\GUI\GUIWriter.h">
      <Filter>GUI</Filter>
    </ClInclude>
    <ClInclude Include="Source\Lua\LuabindObjectWrapper.h">
      <Filter>Lua</Filter>
    </ClInclude>
    <ClInclude Include="Source\Entities\TerrainFrosting.h">
      <Filter>Entities</Filter>
    </ClInclude>
    <ClInclude Include="Source\Entities\SLBackground.h">
      <Filter>Entities</Filter>
    </ClInclude>
    <ClInclude Include="Source\System\PieQuadrant.h">
      <Filter>System</Filter>
    </ClInclude>
    <ClInclude Include="Source\System\Gamepad.h">
      <Filter>System</Filter>
    </ClInclude>
    <ClInclude Include="Source\Managers\CameraMan.h">
      <Filter>Managers</Filter>
    </ClInclude>
    <ClInclude Include="Source\Lua\LuaAdapterDefinitions.h">
      <Filter>Lua</Filter>
    </ClInclude>
    <ClInclude Include="Source\System\SpatialPartitionGrid.h">
      <Filter>System</Filter>
    </ClInclude>
    <ClInclude Include="Source\System\GenericSavedData.h">
      <Filter>System</Filter>
    </ClInclude>
    <ClInclude Include="Source\GUI\Wrappers\GUIInputWrapper.h">
      <Filter>GUI\Wrappers</Filter>
    </ClInclude>
    <ClInclude Include="Source\GUI\Wrappers\AllegroScreen.h">
      <Filter>GUI\Wrappers</Filter>
    </ClInclude>
    <ClInclude Include="Source\GUI\Wrappers\AllegroBitmap.h">
      <Filter>GUI\Wrappers</Filter>
    </ClInclude>
    <ClInclude Include="Source\Managers\WindowMan.h">
      <Filter>Managers</Filter>
    </ClInclude>
    <ClInclude Include="Resources\Credits.h">
      <Filter>Resources</Filter>
    </ClInclude>
    <ClInclude Include="Source\Menus\PauseMenuGUI.h">
      <Filter>Menus</Filter>
    </ClInclude>
    <ClInclude Include="Source\System\Semver200\semver200.h">
      <Filter>System\Semver200</Filter>
    </ClInclude>
    <ClInclude Include="Source\System\Semver200\version.h">
      <Filter>System\Semver200</Filter>
    </ClInclude>
    <ClInclude Include="Source\System\GameVersion.h">
      <Filter>System</Filter>
    </ClInclude>
    <ClInclude Include="Source\System\backward\backward.hpp">
      <Filter>System\backward</Filter>
    </ClInclude>
    <ClInclude Include="Source\Entities\AEJetpack.h">
      <Filter>Entities</Filter>
    </ClInclude>
    <ClInclude Include="Source\Renderer\GLCheck.h">
      <Filter>System</Filter>
    </ClInclude>
    <ClInclude Include="Source\System\Base64\base64.h">
      <Filter>System\Base64</Filter>
    </ClInclude>
    <ClInclude Include="Source\System\AllegroTools.h">
      <Filter>System</Filter>
    </ClInclude>
    <ClInclude Include="Source\Managers\ThreadMan.h">
      <Filter>Managers</Filter>
    </ClInclude>
    <ClInclude Include="Source\Entities\DynamicSong.h" />
    <ClInclude Include="Source\Renderer\Draw.h">
      <Filter>Renderer</Filter>
    </ClInclude>
    <ClInclude Include="Source\Renderer\RenderTarget.h">
      <Filter>Renderer</Filter>
    </ClInclude>
    <ClInclude Include="Source\Renderer\Shader.h">
      <Filter>Renderer</Filter>
    </ClInclude>
    <ClInclude Include="Source\Renderer\BigTexture.h">
      <Filter>Renderer</Filter>
    </ClInclude>
    <ClInclude Include="Source\Managers\GLResourceMan.h">
      <Filter>Managers</Filter>
    </ClInclude>
    <ClInclude Include="Source\Renderer\raylib\rlutils.h">
      <Filter>Renderer\raylib</Filter>
    </ClInclude>
    <ClInclude Include="Source\Renderer\raylib\rlutil.h" />
    <ClInclude Include="Source\GUI\imgui\imgui_internal.h" />
    <ClInclude Include="Source\GUI\imgui\imstb_rectpack.h" />
    <ClInclude Include="Source\GUI\imgui\imstb_textedit.h" />
    <ClInclude Include="Source\GUI\imgui\imstd_truetype.h" />
    <ClInclude Include="Source\GUI\imgui\backends\imgui_impl_opengl3_loader.h" />
    <ClInclude Include="Source\Menus\SaveLoadMenuGUI.h">
      <Filter>Menus</Filter>
    </ClInclude>
    <ClInclude Include="Source\Managers\MusicMan.h">
      <Filter>Managers</Filter>
    </ClInclude>
  </ItemGroup>
  <ItemGroup>
    <ClCompile Include="Source\System\Box.cpp">
      <Filter>System</Filter>
    </ClCompile>
    <ClCompile Include="Source\System\Color.cpp">
      <Filter>System</Filter>
    </ClCompile>
    <ClCompile Include="Source\System\ContentFile.cpp">
      <Filter>System</Filter>
    </ClCompile>
    <ClCompile Include="Source\System\DataModule.cpp">
      <Filter>System</Filter>
    </ClCompile>
    <ClCompile Include="Source\System\Matrix.cpp">
      <Filter>System</Filter>
    </ClCompile>
    <ClCompile Include="Source\Network\NetA7Journal.cpp">
      <Filter>Network</Filter>
    </ClCompile>
    <ClCompile Include="Source\Network\SimChecksum.cpp">
      <Filter>Network</Filter>
    </ClCompile>
    <ClCompile Include="Source\Network\ControllerFrame.cpp">
      <Filter>Network</Filter>
    </ClCompile>
    <ClCompile Include="Source\Network\ControllerLog.cpp">
      <Filter>Network</Filter>
    </ClCompile>
    <ClCompile Include="Source\Network\GnsTransport.cpp">
      <Filter>Network</Filter>
    </ClCompile>
    <ClCompile Include="Source\Network\LoopbackTransport.cpp">
      <Filter>Network</Filter>
    </ClCompile>
    <ClCompile Include="Source\Network\NetActorOwnership.cpp">
      <Filter>Network</Filter>
    </ClCompile>
    <ClCompile Include="Source\Network\NetIdentity.cpp">
      <Filter>Network</Filter>
    </ClCompile>
    <ClCompile Include="Source\Network\NetIdentitySelfTest.cpp">
      <Filter>Network</Filter>
    </ClCompile>
    <ClCompile Include="Source\Network\NetAdmissionSelfTest.cpp">
      <Filter>Network</Filter>
    </ClCompile>
    <ClCompile Include="Source\Network\NetAuthCrypto.cpp">
      <Filter>Network</Filter>
    </ClCompile>
    <ClCompile Include="Source\Network\NetSeatAuth.cpp">
      <Filter>Network</Filter>
    </ClCompile>
    <ClCompile Include="Source\Network\NetReconnectAdmission.cpp">
      <Filter>Network</Filter>
    </ClCompile>
    <ClCompile Include="Source\Network\NetReconnectLedger.cpp">
      <Filter>Network</Filter>
    </ClCompile>
    <ClCompile Include="Source\Network\NetReconnectSession.cpp">
      <Filter>Network</Filter>
    </ClCompile>
    <ClCompile Include="Source\Network\NetReconnectSessionSelfTest.cpp">
      <Filter>Network</Filter>
    </ClCompile>
    <ClCompile Include="Source\Network\NetReconnectTicketStore.cpp">
      <Filter>Network</Filter>
    </ClCompile>
    <ClCompile Include="Source\Network\NetReconnectUx.cpp">
      <Filter>Network</Filter>
    </ClCompile>
    <ClCompile Include="Source\Network\NetReconnectSelfTest.cpp">
      <Filter>Network</Filter>
    </ClCompile>
    <ClCompile Include="Source\Network\NetReconnectTranscript.cpp">
      <Filter>Network</Filter>
    </ClCompile>
    <ClCompile Include="Source\Network\NetReconnectTxCache.cpp">
      <Filter>Network</Filter>
    </ClCompile>
    <ClCompile Include="Source\Network\NetAuthSelfTest.cpp">
      <Filter>Network</Filter>
    </ClCompile>
    <ClCompile Include="Source\Network\NetLobbyProtocol.cpp">
      <Filter>Network</Filter>
    </ClCompile>
    <ClCompile Include="Source\Network\NetLobbySession.cpp">
      <Filter>Network</Filter>
    </ClCompile>
    <ClCompile Include="Source\Network\NetGameCommand.cpp">
      <Filter>Network</Filter>
    </ClCompile>
    <ClCompile Include="Source\Network\NetResyncState.cpp">
      <Filter>Network</Filter>
    </ClCompile>
    <ClCompile Include="Source\Network\NetResyncSelfTest.cpp">
      <Filter>Network</Filter>
    </ClCompile>
    <ClCompile Include="Source\Network\NetResyncRuntimeSelfTest.cpp">
      <Filter>Network</Filter>
    </ClCompile>
    <ClCompile Include="Source\Network\NetLockstep.cpp">
      <Filter>Network</Filter>
    </ClCompile>
    <ClCompile Include="Source\Network\NetLockstepSelfTest.cpp">
      <Filter>Network</Filter>
    </ClCompile>
    <ClCompile Include="Source\Network\NetMatchConfig.cpp">
      <Filter>Network</Filter>
    </ClCompile>
    <ClCompile Include="Source\Network\NetMatchRunner.cpp">
      <Filter>Network</Filter>
    </ClCompile>
    <ClCompile Include="Source\Network\NetMatchService.cpp">
      <Filter>Network</Filter>
    </ClCompile>
    <ClCompile Include="Source\Network\NetMatchSelfTest.cpp">
      <Filter>Network</Filter>
    </ClCompile>
    <ClCompile Include="Source\Network\NetProtocol.cpp">
      <Filter>Network</Filter>
    </ClCompile>
    <ClCompile Include="Source\Network\NetProtocolSelfTest.cpp">
      <Filter>Network</Filter>
    </ClCompile>
    <ClCompile Include="Source\Network\NetSession.cpp">
      <Filter>Network</Filter>
    </ClCompile>
    <ClCompile Include="Source\Network\NetSessionSelfTest.cpp">
      <Filter>Network</Filter>
    </ClCompile>
    <ClCompile Include="Source\System\PathFinder.cpp">
      <Filter>System</Filter>
    </ClCompile>
    <ClCompile Include="Source\System\Reader.cpp">
      <Filter>System</Filter>
    </ClCompile>
    <ClCompile Include="Source\System\System.cpp">
      <Filter>System</Filter>
    </ClCompile>
    <ClCompile Include="Source\System\Timer.cpp">
      <Filter>System</Filter>
    </ClCompile>
    <ClCompile Include="Source\System\Vector.cpp">
      <Filter>System</Filter>
    </ClCompile>
    <ClCompile Include="Source\System\Writer.cpp">
      <Filter>System</Filter>
    </ClCompile>
    <ClCompile Include="Source\System\MicroPather\micropather.cpp">
      <Filter>System\MicroPather</Filter>
    </ClCompile>
    <ClCompile Include="Source\Managers\AchievementMan.cpp">
      <Filter>Managers</Filter>
    </ClCompile>
    <ClCompile Include="Source\Managers\ActivityMan.cpp">
      <Filter>Managers</Filter>
    </ClCompile>
    <ClCompile Include="Source\Managers\AudioMan.cpp">
      <Filter>Managers</Filter>
    </ClCompile>
    <ClCompile Include="Source\Managers\ConsoleMan.cpp">
      <Filter>Managers</Filter>
    </ClCompile>
    <ClCompile Include="Source\Managers\FrameMan.cpp">
      <Filter>Managers</Filter>
    </ClCompile>
    <ClCompile Include="Source\Managers\LuaMan.cpp">
      <Filter>Managers</Filter>
    </ClCompile>
    <ClCompile Include="Source\Managers\LuaThreadCodec.cpp">
      <Filter>Managers</Filter>
    </ClCompile>
    <ClCompile Include="Source\Managers\MetaMan.cpp">
      <Filter>Managers</Filter>
    </ClCompile>
    <ClCompile Include="Source\Managers\MovableMan.cpp">
      <Filter>Managers</Filter>
    </ClCompile>
    <ClCompile Include="Source\Managers\LocalPrediction.cpp">
      <Filter>Managers</Filter>
    </ClCompile>
    <ClCompile Include="Source\Managers\TerrainLayerSnapshot.cpp">
      <Filter>Managers</Filter>
    </ClCompile>
    <ClCompile Include="Source\Managers\PresetMan.cpp">
      <Filter>Managers</Filter>
    </ClCompile>
    <ClCompile Include="Source\Managers\SceneMan.cpp">
      <Filter>Managers</Filter>
    </ClCompile>
    <ClCompile Include="Source\Managers\SettingsMan.cpp">
      <Filter>Managers</Filter>
    </ClCompile>
    <ClCompile Include="Source\Managers\TimerMan.cpp">
      <Filter>Managers</Filter>
    </ClCompile>
    <ClCompile Include="Source\Managers\UInputMan.cpp">
      <Filter>Managers</Filter>
    </ClCompile>
    <ClCompile Include="Source\GUI\GUIBanner.cpp">
      <Filter>GUI</Filter>
    </ClCompile>
    <ClCompile Include="Source\GUI\GUIButton.cpp">
      <Filter>GUI</Filter>
    </ClCompile>
    <ClCompile Include="Source\GUI\GUICheckbox.cpp">
      <Filter>GUI</Filter>
    </ClCompile>
    <ClCompile Include="Source\GUI\GUICollectionBox.cpp">
      <Filter>GUI</Filter>
    </ClCompile>
    <ClCompile Include="Source\GUI\GUIComboBox.cpp">
      <Filter>GUI</Filter>
    </ClCompile>
    <ClCompile Include="Source\GUI\GUIControl.cpp">
      <Filter>GUI</Filter>
    </ClCompile>
    <ClCompile Include="Source\GUI\GUIControlFactory.cpp">
      <Filter>GUI</Filter>
    </ClCompile>
    <ClCompile Include="Source\GUI\GUIControlManager.cpp">
      <Filter>GUI</Filter>
    </ClCompile>
    <ClCompile Include="Source\GUI\GUIEvent.cpp">
      <Filter>GUI</Filter>
    </ClCompile>
    <ClCompile Include="Source\GUI\GUIFont.cpp">
      <Filter>GUI</Filter>
    </ClCompile>
    <ClCompile Include="Source\GUI\GUIInput.cpp">
      <Filter>GUI</Filter>
    </ClCompile>
    <ClCompile Include="Source\GUI\GUILabel.cpp">
      <Filter>GUI</Filter>
    </ClCompile>
    <ClCompile Include="Source\GUI\GUIListBox.cpp">
      <Filter>GUI</Filter>
    </ClCompile>
    <ClCompile Include="Source\GUI\GUIListPanel.cpp">
      <Filter>GUI</Filter>
    </ClCompile>
    <ClCompile Include="Source\GUI\GUIManager.cpp">
      <Filter>GUI</Filter>
    </ClCompile>
    <ClCompile Include="Source\GUI\GUIPanel.cpp">
      <Filter>GUI</Filter>
    </ClCompile>
    <ClCompile Include="Source\GUI\GUIProgressBar.cpp">
      <Filter>GUI</Filter>
    </ClCompile>
    <ClCompile Include="Source\GUI\GUIProperties.cpp">
      <Filter>GUI</Filter>
    </ClCompile>
    <ClCompile Include="Source\GUI\GUIPropertyPage.cpp">
      <Filter>GUI</Filter>
    </ClCompile>
    <ClCompile Include="Source\GUI\GUIRadioButton.cpp">
      <Filter>GUI</Filter>
    </ClCompile>
    <ClCompile Include="Source\GUI\GUIScrollbar.cpp">
      <Filter>GUI</Filter>
    </ClCompile>
    <ClCompile Include="Source\GUI\GUIScrollPanel.cpp">
      <Filter>GUI</Filter>
    </ClCompile>
    <ClCompile Include="Source\GUI\GUISkin.cpp">
      <Filter>GUI</Filter>
    </ClCompile>
    <ClCompile Include="Source\GUI\GUISlider.cpp">
      <Filter>GUI</Filter>
    </ClCompile>
    <ClCompile Include="Source\GUI\GUITab.cpp">
      <Filter>GUI</Filter>
    </ClCompile>
    <ClCompile Include="Source\GUI\GUITextBox.cpp">
      <Filter>GUI</Filter>
    </ClCompile>
    <ClCompile Include="Source\GUI\GUITextPanel.cpp">
      <Filter>GUI</Filter>
    </ClCompile>
    <ClCompile Include="Source\GUI\GUIUtil.cpp">
      <Filter>GUI</Filter>
    </ClCompile>
    <ClCompile Include="Source\GUI\imgui\imgui.cpp">
      <Filter>GUI\imgui</Filter>
    </ClCompile>
    <ClCompile Include="Source\GUI\imgui\imgui_demo.cpp">
      <Filter>GUI\imgui</Filter>
    </ClCompile>
    <ClCompile Include="Source\GUI\imgui\imgui_draw.cpp">
      <Filter>GUI\imgui</Filter>
    </ClCompile>
    <ClCompile Include="Source\GUI\imgui\imgui_tables.cpp">
      <Filter>GUI\imgui</Filter>
    </ClCompile>
    <ClCompile Include="Source\GUI\imgui\imgui_widgets.cpp">
      <Filter>GUI\imgui</Filter>
    </ClCompile>
    <ClCompile Include="Source\GUI\imgui\backends\imgui_impl_sdl3.cpp">
      <Filter>GUI\imgui\backends</Filter>
    </ClCompile>
    <ClCompile Include="Source\GUI\imgui\backends\imgui_impl_opengl3.cpp">
      <Filter>GUI\imgui\backends</Filter>
    </ClCompile>
    <ClCompile Include="Source\Entities\ACDropShip.cpp">
      <Filter>Entities</Filter>
    </ClCompile>
    <ClCompile Include="Source\Entities\ACrab.cpp">
      <Filter>Entities</Filter>
    </ClCompile>
    <ClCompile Include="Source\Entities\ACraft.cpp">
      <Filter>Entities</Filter>
    </ClCompile>
    <ClCompile Include="Source\Entities\ACRocket.cpp">
      <Filter>Entities</Filter>
    </ClCompile>
    <ClCompile Include="Source\Entities\Actor.cpp">
      <Filter>Entities</Filter>
    </ClCompile>
    <ClCompile Include="Source\Entities\ADoor.cpp">
      <Filter>Entities</Filter>
    </ClCompile>
    <ClCompile Include="Source\Entities\AEmitter.cpp">
      <Filter>Entities</Filter>
    </ClCompile>
    <ClCompile Include="Source\Entities\AHuman.cpp">
      <Filter>Entities</Filter>
    </ClCompile>
    <ClCompile Include="Source\Entities\Arm.cpp">
      <Filter>Entities</Filter>
    </ClCompile>
    <ClCompile Include="Source\Entities\AtomGroup.cpp">
      <Filter>Entities</Filter>
    </ClCompile>
    <ClCompile Include="Source\Entities\Attachable.cpp">
      <Filter>Entities</Filter>
    </ClCompile>
    <ClCompile Include="Source\Entities\BunkerAssembly.cpp">
      <Filter>Entities</Filter>
    </ClCompile>
    <ClCompile Include="Source\Entities\BunkerAssemblyScheme.cpp">
      <Filter>Entities</Filter>
    </ClCompile>
    <ClCompile Include="Source\Entities\Deployment.cpp">
      <Filter>Entities</Filter>
    </ClCompile>
    <ClCompile Include="Source\Entities\GlobalScript.cpp">
      <Filter>Entities</Filter>
    </ClCompile>
    <ClCompile Include="Source\Entities\HDFirearm.cpp">
      <Filter>Entities</Filter>
    </ClCompile>
    <ClCompile Include="Source\Entities\HeldDevice.cpp">
      <Filter>Entities</Filter>
    </ClCompile>
    <ClCompile Include="Source\Entities\Icon.cpp">
      <Filter>Entities</Filter>
    </ClCompile>
    <ClCompile Include="Source\Entities\Leg.cpp">
      <Filter>Entities</Filter>
    </ClCompile>
    <ClCompile Include="Source\Entities\LimbPath.cpp">
      <Filter>Entities</Filter>
    </ClCompile>
    <ClCompile Include="Source\Entities\Loadout.cpp">
      <Filter>Entities</Filter>
    </ClCompile>
    <ClCompile Include="Source\Entities\Magazine.cpp">
      <Filter>Entities</Filter>
    </ClCompile>
    <ClCompile Include="Source\Entities\Material.cpp">
      <Filter>Entities</Filter>
    </ClCompile>
    <ClCompile Include="Source\Entities\MetaPlayer.cpp">
      <Filter>Entities</Filter>
    </ClCompile>
    <ClCompile Include="Source\Entities\MOPixel.cpp">
      <Filter>Entities</Filter>
    </ClCompile>
    <ClCompile Include="Source\Entities\MOSParticle.cpp">
      <Filter>Entities</Filter>
    </ClCompile>
    <ClCompile Include="Source\Entities\MOSprite.cpp">
      <Filter>Entities</Filter>
    </ClCompile>
    <ClCompile Include="Source\Entities\MOSRotating.cpp">
      <Filter>Entities</Filter>
    </ClCompile>
    <ClCompile Include="Source\Entities\MovableObject.cpp">
      <Filter>Entities</Filter>
    </ClCompile>
    <ClCompile Include="Source\Entities\Scene.cpp">
      <Filter>Entities</Filter>
    </ClCompile>
    <ClCompile Include="Source\Entities\SceneLayer.cpp">
      <Filter>Entities</Filter>
    </ClCompile>
    <ClCompile Include="Source\Entities\SceneObject.cpp">
      <Filter>Entities</Filter>
    </ClCompile>
    <ClCompile Include="Source\Entities\SLTerrain.cpp">
      <Filter>Entities</Filter>
    </ClCompile>
    <ClCompile Include="Source\Entities\TDExplosive.cpp">
      <Filter>Entities</Filter>
    </ClCompile>
    <ClCompile Include="Source\Entities\TerrainDebris.cpp">
      <Filter>Entities</Filter>
    </ClCompile>
    <ClCompile Include="Source\Entities\TerrainObject.cpp">
      <Filter>Entities</Filter>
    </ClCompile>
    <ClCompile Include="Source\Entities\ThrownDevice.cpp">
      <Filter>Entities</Filter>
    </ClCompile>
    <ClCompile Include="Source\Entities\Turret.cpp">
      <Filter>Entities</Filter>
    </ClCompile>
    <ClCompile Include="Source\Activities\ActorEditor.cpp">
      <Filter>Activities</Filter>
    </ClCompile>
    <ClCompile Include="Source\Activities\AreaEditor.cpp">
      <Filter>Activities</Filter>
    </ClCompile>
    <ClCompile Include="Source\Activities\AssemblyEditor.cpp">
      <Filter>Activities</Filter>
    </ClCompile>
    <ClCompile Include="Source\Activities\BaseEditor.cpp">
      <Filter>Activities</Filter>
    </ClCompile>
    <ClCompile Include="Source\Activities\EditorActivity.cpp">
      <Filter>Activities</Filter>
    </ClCompile>
    <ClCompile Include="Source\Activities\GameActivity.cpp">
      <Filter>Activities</Filter>
    </ClCompile>
    <ClCompile Include="Source\Activities\GAScripted.cpp">
      <Filter>Activities</Filter>
    </ClCompile>
    <ClCompile Include="Source\Activities\GATutorial.cpp">
      <Filter>Activities</Filter>
    </ClCompile>
    <ClCompile Include="Source\Activities\GibEditor.cpp">
      <Filter>Activities</Filter>
    </ClCompile>
    <ClCompile Include="Source\Activities\SceneEditor.cpp">
      <Filter>Activities</Filter>
    </ClCompile>
    <ClCompile Include="Source\Menus\AreaEditorGUI.cpp">
      <Filter>Menus</Filter>
    </ClCompile>
    <ClCompile Include="Source\Menus\AreaPickerGUI.cpp">
      <Filter>Menus</Filter>
    </ClCompile>
    <ClCompile Include="Source\Menus\AssemblyEditorGUI.cpp">
      <Filter>Menus</Filter>
    </ClCompile>
    <ClCompile Include="Source\Menus\BuyMenuGUI.cpp">
      <Filter>Menus</Filter>
    </ClCompile>
    <ClCompile Include="Source\Menus\GibEditorGUI.cpp">
      <Filter>Menus</Filter>
    </ClCompile>
    <ClCompile Include="Source\Menus\MainMenuGUI.cpp">
      <Filter>Menus</Filter>
    </ClCompile>
    <ClCompile Include="Source\Menus\NetModerationGUI.cpp">
      <Filter>Menus</Filter>
    </ClCompile>
    <ClCompile Include="Source\CI\NetModerationGUIProbe.cpp">
      <Filter>System</Filter>
    </ClCompile>
    <ClCompile Include="Source\Menus\MetagameGUI.cpp">
      <Filter>Menus</Filter>
    </ClCompile>
    <ClCompile Include="Source\Menus\ObjectPickerGUI.cpp">
      <Filter>Menus</Filter>
    </ClCompile>
    <ClCompile Include="Source\Entities\PieMenu.cpp">
      <Filter>Entities</Filter>
    </ClCompile>
    <ClCompile Include="Source\Menus\ScenarioGUI.cpp">
      <Filter>Menus</Filter>
    </ClCompile>
    <ClCompile Include="Source\Menus\SceneEditorGUI.cpp">
      <Filter>Menus</Filter>
    </ClCompile>
    <ClCompile Include="Source\Main.cpp" />
    <ClCompile Include="Source\Entities\Emission.cpp">
      <Filter>Entities</Filter>
    </ClCompile>
    <ClCompile Include="Source\Entities\PEmitter.cpp">
      <Filter>Entities</Filter>
    </ClCompile>
    <ClCompile Include="Source\System\StandardIncludes.cpp">
      <Filter>System</Filter>
    </ClCompile>
    <ClCompile Include="Source\GUI\GUISound.cpp">
      <Filter>GUI</Filter>
    </ClCompile>
    <ClCompile Include="Source\System\RTETools.cpp">
      <Filter>System</Filter>
    </ClCompile>
    <ClCompile Include="Source\System\RTEError.cpp">
      <Filter>System</Filter>
    </ClCompile>
    <ClCompile Include="Source\System\Controller.cpp">
      <Filter>System</Filter>
    </ClCompile>
    <ClCompile Include="Source\System\Entity.cpp">
      <Filter>System</Filter>
    </ClCompile>
    <ClCompile Include="Source\Managers\PerformanceMan.cpp">
      <Filter>Managers</Filter>
    </ClCompile>
    <ClCompile Include="Source\Managers\PrimitiveMan.cpp">
      <Filter>Managers</Filter>
    </ClCompile>
    <ClCompile Include="Source\Managers\PostProcessMan.cpp">
      <Filter>Managers</Filter>
    </ClCompile>
    <ClCompile Include="Source\Entities\SoundContainer.cpp">
      <Filter>Entities</Filter>
    </ClCompile>
    <ClCompile Include="Source\Entities\SoundSet.cpp">
      <Filter>Entities</Filter>
    </ClCompile>
    <ClCompile Include="Source\System\Atom.cpp">
      <Filter>System</Filter>
    </ClCompile>
    <ClCompile Include="Source\Entities\ADSensor.cpp">
      <Filter>Entities</Filter>
    </ClCompile>
    <ClCompile Include="Source\Entities\Gib.cpp">
      <Filter>Entities</Filter>
    </ClCompile>
    <ClCompile Include="Source\Entities\Round.cpp">
      <Filter>Entities</Filter>
    </ClCompile>
    <ClCompile Include="Source\System\InputScheme.cpp">
      <Filter>System</Filter>
    </ClCompile>
    <ClCompile Include="Source\System\InputMapping.cpp">
      <Filter>System</Filter>
    </ClCompile>
    <ClCompile Include="Source\Entities\MetaSave.cpp">
      <Filter>Entities</Filter>
    </ClCompile>
    <ClCompile Include="Source\Entities\Activity.cpp">
      <Filter>Entities</Filter>
    </ClCompile>
    <ClCompile Include="Source\Renderer\GraphicalPrimitive.cpp">
      <Filter>Renderer</Filter>
    </ClCompile>
    <ClCompile Include="Source\Menus\TitleScreen.cpp">
      <Filter>Menus</Filter>
    </ClCompile>
    <ClCompile Include="Source\Managers\MenuMan.cpp">
      <Filter>Managers</Filter>
    </ClCompile>
    <ClCompile Include="Source\Menus\LoadingScreen.cpp">
      <Filter>Menus</Filter>
    </ClCompile>
    <ClCompile Include="Source\Menus\ModManagerGUI.cpp">
      <Filter>Menus</Filter>
    </ClCompile>
    <ClCompile Include="Source\Menus\SettingsGUI.cpp">
      <Filter>Menus</Filter>
    </ClCompile>
    <ClCompile Include="Source\Menus\SettingsAudioGUI.cpp">
      <Filter>Menus</Filter>
    </ClCompile>
    <ClCompile Include="Source\Menus\SettingsVideoGUI.cpp">
      <Filter>Menus</Filter>
    </ClCompile>
    <ClCompile Include="Source\Menus\SettingsInputGUI.cpp">
      <Filter>Menus</Filter>
    </ClCompile>
    <ClCompile Include="Source\Menus\SettingsGameplayGUI.cpp">
      <Filter>Menus</Filter>
    </ClCompile>
    <ClCompile Include="Source\Menus\SettingsMiscGUI.cpp">
      <Filter>Menus</Filter>
    </ClCompile>
    <ClCompile Include="Source\Menus\SettingsInputMappingGUI.cpp">
      <Filter>Menus</Filter>
    </ClCompile>
    <ClCompile Include="Source\Menus\SettingsInputMappingWizardGUI.cpp">
      <Filter>Menus</Filter>
    </ClCompile>
    <ClCompile Include="Source\Menus\ScenarioActivityConfigGUI.cpp">
      <Filter>Menus</Filter>
    </ClCompile>
    <ClCompile Include="Source\Entities\PieSlice.cpp">
      <Filter>Entities</Filter>
    </ClCompile>
    <ClCompile Include="Source\Menus\InventoryMenuGUI.cpp">
      <Filter>Menus</Filter>
    </ClCompile>
    <ClCompile Include="Source\System\Serializable.cpp">
      <Filter>System</Filter>
    </ClCompile>
    <ClCompile Include="Source\GUI\GUIReader.cpp">
      <Filter>GUI</Filter>
    </ClCompile>
    <ClCompile Include="Source\GUI\GUIWriter.cpp">
      <Filter>GUI</Filter>
    </ClCompile>
    <ClCompile Include="Source\Lua\LuabindObjectWrapper.cpp">
      <Filter>Lua</Filter>
    </ClCompile>
    <ClCompile Include="Source\Lua\LuaBindingsMisc.cpp">
      <Filter>Lua</Filter>
    </ClCompile>
    <ClCompile Include="Source\Lua\LuaBindingsInput.cpp">
      <Filter>Lua</Filter>
    </ClCompile>
    <ClCompile Include="Source\Lua\LuaBindingsActivities.cpp">
      <Filter>Lua</Filter>
    </ClCompile>
    <ClCompile Include="Source\Lua\LuaBindingsEntities.cpp">
      <Filter>Lua</Filter>
    </ClCompile>
    <ClCompile Include="Source\Lua\LuaBindingsGUI.cpp">
      <Filter>Lua</Filter>
    </ClCompile>
    <ClCompile Include="Source\Lua\LuaBindingsManagers.cpp">
      <Filter>Lua</Filter>
    </ClCompile>
    <ClCompile Include="Source\Lua\LuaBindingsSystem.cpp">
      <Filter>Lua</Filter>
    </ClCompile>
    <ClCompile Include="Source\Entities\TerrainFrosting.cpp">
      <Filter>Entities</Filter>
    </ClCompile>
    <ClCompile Include="Source\Entities\SLBackground.cpp">
      <Filter>Entities</Filter>
    </ClCompile>
    <ClCompile Include="Source\System\PieQuadrant.cpp">
      <Filter>System</Filter>
    </ClCompile>
    <ClCompile Include="Source\Managers\CameraMan.cpp">
      <Filter>Managers</Filter>
    </ClCompile>
    <ClCompile Include="Source\Lua\LuaBindingsPrimitives.cpp">
      <Filter>Lua</Filter>
    </ClCompile>
    <ClCompile Include="Source\Lua\LuaAdapters.cpp">
      <Filter>Lua</Filter>
    </ClCompile>
    <ClCompile Include="Source\System\GenericSavedData.cpp">
      <Filter>System</Filter>
    </ClCompile>
    <ClCompile Include="Source\System\SpatialPartitionGrid.cpp">
      <Filter>System</Filter>
    </ClCompile>
    <ClCompile Include="Source\GUI\Wrappers\GUIInputWrapper.cpp">
      <Filter>GUI\Wrappers</Filter>
    </ClCompile>
    <ClCompile Include="Source\GUI\Wrappers\AllegroScreen.cpp">
      <Filter>GUI\Wrappers</Filter>
    </ClCompile>
    <ClCompile Include="Source\GUI\Wrappers\AllegroBitmap.cpp">
      <Filter>GUI\Wrappers</Filter>
    </ClCompile>
    <ClCompile Include="Source\Managers\WindowMan.cpp">
      <Filter>Managers</Filter>
    </ClCompile>
    <ClCompile Include="Source\Menus\PauseMenuGUI.cpp">
      <Filter>Menus</Filter>
    </ClCompile>
    <ClCompile Include="Source\System\Semver200\Semver200_comparator.cpp">
      <Filter>System\Semver200</Filter>
    </ClCompile>
    <ClCompile Include="Source\System\Semver200\Semver200_modifier.cpp">
      <Filter>System\Semver200</Filter>
    </ClCompile>
    <ClCompile Include="Source\System\Semver200\Semver200_parser.cpp">
      <Filter>System\Semver200</Filter>
    </ClCompile>
    <ClCompile Include="Source\Renderer\glad\gl.c">
      <Filter>Renderer\glad</Filter>
    </ClCompile>
    <ClCompile Include="Source\Renderer\GLCheck.cpp">
      <Filter>System</Filter>
    </ClCompile>
    <ClCompile Include="external\sources\tracy\public\TracyClient.cpp">
      <Filter>external\tracy</Filter>
    </ClCompile>
    <ClCompile Include="Source\Entities\AEJetpack.cpp">
      <Filter>Entities</Filter>
    </ClCompile>
    <ClCompile Include="Source\System\Base64\base64.cpp">
      <Filter>System\Base64</Filter>
    </ClCompile>
    <ClCompile Include="Source\System\AllegroTools.cpp">
      <Filter>System</Filter>
    </ClCompile>
    <ClCompile Include="Source\Managers\ThreadMan.cpp">
      <Filter>Managers</Filter>
    </ClCompile>
    <ClCompile Include="Source\Renderer\RenderTarget.cpp">
      <Filter>Renderer</Filter>
    </ClCompile>
    <ClCompile Include="Source\Renderer\Shader.cpp">
      <Filter>Renderer</Filter>
    </ClCompile>
    <ClCompile Include="Source\Renderer\Draw.cpp">
      <Filter>Renderer</Filter>
    </ClCompile>
    <ClCompile Include="Source\Renderer\BigTexture.cpp">
      <Filter>Renderer</Filter>
    </ClCompile>
    <ClCompile Include="Source\Managers\GLResourceMan.cpp">
      <Filter>Managers</Filter>
    </ClCompile>
    <ClCompile Include="Source\Renderer\raylib\rlgl.c">
      <Filter>Renderer\raylib</Filter>
    </ClCompile>
    <ClCompile Include="Source\Renderer\raylib\rlutils.c">
      <Filter>Renderer\raylib</Filter>
    </ClCompile>
    <ClCompile Include="Source\Renderer\raylib\rshapes.c">
      <Filter>Renderer\raylib</Filter>
    </ClCompile>
    <ClCompile Include="Source\Renderer\raylib\rtextures.c">
      <Filter>Renderer\raylib</Filter>
    </ClCompile>
    <ClCompile Include="Source\Menus\SaveLoadMenuGUI.cpp">
      <Filter>Menus</Filter>
    </ClCompile>
    <ClCompile Include="Source\Managers\MusicMan.cpp">
      <Filter>Managers</Filter>
    </ClCompile>
    <ClCompile Include="Source\Entities\DynamicSong.cpp">
      <Filter>Entities</Filter>
    </ClCompile>
  </ItemGroup>
  <ItemGroup>
    <ClInclude Include="external\sources\nlohmann_json-3.12.0\nlohmann\json.hpp">
      <Filter>external\nlohmann_json</Filter>
    </ClInclude>
  </ItemGroup>
  <ItemGroup>
    <Image Include="Resources\ccicon.ico">
      <Filter>Resources</Filter>
    </Image>
  </ItemGroup>
  <ItemGroup>
    <ResourceCompile Include="Resources\RTEA.rc">
      <Filter>Resources</Filter>
    </ResourceCompile>
  </ItemGroup>
  <ItemGroup>
    <None Include="cpp.hint" />
    <None Include="Source\System\Semver200\version.inl">
      <Filter>System\Semver200</Filter>
    </None>
  </ItemGroup>
</Project>

2026-09-11T05:11:49.198859+00:00 cwd=D:\Projects\takeover-fixes
git show HEAD:Source/Network/meson.build
exit=0
--- stdout ---
sources += files(
'ControllerFrame.cpp',
'ControllerLog.cpp',
'GnsTransport.cpp',
'LoopbackTransport.cpp',
'NetActorOwnership.cpp',
'NetA7Journal.cpp',
'NetAdmissionSelfTest.cpp',
'NetAuthCrypto.cpp',
'NetAuthSelfTest.cpp',
'NetGameCommand.cpp',
'NetResyncState.cpp',
'NetResyncSelfTest.cpp',
'NetResyncRuntimeSelfTest.cpp',
'NetIdentity.cpp',
'NetIdentitySelfTest.cpp',
'NetLanDiscovery.cpp',
'NetLobbyProtocol.cpp',
'NetLobbySession.cpp',
'NetLockstep.cpp',
'NetLockstepSelfTest.cpp',
'NetMatchConfig.cpp',
'NetMatchReplay.cpp',
'NetMatchRunner.cpp',
'NetMatchService.cpp',
'NetMatchSelfTest.cpp',
'NetProtocol.cpp',
'NetProtocolSelfTest.cpp',
'NetReconnectAdmission.cpp',
'NetReconnectLedger.cpp',
'NetReconnectSession.cpp',
'NetReconnectSessionSelfTest.cpp',
'NetReconnectTicketStore.cpp',
'NetReconnectUx.cpp',
'NetReconnectSelfTest.cpp',
'NetReconnectTranscript.cpp',
'NetReconnectTxCache.cpp',
'NetSeatAuth.cpp',
'NetSession.cpp',
'NetSessionSelfTest.cpp',
'SimChecksum.cpp',
)

2026-09-11T05:11:49.325496+00:00 cwd=D:\Projects\takeover-fixes
git status --porcelain
exit=0
--- stdout ---
 M "external/sources/allegro 4.4.3.1-custom/_Bin/allegro-release.lib"
 M external/sources/luabind-0.7.1/_Bin/luabind-release.lib

